Command line
python /home/maria/anaconda3/envs/crem_ml/lib/python3.7/site-packages/ipykernel_launcher.py -f /home/maria/.local/share/jupyter/runtime/kernel-36e411c2-b361-467e-8e06-666ea8cc6895.json
Args
{'activation': 'ReLU',
 'adding_h': False,
 'aggregation': 'mean',
 'aggregation_norm': 100,
 'atom_descriptor_scaling': True,
 'atom_descriptors': None,
 'atom_descriptors_path': None,
 'atom_descriptors_size': 0,
 'atom_features_size': 0,
 'atom_messages': False,
 'batch_size': 50,
 'bias': False,
 'bias_solvent': False,
 'bond_feature_scaling': True,
 'bond_features_path': None,
 'bond_features_size': 0,
 'cache_cutoff': 10000,
 'checkpoint_dir': None,
 'checkpoint_frzn': None,
 'checkpoint_path': None,
 'checkpoint_paths': None,
 'class_balance': False,
 'config_path': None,
 'crossval_index_dir': None,
 'crossval_index_file': None,
 'crossval_index_sets': None,
 'cuda': False,
 'data_path': './files_histamineh1_write_sdfs/chembl_231_filtered_cet.sdf_std.smi',
 'data_weights_path': None,
 'dataset_type': 'regression',
 'depth': 3,
 'depth_solvent': 3,
 'device': device(type='cpu'),
 'dropout': 0.0,
 'empty_cache': False,
 'ensemble_size': 1,
 'epochs': 30,
 'evidential_regularization': 0,
 'explicit_h': False,
 'extra_metrics': [],
 'features_generator': None,
 'features_only': False,
 'features_path': None,
 'features_scaling': True,
 'features_size': None,
 'ffn_hidden_size': 300,
 'ffn_num_layers': 2,
 'final_lr': 0.0001,
 'folds_file': None,
 'freeze_first_only': False,
 'frzn_ffn_layers': 0,
 'gpu': None,
 'grad_clip': None,
 'hidden_size': 300,
 'hidden_size_solvent': 300,
 'ignore_columns': None,
 'init_lr': 0.0001,
 'log_frequency': 10,
 'loss_function': 'mse',
 'max_data_size': None,
 'max_lr': 0.001,
 'metric': 'r2',
 'metrics': ['r2'],
 'minimize_score': False,
 'mpn_shared': False,
 'multiclass_num_classes': 3,
 'no_atom_descriptor_scaling': False,
 'no_bond_features_scaling': False,
 'no_cache_mol': False,
 'no_cuda': False,
 'no_features_scaling': False,
 'num_folds': 5,
 'num_lrs': 1,
 'num_tasks': 1,
 'num_workers': 8,
 'number_of_molecules': 1,
 'overwrite_default_atom_features': False,
 'overwrite_default_bond_features': False,
 'phase_features_path': None,
 'pytorch_seed': 0,
 'quiet': False,
 'reaction': False,
 'reaction_mode': 'reac_diff',
 'reaction_solvent': False,
 'resume_experiment': False,
 'save_dir': '231_checkpoints',
 'save_preds': False,
 'save_smiles_splits': False,
 'seed': 0,
 'separate_test_atom_descriptors_path': None,
 'separate_test_bond_features_path': None,
 'separate_test_features_path': None,
 'separate_test_path': None,
 'separate_test_phase_features_path': None,
 'separate_val_atom_descriptors_path': None,
 'separate_val_bond_features_path': None,
 'separate_val_features_path': None,
 'separate_val_path': None,
 'separate_val_phase_features_path': None,
 'show_individual_scores': False,
 'smiles_columns': ['[CH3][N]([CH3])[CH2][CH]1[CH2][C@H]2[c]3[cH][cH][cH][cH][c]3[CH2][c]3[cH][cH][cH][cH][c]3[C@H]2[O]1'],
 'spectra_activation': 'exp',
 'spectra_phase_mask_path': None,
 'spectra_target_floor': 1e-08,
 'split_key_molecule': 0,
 'split_sizes': [0.8, 0.1, 0.1],
 'split_type': 'random',
 'target_columns': None,
 'target_weights': None,
 'task_names': ['7.57'],
 'test': False,
 'test_fold_index': None,
 'train_data_size': None,
 'undirected': False,
 'use_input_features': False,
 'val_fold_index': None,
 'warmup_epochs': 2.0}
Setting molecule featurization parameters to default.
Loading data
Number of tasks = 1
Fold 0
Splitting data with seed 0
Total size = 974 | train size = 779 | val size = 97 | test size = 98
Fitting scaler
Building model 0
MoleculeModel(
  (encoder): MPN(
    (encoder): ModuleList(
      (0): MPNEncoder(
        (dropout_layer): Dropout(p=0.0, inplace=False)
        (act_func): ReLU()
        (W_i): Linear(in_features=147, out_features=300, bias=False)
        (W_h): Linear(in_features=300, out_features=300, bias=False)
        (W_o): Linear(in_features=433, out_features=300, bias=True)
      )
    )
  )
  (ffn): Sequential(
    (0): Dropout(p=0.0, inplace=False)
    (1): Linear(in_features=300, out_features=300, bias=True)
    (2): ReLU()
    (3): Dropout(p=0.0, inplace=False)
    (4): Linear(in_features=300, out_features=1, bias=True)
  )
)
Number of parameters = 355,201
Epoch 0
Loss = 9.8271e-01, PNorm = 34.0140, GNorm = 4.4660, lr_0 = 4.3000e-04
Validation r2 = 0.207891
Epoch 1
Loss = 8.5909e-01, PNorm = 34.0353, GNorm = 1.3687, lr_0 = 7.6000e-04
Loss = 8.8046e-01, PNorm = 34.0739, GNorm = 1.9007, lr_0 = 9.8910e-04
Validation r2 = 0.186238
Epoch 2
Loss = 7.8299e-01, PNorm = 34.1433, GNorm = 0.7649, lr_0 = 9.3633e-04
Validation r2 = 0.290881
Epoch 3
Loss = 5.7390e-01, PNorm = 34.2325, GNorm = 3.0368, lr_0 = 8.8153e-04
Loss = 5.5502e-01, PNorm = 34.3245, GNorm = 5.6613, lr_0 = 8.3450e-04
Validation r2 = 0.481816
Epoch 4
Loss = 5.2459e-01, PNorm = 34.4079, GNorm = 4.0155, lr_0 = 7.8999e-04
Validation r2 = 0.563361
Epoch 5
Loss = 3.7770e-01, PNorm = 34.4901, GNorm = 1.1117, lr_0 = 7.4375e-04
Loss = 4.3132e-01, PNorm = 34.5512, GNorm = 1.2364, lr_0 = 7.0408e-04
Validation r2 = 0.624670
Epoch 6
Loss = 3.5896e-01, PNorm = 34.6124, GNorm = 0.9017, lr_0 = 6.6651e-04
Validation r2 = 0.646294
Epoch 7
Loss = 3.8022e-01, PNorm = 34.6601, GNorm = 3.6916, lr_0 = 6.3096e-04
Loss = 3.3292e-01, PNorm = 34.7113, GNorm = 5.5854, lr_0 = 5.9730e-04
Validation r2 = 0.672416
Epoch 8
Loss = 3.0116e-01, PNorm = 34.7526, GNorm = 1.7658, lr_0 = 5.6234e-04
Loss = 2.9510e-01, PNorm = 34.7981, GNorm = 3.4720, lr_0 = 5.3234e-04
Validation r2 = 0.674331
Epoch 9
Loss = 3.3455e-01, PNorm = 34.8346, GNorm = 9.5070, lr_0 = 5.0394e-04
Validation r2 = 0.620822
Epoch 10
Loss = 3.1187e-01, PNorm = 34.8682, GNorm = 3.8529, lr_0 = 4.7445e-04
Loss = 2.9890e-01, PNorm = 34.9035, GNorm = 1.0453, lr_0 = 4.4914e-04
Validation r2 = 0.694022
Epoch 11
Loss = 2.8040e-01, PNorm = 34.9294, GNorm = 1.2901, lr_0 = 4.2518e-04
Validation r2 = 0.643188
Epoch 12
Loss = 3.0124e-01, PNorm = 34.9633, GNorm = 2.0891, lr_0 = 4.0030e-04
Loss = 2.5768e-01, PNorm = 34.9848, GNorm = 1.2827, lr_0 = 3.7894e-04
Validation r2 = 0.713413
Epoch 13
Loss = 2.5891e-01, PNorm = 35.0066, GNorm = 1.1945, lr_0 = 3.5873e-04
Validation r2 = 0.709531
Epoch 14
Loss = 2.3229e-01, PNorm = 35.0295, GNorm = 3.2608, lr_0 = 3.3959e-04
Loss = 2.6785e-01, PNorm = 35.0523, GNorm = 2.3518, lr_0 = 3.2147e-04
Validation r2 = 0.715274
Epoch 15
Loss = 2.2734e-01, PNorm = 35.0706, GNorm = 1.2037, lr_0 = 3.0266e-04
Validation r2 = 0.728610
Epoch 16
Loss = 2.6389e-01, PNorm = 35.0895, GNorm = 1.0678, lr_0 = 2.8651e-04
Loss = 2.3890e-01, PNorm = 35.1056, GNorm = 5.7114, lr_0 = 2.7123e-04
Validation r2 = 0.712730
Epoch 17
Loss = 2.0649e-01, PNorm = 35.1213, GNorm = 3.2480, lr_0 = 2.5535e-04
Loss = 2.2526e-01, PNorm = 35.1349, GNorm = 2.9883, lr_0 = 2.4173e-04
Validation r2 = 0.732269
Epoch 18
Loss = 2.1924e-01, PNorm = 35.1488, GNorm = 1.5200, lr_0 = 2.2884e-04
Validation r2 = 0.730138
Epoch 19
Loss = 1.9749e-01, PNorm = 35.1597, GNorm = 1.6530, lr_0 = 2.1663e-04
Loss = 2.1605e-01, PNorm = 35.1698, GNorm = 2.4243, lr_0 = 2.0507e-04
Validation r2 = 0.742932
Epoch 20
Loss = 1.8823e-01, PNorm = 35.1819, GNorm = 2.7779, lr_0 = 1.9307e-04
Validation r2 = 0.731265
Epoch 21
Loss = 1.9416e-01, PNorm = 35.1895, GNorm = 1.5341, lr_0 = 1.8277e-04
Loss = 2.0216e-01, PNorm = 35.2008, GNorm = 1.5206, lr_0 = 1.7302e-04
Validation r2 = 0.741477
Epoch 22
Loss = 1.8945e-01, PNorm = 35.2111, GNorm = 2.7614, lr_0 = 1.6289e-04
Validation r2 = 0.730743
Epoch 23
Loss = 3.3298e-01, PNorm = 35.2196, GNorm = 2.4242, lr_0 = 1.5420e-04
Loss = 1.7165e-01, PNorm = 35.2281, GNorm = 1.0401, lr_0 = 1.4598e-04
Command line
python /home/maria/anaconda3/envs/crem_ml/lib/python3.7/site-packages/ipykernel_launcher.py -f /home/maria/.local/share/jupyter/runtime/kernel-36e411c2-b361-467e-8e06-666ea8cc6895.json
Args
{'activation': 'ReLU',
 'adding_h': False,
 'aggregation': 'mean',
 'aggregation_norm': 100,
 'atom_descriptor_scaling': True,
 'atom_descriptors': None,
 'atom_descriptors_path': None,
 'atom_descriptors_size': 0,
 'atom_features_size': 0,
 'atom_messages': False,
 'batch_size': 50,
 'bias': False,
 'bias_solvent': False,
 'bond_feature_scaling': True,
 'bond_features_path': None,
 'bond_features_size': 0,
 'cache_cutoff': 10000,
 'checkpoint_dir': None,
 'checkpoint_frzn': None,
 'checkpoint_path': None,
 'checkpoint_paths': None,
 'class_balance': False,
 'config_path': None,
 'crossval_index_dir': None,
 'crossval_index_file': None,
 'crossval_index_sets': None,
 'cuda': False,
 'data_path': './files_histamineh1_write_sdfs/chembl_231_filtered_cet.sdf_std.smi',
 'data_weights_path': None,
 'dataset_type': 'regression',
 'depth': 3,
 'depth_solvent': 3,
 'device': device(type='cpu'),
 'dropout': 0.0,
 'empty_cache': False,
 'ensemble_size': 1,
 'epochs': 45,
 'evidential_regularization': 0,
 'explicit_h': False,
 'extra_metrics': [],
 'features_generator': None,
 'features_only': False,
 'features_path': None,
 'features_scaling': True,
 'features_size': None,
 'ffn_hidden_size': 300,
 'ffn_num_layers': 2,
 'final_lr': 0.0001,
 'folds_file': None,
 'freeze_first_only': False,
 'frzn_ffn_layers': 0,
 'gpu': None,
 'grad_clip': None,
 'hidden_size': 300,
 'hidden_size_solvent': 300,
 'ignore_columns': None,
 'init_lr': 0.0001,
 'log_frequency': 10,
 'loss_function': 'mse',
 'max_data_size': None,
 'max_lr': 0.001,
 'metric': 'r2',
 'metrics': ['r2'],
 'minimize_score': False,
 'mpn_shared': False,
 'multiclass_num_classes': 3,
 'no_atom_descriptor_scaling': False,
 'no_bond_features_scaling': False,
 'no_cache_mol': False,
 'no_cuda': False,
 'no_features_scaling': False,
 'num_folds': 5,
 'num_lrs': 1,
 'num_tasks': 1,
 'num_workers': 8,
 'number_of_molecules': 1,
 'overwrite_default_atom_features': False,
 'overwrite_default_bond_features': False,
 'phase_features_path': None,
 'pytorch_seed': 0,
 'quiet': False,
 'reaction': False,
 'reaction_mode': 'reac_diff',
 'reaction_solvent': False,
 'resume_experiment': False,
 'save_dir': '231_checkpoints',
 'save_preds': False,
 'save_smiles_splits': False,
 'seed': 0,
 'separate_test_atom_descriptors_path': None,
 'separate_test_bond_features_path': None,
 'separate_test_features_path': None,
 'separate_test_path': None,
 'separate_test_phase_features_path': None,
 'separate_val_atom_descriptors_path': None,
 'separate_val_bond_features_path': None,
 'separate_val_features_path': None,
 'separate_val_path': None,
 'separate_val_phase_features_path': None,
 'show_individual_scores': False,
 'smiles_columns': ['[CH3][N]([CH3])[CH2][CH]1[CH2][C@H]2[c]3[cH][cH][cH][cH][c]3[CH2][c]3[cH][cH][cH][cH][c]3[C@H]2[O]1'],
 'spectra_activation': 'exp',
 'spectra_phase_mask_path': None,
 'spectra_target_floor': 1e-08,
 'split_key_molecule': 0,
 'split_sizes': [0.8, 0.1, 0.1],
 'split_type': 'random',
 'target_columns': None,
 'target_weights': None,
 'task_names': ['7.57'],
 'test': False,
 'test_fold_index': None,
 'train_data_size': None,
 'undirected': False,
 'use_input_features': False,
 'val_fold_index': None,
 'warmup_epochs': 2.0}
Setting molecule featurization parameters to default.
Loading data
Number of tasks = 1
Fold 0
Splitting data with seed 0
Total size = 974 | train size = 779 | val size = 97 | test size = 98
Fitting scaler
Building model 0
MoleculeModel(
  (encoder): MPN(
    (encoder): ModuleList(
      (0): MPNEncoder(
        (dropout_layer): Dropout(p=0.0, inplace=False)
        (act_func): ReLU()
        (W_i): Linear(in_features=147, out_features=300, bias=False)
        (W_h): Linear(in_features=300, out_features=300, bias=False)
        (W_o): Linear(in_features=433, out_features=300, bias=True)
      )
    )
  )
  (ffn): Sequential(
    (0): Dropout(p=0.0, inplace=False)
    (1): Linear(in_features=300, out_features=300, bias=True)
    (2): ReLU()
    (3): Dropout(p=0.0, inplace=False)
    (4): Linear(in_features=300, out_features=1, bias=True)
  )
)
Number of parameters = 355,201
Epoch 0
Loss = 9.8271e-01, PNorm = 34.0140, GNorm = 4.4660, lr_0 = 4.3000e-04
Validation r2 = 0.207891
Epoch 1
Loss = 8.5909e-01, PNorm = 34.0353, GNorm = 1.3687, lr_0 = 7.6000e-04
Loss = 8.8046e-01, PNorm = 34.0740, GNorm = 1.9007, lr_0 = 9.9289e-04
Validation r2 = 0.186225
Epoch 2
Loss = 7.8344e-01, PNorm = 34.1443, GNorm = 0.7907, lr_0 = 9.5807e-04
Validation r2 = 0.285353
Epoch 3
Loss = 5.7377e-01, PNorm = 34.2371, GNorm = 2.8175, lr_0 = 9.2117e-04
Loss = 5.5354e-01, PNorm = 34.3331, GNorm = 4.5829, lr_0 = 8.8887e-04
Validation r2 = 0.508143
Epoch 4
Loss = 5.2159e-01, PNorm = 34.4233, GNorm = 4.9888, lr_0 = 8.5770e-04
Validation r2 = 0.576706
Epoch 5
Loss = 3.8027e-01, PNorm = 34.5130, GNorm = 1.9759, lr_0 = 8.2467e-04
Loss = 4.3556e-01, PNorm = 34.5804, GNorm = 0.7312, lr_0 = 7.9575e-04
Validation r2 = 0.625739
Epoch 6
Loss = 3.6823e-01, PNorm = 34.6506, GNorm = 1.8069, lr_0 = 7.6784e-04
Validation r2 = 0.643644
Epoch 7
Loss = 3.4878e-01, PNorm = 34.7091, GNorm = 1.3973, lr_0 = 7.4091e-04
Loss = 3.1315e-01, PNorm = 34.7729, GNorm = 3.4160, lr_0 = 7.1493e-04
Validation r2 = 0.664692
Epoch 8
Loss = 3.1169e-01, PNorm = 34.8220, GNorm = 3.4392, lr_0 = 6.8740e-04
Loss = 3.0050e-01, PNorm = 34.8774, GNorm = 3.1904, lr_0 = 6.6329e-04
Validation r2 = 0.663699
Epoch 9
Loss = 3.3014e-01, PNorm = 34.9248, GNorm = 8.0789, lr_0 = 6.4003e-04
Validation r2 = 0.627376
Epoch 10
Loss = 3.0735e-01, PNorm = 34.9718, GNorm = 3.9246, lr_0 = 6.1539e-04
Loss = 2.9813e-01, PNorm = 35.0212, GNorm = 1.0573, lr_0 = 5.9380e-04
Validation r2 = 0.705101
Epoch 11
Loss = 2.6501e-01, PNorm = 35.0583, GNorm = 0.6981, lr_0 = 5.7298e-04
Validation r2 = 0.681513
Epoch 12
Loss = 2.8224e-01, PNorm = 35.1056, GNorm = 1.2326, lr_0 = 5.5092e-04
Loss = 2.3199e-01, PNorm = 35.1365, GNorm = 1.7098, lr_0 = 5.3160e-04
Validation r2 = 0.726576
Epoch 13
Loss = 2.3845e-01, PNorm = 35.1646, GNorm = 0.7715, lr_0 = 5.1295e-04
Validation r2 = 0.719498
Epoch 14
Loss = 1.8922e-01, PNorm = 35.1967, GNorm = 1.4389, lr_0 = 4.9496e-04
Loss = 2.3540e-01, PNorm = 35.2277, GNorm = 2.7166, lr_0 = 4.7761e-04
Validation r2 = 0.717628
Epoch 15
Loss = 2.0687e-01, PNorm = 35.2549, GNorm = 0.7391, lr_0 = 4.5921e-04
Validation r2 = 0.736028
Epoch 16
Loss = 2.3477e-01, PNorm = 35.2849, GNorm = 2.1166, lr_0 = 4.4311e-04
Loss = 2.0228e-01, PNorm = 35.3111, GNorm = 2.9503, lr_0 = 4.2757e-04
Validation r2 = 0.734752
Epoch 17
Loss = 1.8206e-01, PNorm = 35.3347, GNorm = 0.6830, lr_0 = 4.1111e-04
Loss = 2.1539e-01, PNorm = 35.3568, GNorm = 3.7005, lr_0 = 3.9669e-04
Validation r2 = 0.732815
Epoch 18
Loss = 1.9983e-01, PNorm = 35.3817, GNorm = 2.1527, lr_0 = 3.8278e-04
Validation r2 = 0.739619
Epoch 19
Loss = 1.7127e-01, PNorm = 35.4011, GNorm = 0.9417, lr_0 = 3.6935e-04
Loss = 1.9617e-01, PNorm = 35.4253, GNorm = 2.2915, lr_0 = 3.5640e-04
Validation r2 = 0.741300
Epoch 20
Loss = 1.7988e-01, PNorm = 35.4475, GNorm = 6.5206, lr_0 = 3.4268e-04
Validation r2 = 0.720638
Epoch 21
Loss = 1.8390e-01, PNorm = 35.4643, GNorm = 2.0365, lr_0 = 3.3066e-04
Loss = 1.8982e-01, PNorm = 35.4859, GNorm = 2.0042, lr_0 = 3.1906e-04
Validation r2 = 0.755690
Epoch 22
Loss = 1.7622e-01, PNorm = 35.5060, GNorm = 3.1596, lr_0 = 3.0678e-04
Validation r2 = 0.746639
Epoch 23
Loss = 2.7228e-01, PNorm = 35.5225, GNorm = 2.1572, lr_0 = 2.9602e-04
Loss = 1.7474e-01, PNorm = 35.5409, GNorm = 1.3823, lr_0 = 2.8564e-04
Validation r2 = 0.756465
Epoch 24
Loss = 1.9008e-01, PNorm = 35.5550, GNorm = 1.8792, lr_0 = 2.7464e-04
Validation r2 = 0.752254
Epoch 25
Loss = 1.9040e-01, PNorm = 35.5705, GNorm = 3.4582, lr_0 = 2.6501e-04
Loss = 1.6853e-01, PNorm = 35.5882, GNorm = 1.7395, lr_0 = 2.5571e-04
Validation r2 = 0.751225
Epoch 26
Loss = 1.5084e-01, PNorm = 35.6015, GNorm = 0.7224, lr_0 = 2.4674e-04
Loss = 1.6560e-01, PNorm = 35.6133, GNorm = 1.7711, lr_0 = 2.3809e-04
Loss = 1.8025e-01, PNorm = 35.6145, GNorm = 1.3265, lr_0 = 2.3724e-04
Validation r2 = 0.756549
Epoch 27
Loss = 1.7098e-01, PNorm = 35.6268, GNorm = 1.2579, lr_0 = 2.2892e-04
Validation r2 = 0.764239
Epoch 28
Loss = 1.4302e-01, PNorm = 35.6397, GNorm = 0.9402, lr_0 = 2.2090e-04
Loss = 1.5717e-01, PNorm = 35.6506, GNorm = 2.6821, lr_0 = 2.1315e-04
Validation r2 = 0.756353
Epoch 29
Loss = 1.5297e-01, PNorm = 35.6620, GNorm = 3.0563, lr_0 = 2.0494e-04
Validation r2 = 0.749085
Epoch 30
Loss = 1.3496e-01, PNorm = 35.6717, GNorm = 0.9598, lr_0 = 1.9775e-04
Loss = 1.6274e-01, PNorm = 35.6818, GNorm = 2.0963, lr_0 = 1.9082e-04
Validation r2 = 0.764663
Epoch 31
Loss = 1.5644e-01, PNorm = 35.6946, GNorm = 1.5370, lr_0 = 1.8347e-04
Validation r2 = 0.769452
Epoch 32
Loss = 2.2115e-01, PNorm = 35.7043, GNorm = 1.6077, lr_0 = 1.7704e-04
Loss = 1.3385e-01, PNorm = 35.7142, GNorm = 1.3109, lr_0 = 1.7083e-04
Validation r2 = 0.767336
Epoch 33
Loss = 1.2729e-01, PNorm = 35.7228, GNorm = 0.7677, lr_0 = 1.6484e-04
Validation r2 = 0.752700
Epoch 34
Loss = 1.1751e-01, PNorm = 35.7313, GNorm = 1.1267, lr_0 = 1.5849e-04
Loss = 1.4500e-01, PNorm = 35.7399, GNorm = 2.4942, lr_0 = 1.5293e-04
Validation r2 = 0.761513
Epoch 35
Loss = 1.6980e-01, PNorm = 35.7481, GNorm = 0.8547, lr_0 = 1.4757e-04
Loss = 1.2881e-01, PNorm = 35.7557, GNorm = 1.2162, lr_0 = 1.4239e-04
Loss = 1.7544e-01, PNorm = 35.7565, GNorm = 3.0348, lr_0 = 1.4189e-04
Validation r2 = 0.763550
Epoch 36
Loss = 1.5397e-01, PNorm = 35.7638, GNorm = 1.8707, lr_0 = 1.3691e-04
Validation r2 = 0.770945
Epoch 37
Loss = 1.5697e-01, PNorm = 35.7713, GNorm = 1.0482, lr_0 = 1.3211e-04
Loss = 1.3656e-01, PNorm = 35.7767, GNorm = 1.8891, lr_0 = 1.2748e-04
Validation r2 = 0.759713
Epoch 38
Loss = 1.2510e-01, PNorm = 35.7839, GNorm = 3.5684, lr_0 = 1.2300e-04
Validation r2 = 0.755494
Epoch 39
Loss = 1.5988e-01, PNorm = 35.7921, GNorm = 3.3878, lr_0 = 1.1827e-04
Loss = 1.4567e-01, PNorm = 35.7981, GNorm = 2.3760, lr_0 = 1.1412e-04
Validation r2 = 0.743674
Epoch 40
Loss = 1.7000e-01, PNorm = 35.8036, GNorm = 5.3901, lr_0 = 1.1012e-04
Validation r2 = 0.763879
Epoch 41
Loss = 1.3133e-01, PNorm = 35.8093, GNorm = 0.8021, lr_0 = 1.0588e-04
Loss = 1.4115e-01, PNorm = 35.8150, GNorm = 1.8481, lr_0 = 1.0217e-04
Validation r2 = 0.772385
Epoch 42
Loss = 1.5850e-01, PNorm = 35.8215, GNorm = 1.7150, lr_0 = 1.0000e-04
Validation r2 = 0.769493
Epoch 43
Loss = 1.1156e-01, PNorm = 35.8268, GNorm = 3.6561, lr_0 = 1.0000e-04
Loss = 1.4605e-01, PNorm = 35.8312, GNorm = 2.1821, lr_0 = 1.0000e-04
Validation r2 = 0.767960
Epoch 44
Loss = 1.5103e-01, PNorm = 35.8366, GNorm = 1.3121, lr_0 = 1.0000e-04
Loss = 1.2260e-01, PNorm = 35.8418, GNorm = 1.0360, lr_0 = 1.0000e-04
Validation r2 = 0.767558
Model 0 best validation r2 = 0.772385 on epoch 41
Loading pretrained parameter "encoder.encoder.0.cached_zero_vector".
Loading pretrained parameter "encoder.encoder.0.W_i.weight".
Loading pretrained parameter "encoder.encoder.0.W_h.weight".
Loading pretrained parameter "encoder.encoder.0.W_o.weight".
Loading pretrained parameter "encoder.encoder.0.W_o.bias".
Loading pretrained parameter "ffn.1.weight".
Loading pretrained parameter "ffn.1.bias".
Loading pretrained parameter "ffn.4.weight".
Loading pretrained parameter "ffn.4.bias".
Model 0 test r2 = 0.543253
Ensemble test r2 = 0.543253
Fold 1
Splitting data with seed 1
Total size = 974 | train size = 779 | val size = 97 | test size = 98
Fitting scaler
Building model 0
MoleculeModel(
  (encoder): MPN(
    (encoder): ModuleList(
      (0): MPNEncoder(
        (dropout_layer): Dropout(p=0.0, inplace=False)
        (act_func): ReLU()
        (W_i): Linear(in_features=147, out_features=300, bias=False)
        (W_h): Linear(in_features=300, out_features=300, bias=False)
        (W_o): Linear(in_features=433, out_features=300, bias=True)
      )
    )
  )
  (ffn): Sequential(
    (0): Dropout(p=0.0, inplace=False)
    (1): Linear(in_features=300, out_features=300, bias=True)
    (2): ReLU()
    (3): Dropout(p=0.0, inplace=False)
    (4): Linear(in_features=300, out_features=1, bias=True)
  )
)
Number of parameters = 355,201
Epoch 0
Loss = 9.2051e-01, PNorm = 34.0158, GNorm = 6.6534, lr_0 = 4.3000e-04
Validation r2 = -0.105867
Epoch 1
Loss = 8.0780e-01, PNorm = 34.0399, GNorm = 4.8003, lr_0 = 7.6000e-04
Loss = 7.3001e-01, PNorm = 34.0895, GNorm = 1.6477, lr_0 = 9.9289e-04
Validation r2 = 0.195883
Epoch 2
Loss = 6.3714e-01, PNorm = 34.1589, GNorm = 8.7943, lr_0 = 9.5807e-04
Validation r2 = 0.247220
Epoch 3
Loss = 5.3497e-01, PNorm = 34.2298, GNorm = 2.6021, lr_0 = 9.2117e-04
Loss = 5.7055e-01, PNorm = 34.3058, GNorm = 4.1017, lr_0 = 8.8887e-04
Validation r2 = 0.232876
Epoch 4
Loss = 4.5626e-01, PNorm = 34.3748, GNorm = 6.0725, lr_0 = 8.5770e-04
Validation r2 = 0.299482
Epoch 5
Loss = 5.2708e-01, PNorm = 34.4429, GNorm = 6.6412, lr_0 = 8.2467e-04
Loss = 4.4619e-01, PNorm = 34.5114, GNorm = 3.6892, lr_0 = 7.9575e-04
Validation r2 = 0.327332
Epoch 6
Loss = 4.0282e-01, PNorm = 34.5744, GNorm = 0.7258, lr_0 = 7.6784e-04
Validation r2 = 0.361269
Epoch 7
Loss = 3.0939e-01, PNorm = 34.6343, GNorm = 1.0197, lr_0 = 7.4091e-04
Loss = 3.5217e-01, PNorm = 34.6873, GNorm = 1.5011, lr_0 = 7.1493e-04
Validation r2 = 0.343460
Epoch 8
Loss = 3.2282e-01, PNorm = 34.7312, GNorm = 3.2428, lr_0 = 6.8740e-04
Loss = 3.2063e-01, PNorm = 34.7764, GNorm = 1.4483, lr_0 = 6.6329e-04
Validation r2 = 0.435194
Epoch 9
Loss = 2.4746e-01, PNorm = 34.8207, GNorm = 0.8395, lr_0 = 6.4003e-04
Validation r2 = 0.304594
Epoch 10
Loss = 3.8894e-01, PNorm = 34.8592, GNorm = 5.2596, lr_0 = 6.1539e-04
Loss = 2.7920e-01, PNorm = 34.9043, GNorm = 6.1983, lr_0 = 5.9380e-04
Validation r2 = 0.375628
Epoch 11
Loss = 2.9430e-01, PNorm = 34.9378, GNorm = 3.8266, lr_0 = 5.7298e-04
Validation r2 = 0.440745
Epoch 12
Loss = 2.6450e-01, PNorm = 34.9798, GNorm = 3.3749, lr_0 = 5.5092e-04
Loss = 2.5324e-01, PNorm = 35.0107, GNorm = 4.6323, lr_0 = 5.3160e-04
Validation r2 = 0.439159
Epoch 13
Loss = 2.5915e-01, PNorm = 35.0343, GNorm = 1.1164, lr_0 = 5.1295e-04
Validation r2 = 0.413139
Epoch 14
Loss = 2.5941e-01, PNorm = 35.0674, GNorm = 2.7542, lr_0 = 4.9496e-04
Loss = 2.3454e-01, PNorm = 35.0937, GNorm = 3.5116, lr_0 = 4.7761e-04
Validation r2 = 0.408765
Epoch 15
Loss = 2.8129e-01, PNorm = 35.1182, GNorm = 4.0203, lr_0 = 4.5921e-04
Validation r2 = 0.462398
Epoch 16
Loss = 1.5671e-01, PNorm = 35.1466, GNorm = 1.2383, lr_0 = 4.4311e-04
Loss = 2.2002e-01, PNorm = 35.1691, GNorm = 2.0991, lr_0 = 4.2757e-04
Validation r2 = 0.454940
Epoch 17
Loss = 2.0096e-01, PNorm = 35.1903, GNorm = 0.9166, lr_0 = 4.1111e-04
Loss = 2.5267e-01, PNorm = 35.2111, GNorm = 1.2731, lr_0 = 3.9669e-04
Validation r2 = 0.466207
Epoch 18
Loss = 2.1292e-01, PNorm = 35.2377, GNorm = 3.1792, lr_0 = 3.8278e-04
Validation r2 = 0.484460
Epoch 19
Loss = 2.2878e-01, PNorm = 35.2562, GNorm = 1.7696, lr_0 = 3.6935e-04
Loss = 1.8829e-01, PNorm = 35.2751, GNorm = 1.8286, lr_0 = 3.5640e-04
Validation r2 = 0.477031
Epoch 20
Loss = 1.7245e-01, PNorm = 35.2928, GNorm = 0.7567, lr_0 = 3.4268e-04
Validation r2 = 0.494904
Epoch 21
Loss = 1.8624e-01, PNorm = 35.3098, GNorm = 0.8979, lr_0 = 3.3066e-04
Loss = 1.9733e-01, PNorm = 35.3257, GNorm = 1.8195, lr_0 = 3.1906e-04
Validation r2 = 0.515621
Epoch 22
Loss = 2.0592e-01, PNorm = 35.3469, GNorm = 1.4435, lr_0 = 3.0678e-04
Validation r2 = 0.508205
Epoch 23
Loss = 1.6197e-01, PNorm = 35.3601, GNorm = 4.1142, lr_0 = 2.9602e-04
Loss = 1.9211e-01, PNorm = 35.3767, GNorm = 5.3378, lr_0 = 2.8564e-04
Validation r2 = 0.479660
Epoch 24
Loss = 1.7580e-01, PNorm = 35.3868, GNorm = 0.6949, lr_0 = 2.7464e-04
Validation r2 = 0.481398
Epoch 25
Loss = 2.8195e-01, PNorm = 35.4042, GNorm = 1.7580, lr_0 = 2.6501e-04
Loss = 1.9110e-01, PNorm = 35.4163, GNorm = 6.0381, lr_0 = 2.5571e-04
Validation r2 = 0.538145
Epoch 26
Loss = 2.0641e-01, PNorm = 35.4285, GNorm = 0.6937, lr_0 = 2.4674e-04
Loss = 1.8680e-01, PNorm = 35.4435, GNorm = 0.8462, lr_0 = 2.3809e-04
Loss = 1.2466e-01, PNorm = 35.4449, GNorm = 4.0874, lr_0 = 2.3724e-04
Validation r2 = 0.501698
Epoch 27
Loss = 1.7741e-01, PNorm = 35.4558, GNorm = 0.6836, lr_0 = 2.2892e-04
Validation r2 = 0.503554
Epoch 28
Loss = 1.7500e-01, PNorm = 35.4677, GNorm = 0.5421, lr_0 = 2.2090e-04
Loss = 1.6412e-01, PNorm = 35.4789, GNorm = 1.0559, lr_0 = 2.1315e-04
Validation r2 = 0.495181
Epoch 29
Loss = 1.6812e-01, PNorm = 35.4882, GNorm = 3.4001, lr_0 = 2.0494e-04
Validation r2 = 0.511047
Epoch 30
Loss = 1.9635e-01, PNorm = 35.4980, GNorm = 3.0606, lr_0 = 1.9775e-04
Loss = 1.6468e-01, PNorm = 35.5085, GNorm = 2.2257, lr_0 = 1.9082e-04
Validation r2 = 0.515342
Epoch 31
Loss = 1.5363e-01, PNorm = 35.5196, GNorm = 2.8189, lr_0 = 1.8347e-04
Validation r2 = 0.476282
Epoch 32
Loss = 1.8071e-01, PNorm = 35.5272, GNorm = 2.4603, lr_0 = 1.7704e-04
Loss = 1.7254e-01, PNorm = 35.5356, GNorm = 2.1202, lr_0 = 1.7083e-04
Validation r2 = 0.536403
Epoch 33
Loss = 1.4988e-01, PNorm = 35.5465, GNorm = 2.3099, lr_0 = 1.6484e-04
Validation r2 = 0.520565
Epoch 34
Loss = 1.8204e-01, PNorm = 35.5535, GNorm = 1.6795, lr_0 = 1.5849e-04
Loss = 1.4686e-01, PNorm = 35.5614, GNorm = 1.7212, lr_0 = 1.5293e-04
Validation r2 = 0.523225
Epoch 35
Loss = 1.2229e-01, PNorm = 35.5690, GNorm = 2.2233, lr_0 = 1.4757e-04
Loss = 1.7336e-01, PNorm = 35.5769, GNorm = 1.3908, lr_0 = 1.4239e-04
Loss = 1.0588e-01, PNorm = 35.5777, GNorm = 1.1075, lr_0 = 1.4189e-04
Validation r2 = 0.532188
Epoch 36
Loss = 1.5414e-01, PNorm = 35.5851, GNorm = 1.6864, lr_0 = 1.3691e-04
Validation r2 = 0.522017
Epoch 37
Loss = 1.8077e-01, PNorm = 35.5933, GNorm = 1.8585, lr_0 = 1.3211e-04
Loss = 1.5323e-01, PNorm = 35.6002, GNorm = 1.3030, lr_0 = 1.2748e-04
Validation r2 = 0.539403
Epoch 38
Loss = 1.4737e-01, PNorm = 35.6052, GNorm = 1.2557, lr_0 = 1.2300e-04
Validation r2 = 0.539677
Epoch 39
Loss = 1.1228e-01, PNorm = 35.6123, GNorm = 0.8145, lr_0 = 1.1827e-04
Loss = 1.5884e-01, PNorm = 35.6188, GNorm = 2.1277, lr_0 = 1.1412e-04
Validation r2 = 0.546579
Epoch 40
Loss = 1.5278e-01, PNorm = 35.6241, GNorm = 4.5530, lr_0 = 1.1012e-04
Validation r2 = 0.545815
Epoch 41
Loss = 1.2705e-01, PNorm = 35.6297, GNorm = 2.6558, lr_0 = 1.0588e-04
Loss = 1.4943e-01, PNorm = 35.6355, GNorm = 1.7793, lr_0 = 1.0217e-04
Validation r2 = 0.546014
Epoch 42
Loss = 1.3938e-01, PNorm = 35.6400, GNorm = 1.6089, lr_0 = 1.0000e-04
Validation r2 = 0.547867
Epoch 43
Loss = 2.2171e-01, PNorm = 35.6459, GNorm = 1.5341, lr_0 = 1.0000e-04
Loss = 1.3045e-01, PNorm = 35.6514, GNorm = 1.8835, lr_0 = 1.0000e-04
Validation r2 = 0.530325
Epoch 44
Loss = 1.3709e-01, PNorm = 35.6564, GNorm = 1.1221, lr_0 = 1.0000e-04
Loss = 1.6356e-01, PNorm = 35.6606, GNorm = 1.5884, lr_0 = 1.0000e-04
Validation r2 = 0.548409
Model 0 best validation r2 = 0.548409 on epoch 44
Loading pretrained parameter "encoder.encoder.0.cached_zero_vector".
Loading pretrained parameter "encoder.encoder.0.W_i.weight".
Loading pretrained parameter "encoder.encoder.0.W_h.weight".
Loading pretrained parameter "encoder.encoder.0.W_o.weight".
Loading pretrained parameter "encoder.encoder.0.W_o.bias".
Loading pretrained parameter "ffn.1.weight".
Loading pretrained parameter "ffn.1.bias".
Loading pretrained parameter "ffn.4.weight".
Loading pretrained parameter "ffn.4.bias".
Model 0 test r2 = 0.781302
Ensemble test r2 = 0.781302
Fold 2
Splitting data with seed 2
Total size = 974 | train size = 779 | val size = 97 | test size = 98
Fitting scaler
Building model 0
MoleculeModel(
  (encoder): MPN(
    (encoder): ModuleList(
      (0): MPNEncoder(
        (dropout_layer): Dropout(p=0.0, inplace=False)
        (act_func): ReLU()
        (W_i): Linear(in_features=147, out_features=300, bias=False)
        (W_h): Linear(in_features=300, out_features=300, bias=False)
        (W_o): Linear(in_features=433, out_features=300, bias=True)
      )
    )
  )
  (ffn): Sequential(
    (0): Dropout(p=0.0, inplace=False)
    (1): Linear(in_features=300, out_features=300, bias=True)
    (2): ReLU()
    (3): Dropout(p=0.0, inplace=False)
    (4): Linear(in_features=300, out_features=1, bias=True)
  )
)
Number of parameters = 355,201
Epoch 0
Loss = 9.9439e-01, PNorm = 34.0134, GNorm = 1.4195, lr_0 = 4.3000e-04
Validation r2 = 0.192097
Epoch 1
Loss = 8.6777e-01, PNorm = 34.0375, GNorm = 4.2698, lr_0 = 7.6000e-04
Loss = 7.8606e-01, PNorm = 34.0785, GNorm = 5.7401, lr_0 = 9.9289e-04
Validation r2 = 0.288463
Epoch 2
Loss = 8.3471e-01, PNorm = 34.1302, GNorm = 4.9975, lr_0 = 9.5807e-04
Validation r2 = 0.318752
Epoch 3
Loss = 7.3702e-01, PNorm = 34.2093, GNorm = 2.6877, lr_0 = 9.2117e-04
Loss = 6.7452e-01, PNorm = 34.2996, GNorm = 1.9591, lr_0 = 8.8887e-04
Validation r2 = 0.454563
Epoch 4
Loss = 6.0181e-01, PNorm = 34.3933, GNorm = 2.8190, lr_0 = 8.5770e-04
Validation r2 = 0.597241
Epoch 5
Loss = 4.4825e-01, PNorm = 34.4938, GNorm = 4.4207, lr_0 = 8.2467e-04
Loss = 4.7750e-01, PNorm = 34.5856, GNorm = 0.8462, lr_0 = 7.9575e-04
Validation r2 = 0.596356
Epoch 6
Loss = 3.5824e-01, PNorm = 34.6649, GNorm = 1.5366, lr_0 = 7.6784e-04
Validation r2 = 0.573855
Epoch 7
Loss = 4.6428e-01, PNorm = 34.7250, GNorm = 5.5418, lr_0 = 7.4091e-04
Loss = 3.9393e-01, PNorm = 34.7955, GNorm = 0.7811, lr_0 = 7.1493e-04
Validation r2 = 0.653770
Epoch 8
Loss = 3.2233e-01, PNorm = 34.8557, GNorm = 1.7111, lr_0 = 6.8740e-04
Loss = 3.4565e-01, PNorm = 34.9168, GNorm = 2.3747, lr_0 = 6.6329e-04
Validation r2 = 0.727921
Epoch 9
Loss = 2.9942e-01, PNorm = 34.9625, GNorm = 0.8611, lr_0 = 6.4003e-04
Validation r2 = 0.744106
Epoch 10
Loss = 3.2643e-01, PNorm = 35.0177, GNorm = 1.6550, lr_0 = 6.1539e-04
Loss = 2.5659e-01, PNorm = 35.0570, GNorm = 2.5846, lr_0 = 5.9380e-04
Validation r2 = 0.762564
Epoch 11
Loss = 2.6700e-01, PNorm = 35.0955, GNorm = 0.9747, lr_0 = 5.7298e-04
Validation r2 = 0.770642
Epoch 12
Loss = 2.7623e-01, PNorm = 35.1390, GNorm = 2.8346, lr_0 = 5.5092e-04
Loss = 2.6943e-01, PNorm = 35.1707, GNorm = 4.9555, lr_0 = 5.3160e-04
Validation r2 = 0.767116
Epoch 13
Loss = 2.4256e-01, PNorm = 35.2044, GNorm = 3.9221, lr_0 = 5.1295e-04
Validation r2 = 0.736891
Epoch 14
Loss = 2.6209e-01, PNorm = 35.2386, GNorm = 2.6153, lr_0 = 4.9496e-04
Loss = 2.2113e-01, PNorm = 35.2718, GNorm = 1.0235, lr_0 = 4.7761e-04
Validation r2 = 0.768962
Epoch 15
Loss = 2.2475e-01, PNorm = 35.3021, GNorm = 0.8208, lr_0 = 4.5921e-04
Validation r2 = 0.785290
Epoch 16
Loss = 1.8627e-01, PNorm = 35.3293, GNorm = 0.6498, lr_0 = 4.4311e-04
Loss = 2.1161e-01, PNorm = 35.3521, GNorm = 0.5615, lr_0 = 4.2757e-04
Validation r2 = 0.789632
Epoch 17
Loss = 2.0576e-01, PNorm = 35.3800, GNorm = 2.7479, lr_0 = 4.1111e-04
Loss = 1.9760e-01, PNorm = 35.4056, GNorm = 1.5891, lr_0 = 3.9669e-04
Validation r2 = 0.789046
Epoch 18
Loss = 1.8238e-01, PNorm = 35.4288, GNorm = 0.7779, lr_0 = 3.8278e-04
Validation r2 = 0.785819
Epoch 19
Loss = 1.6859e-01, PNorm = 35.4514, GNorm = 2.4776, lr_0 = 3.6935e-04
Loss = 2.0836e-01, PNorm = 35.4699, GNorm = 3.7406, lr_0 = 3.5640e-04
Validation r2 = 0.780902
Epoch 20
Loss = 2.3053e-01, PNorm = 35.4956, GNorm = 4.0612, lr_0 = 3.4268e-04
Validation r2 = 0.807899
Epoch 21
Loss = 2.1164e-01, PNorm = 35.5169, GNorm = 3.7505, lr_0 = 3.3066e-04
Loss = 1.8586e-01, PNorm = 35.5368, GNorm = 0.7094, lr_0 = 3.1906e-04
Validation r2 = 0.760615
Epoch 22
Loss = 1.7230e-01, PNorm = 35.5552, GNorm = 1.8844, lr_0 = 3.0678e-04
Validation r2 = 0.770264
Epoch 23
Loss = 2.5406e-01, PNorm = 35.5729, GNorm = 4.2091, lr_0 = 2.9602e-04
Loss = 1.9657e-01, PNorm = 35.5904, GNorm = 1.9137, lr_0 = 2.8564e-04
Validation r2 = 0.799726
Epoch 24
Loss = 1.8066e-01, PNorm = 35.6114, GNorm = 1.3114, lr_0 = 2.7464e-04
Validation r2 = 0.780507
Epoch 25
Loss = 1.1719e-01, PNorm = 35.6248, GNorm = 0.9072, lr_0 = 2.6501e-04
Loss = 1.8799e-01, PNorm = 35.6387, GNorm = 0.9188, lr_0 = 2.5571e-04
Validation r2 = 0.799978
Epoch 26
Loss = 1.5613e-01, PNorm = 35.6529, GNorm = 1.5853, lr_0 = 2.4674e-04
Loss = 1.7400e-01, PNorm = 35.6657, GNorm = 1.7569, lr_0 = 2.3809e-04
Loss = 1.7664e-01, PNorm = 35.6670, GNorm = 1.3982, lr_0 = 2.3724e-04
Validation r2 = 0.749201
Epoch 27
Loss = 1.6229e-01, PNorm = 35.6808, GNorm = 0.5251, lr_0 = 2.2892e-04
Validation r2 = 0.803794
Epoch 28
Loss = 1.8676e-01, PNorm = 35.6927, GNorm = 1.2500, lr_0 = 2.2090e-04
Loss = 1.5560e-01, PNorm = 35.7050, GNorm = 1.3764, lr_0 = 2.1315e-04
Validation r2 = 0.785504
Epoch 29
Loss = 1.5593e-01, PNorm = 35.7143, GNorm = 1.6019, lr_0 = 2.0494e-04
Validation r2 = 0.789766
Epoch 30
Loss = 1.4745e-01, PNorm = 35.7237, GNorm = 1.8199, lr_0 = 1.9775e-04
Loss = 1.7151e-01, PNorm = 35.7333, GNorm = 1.0843, lr_0 = 1.9082e-04
Validation r2 = 0.792058
Epoch 31
Loss = 1.5934e-01, PNorm = 35.7482, GNorm = 1.0323, lr_0 = 1.8347e-04
Validation r2 = 0.793634
Epoch 32
Loss = 1.0779e-01, PNorm = 35.7575, GNorm = 0.8395, lr_0 = 1.7704e-04
Loss = 1.4538e-01, PNorm = 35.7653, GNorm = 1.7498, lr_0 = 1.7083e-04
Validation r2 = 0.793235
Epoch 33
Loss = 1.6718e-01, PNorm = 35.7740, GNorm = 2.1700, lr_0 = 1.6484e-04
Validation r2 = 0.806971
Epoch 34
Loss = 1.2285e-01, PNorm = 35.7835, GNorm = 1.7831, lr_0 = 1.5849e-04
Loss = 1.4166e-01, PNorm = 35.7914, GNorm = 1.2248, lr_0 = 1.5293e-04
Validation r2 = 0.797941
Epoch 35
Loss = 1.5204e-01, PNorm = 35.7993, GNorm = 1.9007, lr_0 = 1.4757e-04
Loss = 1.3977e-01, PNorm = 35.8071, GNorm = 1.2274, lr_0 = 1.4239e-04
Loss = 1.6565e-01, PNorm = 35.8078, GNorm = 3.1239, lr_0 = 1.4189e-04
Validation r2 = 0.771072
Epoch 36
Loss = 1.4413e-01, PNorm = 35.8152, GNorm = 2.5011, lr_0 = 1.3691e-04
Validation r2 = 0.804505
Epoch 37
Loss = 1.4152e-01, PNorm = 35.8223, GNorm = 4.0291, lr_0 = 1.3211e-04
Loss = 1.5087e-01, PNorm = 35.8307, GNorm = 2.3464, lr_0 = 1.2748e-04
Validation r2 = 0.800769
Epoch 38
Loss = 1.1869e-01, PNorm = 35.8361, GNorm = 0.6449, lr_0 = 1.2300e-04
Validation r2 = 0.801710
Epoch 39
Loss = 1.1385e-01, PNorm = 35.8431, GNorm = 0.7634, lr_0 = 1.1827e-04
Loss = 1.3824e-01, PNorm = 35.8508, GNorm = 0.8649, lr_0 = 1.1412e-04
Validation r2 = 0.802036
Epoch 40
Loss = 1.4961e-01, PNorm = 35.8552, GNorm = 0.7026, lr_0 = 1.1012e-04
Validation r2 = 0.793196
Epoch 41
Loss = 1.8977e-01, PNorm = 35.8611, GNorm = 1.7907, lr_0 = 1.0588e-04
Loss = 1.2690e-01, PNorm = 35.8673, GNorm = 0.6959, lr_0 = 1.0217e-04
Validation r2 = 0.801026
Epoch 42
Loss = 1.5179e-01, PNorm = 35.8720, GNorm = 1.7689, lr_0 = 1.0000e-04
Validation r2 = 0.798775
Epoch 43
Loss = 2.3516e-01, PNorm = 35.8768, GNorm = 2.4848, lr_0 = 1.0000e-04
Loss = 1.4487e-01, PNorm = 35.8823, GNorm = 1.6638, lr_0 = 1.0000e-04
Validation r2 = 0.803424
Epoch 44
Loss = 1.2831e-01, PNorm = 35.8887, GNorm = 2.0833, lr_0 = 1.0000e-04
Loss = 1.3608e-01, PNorm = 35.8936, GNorm = 0.7668, lr_0 = 1.0000e-04
Validation r2 = 0.802028
Model 0 best validation r2 = 0.807899 on epoch 20
Loading pretrained parameter "encoder.encoder.0.cached_zero_vector".
Loading pretrained parameter "encoder.encoder.0.W_i.weight".
Loading pretrained parameter "encoder.encoder.0.W_h.weight".
Loading pretrained parameter "encoder.encoder.0.W_o.weight".
Loading pretrained parameter "encoder.encoder.0.W_o.bias".
Loading pretrained parameter "ffn.1.weight".
Loading pretrained parameter "ffn.1.bias".
Loading pretrained parameter "ffn.4.weight".
Loading pretrained parameter "ffn.4.bias".
Model 0 test r2 = 0.595771
Ensemble test r2 = 0.595771
Fold 3
Splitting data with seed 3
Total size = 974 | train size = 779 | val size = 97 | test size = 98
Fitting scaler
Building model 0
MoleculeModel(
  (encoder): MPN(
    (encoder): ModuleList(
      (0): MPNEncoder(
        (dropout_layer): Dropout(p=0.0, inplace=False)
        (act_func): ReLU()
        (W_i): Linear(in_features=147, out_features=300, bias=False)
        (W_h): Linear(in_features=300, out_features=300, bias=False)
        (W_o): Linear(in_features=433, out_features=300, bias=True)
      )
    )
  )
  (ffn): Sequential(
    (0): Dropout(p=0.0, inplace=False)
    (1): Linear(in_features=300, out_features=300, bias=True)
    (2): ReLU()
    (3): Dropout(p=0.0, inplace=False)
    (4): Linear(in_features=300, out_features=1, bias=True)
  )
)
Number of parameters = 355,201
Epoch 0
Loss = 9.8996e-01, PNorm = 34.0138, GNorm = 4.5614, lr_0 = 4.3000e-04
Validation r2 = 0.043141
Epoch 1
Loss = 8.7574e-01, PNorm = 34.0329, GNorm = 0.7146, lr_0 = 7.6000e-04
Loss = 8.1428e-01, PNorm = 34.0787, GNorm = 6.8793, lr_0 = 9.9289e-04
Validation r2 = 0.258267
Epoch 2
Loss = 7.5486e-01, PNorm = 34.1423, GNorm = 2.6396, lr_0 = 9.5807e-04
Validation r2 = 0.457385
Epoch 3
Loss = 5.6499e-01, PNorm = 34.2391, GNorm = 6.2003, lr_0 = 9.2117e-04
Loss = 5.8305e-01, PNorm = 34.3183, GNorm = 1.8941, lr_0 = 8.8887e-04
Validation r2 = 0.514104
Epoch 4
Loss = 4.8711e-01, PNorm = 34.4057, GNorm = 8.9924, lr_0 = 8.5770e-04
Validation r2 = 0.559889
Epoch 5
Loss = 4.5958e-01, PNorm = 34.4765, GNorm = 7.9792, lr_0 = 8.2467e-04
Loss = 4.6374e-01, PNorm = 34.5429, GNorm = 1.3180, lr_0 = 7.9575e-04
Validation r2 = 0.639231
Epoch 6
Loss = 4.2475e-01, PNorm = 34.6041, GNorm = 4.0143, lr_0 = 7.6784e-04
Validation r2 = 0.677833
Epoch 7
Loss = 4.3374e-01, PNorm = 34.6624, GNorm = 3.4488, lr_0 = 7.4091e-04
Loss = 3.3958e-01, PNorm = 34.7117, GNorm = 3.0324, lr_0 = 7.1493e-04
Validation r2 = 0.499289
Epoch 8
Loss = 4.6534e-01, PNorm = 34.7632, GNorm = 3.2238, lr_0 = 6.8740e-04
Loss = 3.4730e-01, PNorm = 34.8167, GNorm = 6.2330, lr_0 = 6.6329e-04
Validation r2 = 0.586836
Epoch 9
Loss = 3.2658e-01, PNorm = 34.8628, GNorm = 1.5530, lr_0 = 6.4003e-04
Validation r2 = 0.710428
Epoch 10
Loss = 2.3161e-01, PNorm = 34.9162, GNorm = 0.7851, lr_0 = 6.1539e-04
Loss = 3.1060e-01, PNorm = 34.9575, GNorm = 0.9876, lr_0 = 5.9380e-04
Validation r2 = 0.744617
Epoch 11
Loss = 2.8486e-01, PNorm = 34.9946, GNorm = 6.5007, lr_0 = 5.7298e-04
Validation r2 = 0.744276
Epoch 12
Loss = 2.6763e-01, PNorm = 35.0343, GNorm = 0.7606, lr_0 = 5.5092e-04
Loss = 2.5752e-01, PNorm = 35.0710, GNorm = 2.0436, lr_0 = 5.3160e-04
Validation r2 = 0.746776
Epoch 13
Loss = 2.4325e-01, PNorm = 35.1030, GNorm = 0.7335, lr_0 = 5.1295e-04
Validation r2 = 0.740714
Epoch 14
Loss = 2.8097e-01, PNorm = 35.1369, GNorm = 1.3506, lr_0 = 4.9496e-04
Loss = 2.3764e-01, PNorm = 35.1700, GNorm = 4.7483, lr_0 = 4.7761e-04
Validation r2 = 0.750583
Epoch 15
Loss = 2.2449e-01, PNorm = 35.2047, GNorm = 3.6828, lr_0 = 4.5921e-04
Validation r2 = 0.724613
Epoch 16
Loss = 2.0275e-01, PNorm = 35.2300, GNorm = 3.5654, lr_0 = 4.4311e-04
Loss = 2.7967e-01, PNorm = 35.2594, GNorm = 5.4184, lr_0 = 4.2757e-04
Validation r2 = 0.748752
Epoch 17
Loss = 2.2521e-01, PNorm = 35.2932, GNorm = 2.9418, lr_0 = 4.1111e-04
Loss = 2.2390e-01, PNorm = 35.3192, GNorm = 3.2598, lr_0 = 3.9669e-04
Validation r2 = 0.759231
Epoch 18
Loss = 1.9202e-01, PNorm = 35.3438, GNorm = 1.7179, lr_0 = 3.8278e-04
Validation r2 = 0.719789
Epoch 19
Loss = 2.0337e-01, PNorm = 35.3663, GNorm = 2.6431, lr_0 = 3.6935e-04
Loss = 2.1466e-01, PNorm = 35.3881, GNorm = 1.2429, lr_0 = 3.5640e-04
Validation r2 = 0.727476
Epoch 20
Loss = 2.0284e-01, PNorm = 35.4089, GNorm = 1.6218, lr_0 = 3.4268e-04
Validation r2 = 0.692598
Epoch 21
Loss = 2.1988e-01, PNorm = 35.4296, GNorm = 3.6970, lr_0 = 3.3066e-04
Loss = 2.0887e-01, PNorm = 35.4478, GNorm = 0.9091, lr_0 = 3.1906e-04
Validation r2 = 0.764433
Epoch 22
Loss = 2.0356e-01, PNorm = 35.4676, GNorm = 1.0046, lr_0 = 3.0678e-04
Validation r2 = 0.753302
Epoch 23
Loss = 2.0876e-01, PNorm = 35.4868, GNorm = 2.3832, lr_0 = 2.9602e-04
Loss = 1.8879e-01, PNorm = 35.5019, GNorm = 0.8517, lr_0 = 2.8564e-04
Validation r2 = 0.764172
Epoch 24
Loss = 1.9530e-01, PNorm = 35.5196, GNorm = 1.1749, lr_0 = 2.7464e-04
Validation r2 = 0.742605
Epoch 25
Loss = 2.1937e-01, PNorm = 35.5355, GNorm = 3.0893, lr_0 = 2.6501e-04
Loss = 1.7878e-01, PNorm = 35.5495, GNorm = 1.0407, lr_0 = 2.5571e-04
Validation r2 = 0.735175
Epoch 26
Loss = 1.7837e-01, PNorm = 35.5654, GNorm = 1.3518, lr_0 = 2.4674e-04
Loss = 1.6857e-01, PNorm = 35.5820, GNorm = 1.2566, lr_0 = 2.3809e-04
Loss = 1.5618e-01, PNorm = 35.5827, GNorm = 2.9535, lr_0 = 2.3724e-04
Validation r2 = 0.760289
Epoch 27
Loss = 1.8767e-01, PNorm = 35.5944, GNorm = 1.9199, lr_0 = 2.2892e-04
Validation r2 = 0.762358
Epoch 28
Loss = 1.6118e-01, PNorm = 35.6089, GNorm = 2.3828, lr_0 = 2.2090e-04
Loss = 1.7990e-01, PNorm = 35.6212, GNorm = 1.6368, lr_0 = 2.1315e-04
Validation r2 = 0.743010
Epoch 29
Loss = 1.6399e-01, PNorm = 35.6337, GNorm = 3.0100, lr_0 = 2.0494e-04
Validation r2 = 0.693874
Epoch 30
Loss = 1.8306e-01, PNorm = 35.6456, GNorm = 5.7029, lr_0 = 1.9775e-04
Loss = 1.9161e-01, PNorm = 35.6580, GNorm = 2.0634, lr_0 = 1.9082e-04
Validation r2 = 0.753868
Epoch 31
Loss = 1.6678e-01, PNorm = 35.6696, GNorm = 0.6538, lr_0 = 1.8347e-04
Validation r2 = 0.745456
Epoch 32
Loss = 2.1391e-01, PNorm = 35.6810, GNorm = 1.0297, lr_0 = 1.7704e-04
Loss = 1.4646e-01, PNorm = 35.6917, GNorm = 2.7402, lr_0 = 1.7083e-04
Validation r2 = 0.755447
Epoch 33
Loss = 1.5458e-01, PNorm = 35.6988, GNorm = 1.4116, lr_0 = 1.6484e-04
Validation r2 = 0.758557
Epoch 34
Loss = 1.3667e-01, PNorm = 35.7084, GNorm = 1.4368, lr_0 = 1.5849e-04
Loss = 1.5508e-01, PNorm = 35.7185, GNorm = 2.9021, lr_0 = 1.5293e-04
Validation r2 = 0.756000
Epoch 35
Loss = 1.3636e-01, PNorm = 35.7242, GNorm = 2.9334, lr_0 = 1.4757e-04
Loss = 1.6724e-01, PNorm = 35.7324, GNorm = 1.0071, lr_0 = 1.4239e-04
Loss = 1.9754e-01, PNorm = 35.7335, GNorm = 1.7275, lr_0 = 1.4189e-04
Validation r2 = 0.747303
Epoch 36
Loss = 1.6208e-01, PNorm = 35.7422, GNorm = 0.8576, lr_0 = 1.3691e-04
Validation r2 = 0.758676
Epoch 37
Loss = 1.8385e-01, PNorm = 35.7504, GNorm = 5.3265, lr_0 = 1.3211e-04
Loss = 1.4901e-01, PNorm = 35.7570, GNorm = 1.2798, lr_0 = 1.2748e-04
Validation r2 = 0.739355
Epoch 38
Loss = 1.7299e-01, PNorm = 35.7632, GNorm = 1.3379, lr_0 = 1.2300e-04
Validation r2 = 0.756966
Epoch 39
Loss = 1.4935e-01, PNorm = 35.7698, GNorm = 3.3083, lr_0 = 1.1827e-04
Loss = 1.5300e-01, PNorm = 35.7756, GNorm = 1.1203, lr_0 = 1.1412e-04
Validation r2 = 0.741400
Epoch 40
Loss = 1.5327e-01, PNorm = 35.7820, GNorm = 1.0234, lr_0 = 1.1012e-04
Validation r2 = 0.752126
Epoch 41
Loss = 1.4520e-01, PNorm = 35.7885, GNorm = 0.9839, lr_0 = 1.0588e-04
Loss = 1.5072e-01, PNorm = 35.7943, GNorm = 2.0142, lr_0 = 1.0217e-04
Validation r2 = 0.719129
Epoch 42
Loss = 1.4499e-01, PNorm = 35.7985, GNorm = 3.9423, lr_0 = 1.0000e-04
Validation r2 = 0.760023
Epoch 43
Loss = 8.4584e-02, PNorm = 35.8047, GNorm = 1.9316, lr_0 = 1.0000e-04
Loss = 1.4389e-01, PNorm = 35.8103, GNorm = 1.0014, lr_0 = 1.0000e-04
Validation r2 = 0.723181
Epoch 44
Loss = 1.2322e-01, PNorm = 35.8153, GNorm = 0.9473, lr_0 = 1.0000e-04
Loss = 1.5916e-01, PNorm = 35.8212, GNorm = 2.1569, lr_0 = 1.0000e-04
Validation r2 = 0.740773
Model 0 best validation r2 = 0.764433 on epoch 21
Loading pretrained parameter "encoder.encoder.0.cached_zero_vector".
Loading pretrained parameter "encoder.encoder.0.W_i.weight".
Loading pretrained parameter "encoder.encoder.0.W_h.weight".
Loading pretrained parameter "encoder.encoder.0.W_o.weight".
Loading pretrained parameter "encoder.encoder.0.W_o.bias".
Loading pretrained parameter "ffn.1.weight".
Loading pretrained parameter "ffn.1.bias".
Loading pretrained parameter "ffn.4.weight".
Loading pretrained parameter "ffn.4.bias".
Model 0 test r2 = 0.777361
Ensemble test r2 = 0.777361
Fold 4
Splitting data with seed 4
Total size = 974 | train size = 779 | val size = 97 | test size = 98
Fitting scaler
Building model 0
MoleculeModel(
  (encoder): MPN(
    (encoder): ModuleList(
      (0): MPNEncoder(
        (dropout_layer): Dropout(p=0.0, inplace=False)
        (act_func): ReLU()
        (W_i): Linear(in_features=147, out_features=300, bias=False)
        (W_h): Linear(in_features=300, out_features=300, bias=False)
        (W_o): Linear(in_features=433, out_features=300, bias=True)
      )
    )
  )
  (ffn): Sequential(
    (0): Dropout(p=0.0, inplace=False)
    (1): Linear(in_features=300, out_features=300, bias=True)
    (2): ReLU()
    (3): Dropout(p=0.0, inplace=False)
    (4): Linear(in_features=300, out_features=1, bias=True)
  )
)
Number of parameters = 355,201
Epoch 0
Loss = 9.5439e-01, PNorm = 34.0145, GNorm = 0.9259, lr_0 = 4.3000e-04
Validation r2 = 0.069766
Epoch 1
Loss = 8.2072e-01, PNorm = 34.0347, GNorm = 2.5140, lr_0 = 7.6000e-04
Loss = 8.9524e-01, PNorm = 34.0748, GNorm = 5.9695, lr_0 = 9.9289e-04
Validation r2 = 0.236095
Epoch 2
Loss = 8.8509e-01, PNorm = 34.1338, GNorm = 3.1454, lr_0 = 9.5807e-04
Validation r2 = 0.233062
Epoch 3
Loss = 7.0194e-01, PNorm = 34.2184, GNorm = 3.4874, lr_0 = 9.2117e-04
Loss = 6.4248e-01, PNorm = 34.3133, GNorm = 1.9948, lr_0 = 8.8887e-04
Validation r2 = 0.384337
Epoch 4
Loss = 5.2840e-01, PNorm = 34.4213, GNorm = 4.4353, lr_0 = 8.5770e-04
Validation r2 = 0.317584
Epoch 5
Loss = 5.4016e-01, PNorm = 34.5102, GNorm = 3.5715, lr_0 = 8.2467e-04
Loss = 4.7870e-01, PNorm = 34.6035, GNorm = 0.9109, lr_0 = 7.9575e-04
Validation r2 = 0.517638
Epoch 6
Loss = 3.6194e-01, PNorm = 34.6750, GNorm = 1.4370, lr_0 = 7.6784e-04
Validation r2 = 0.552124
Epoch 7
Loss = 2.7742e-01, PNorm = 34.7436, GNorm = 3.3107, lr_0 = 7.4091e-04
Loss = 3.7123e-01, PNorm = 34.7974, GNorm = 1.0028, lr_0 = 7.1493e-04
Validation r2 = 0.591986
Epoch 8
Loss = 2.8467e-01, PNorm = 34.8610, GNorm = 2.1443, lr_0 = 6.8740e-04
Loss = 3.5329e-01, PNorm = 34.9017, GNorm = 0.9919, lr_0 = 6.6329e-04
Validation r2 = 0.596844
Epoch 9
Loss = 3.2971e-01, PNorm = 34.9593, GNorm = 3.1577, lr_0 = 6.4003e-04
Validation r2 = 0.602364
Epoch 10
Loss = 2.8162e-01, PNorm = 35.0063, GNorm = 1.3716, lr_0 = 6.1539e-04
Loss = 2.6748e-01, PNorm = 35.0428, GNorm = 1.0425, lr_0 = 5.9380e-04
Validation r2 = 0.655243
Epoch 11
Loss = 2.6402e-01, PNorm = 35.0860, GNorm = 2.5163, lr_0 = 5.7298e-04
Validation r2 = 0.665535
Epoch 12
Loss = 2.1987e-01, PNorm = 35.1251, GNorm = 2.5004, lr_0 = 5.5092e-04
Loss = 2.5909e-01, PNorm = 35.1634, GNorm = 1.9777, lr_0 = 5.3160e-04
Validation r2 = 0.652446
Epoch 13
Loss = 2.0689e-01, PNorm = 35.2002, GNorm = 0.6651, lr_0 = 5.1295e-04
Validation r2 = 0.684664
Epoch 14
Loss = 2.2997e-01, PNorm = 35.2332, GNorm = 0.6567, lr_0 = 4.9496e-04
Loss = 2.1854e-01, PNorm = 35.2632, GNorm = 1.0501, lr_0 = 4.7761e-04
Validation r2 = 0.694067
Epoch 15
Loss = 2.0364e-01, PNorm = 35.2989, GNorm = 3.0617, lr_0 = 4.5921e-04
Validation r2 = 0.685801
Epoch 16
Loss = 2.9144e-01, PNorm = 35.3227, GNorm = 2.5041, lr_0 = 4.4311e-04
Loss = 2.1221e-01, PNorm = 35.3529, GNorm = 1.1754, lr_0 = 4.2757e-04
Validation r2 = 0.699908
Epoch 17
Loss = 2.2390e-01, PNorm = 35.3785, GNorm = 0.6452, lr_0 = 4.1111e-04
Loss = 1.8803e-01, PNorm = 35.4064, GNorm = 1.0551, lr_0 = 3.9669e-04
Validation r2 = 0.675374
Epoch 18
Loss = 1.9703e-01, PNorm = 35.4294, GNorm = 0.9317, lr_0 = 3.8278e-04
Validation r2 = 0.711987
Epoch 19
Loss = 1.9629e-01, PNorm = 35.4522, GNorm = 1.7638, lr_0 = 3.6935e-04
Loss = 1.9135e-01, PNorm = 35.4733, GNorm = 2.8140, lr_0 = 3.5640e-04
Validation r2 = 0.718630
Epoch 20
Loss = 1.9027e-01, PNorm = 35.4955, GNorm = 2.6918, lr_0 = 3.4268e-04
Validation r2 = 0.664470
Epoch 21
Loss = 2.0990e-01, PNorm = 35.5187, GNorm = 0.8382, lr_0 = 3.3066e-04
Loss = 1.7974e-01, PNorm = 35.5385, GNorm = 1.9648, lr_0 = 3.1906e-04
Validation r2 = 0.696521
Epoch 22
Loss = 1.8206e-01, PNorm = 35.5597, GNorm = 1.1570, lr_0 = 3.0678e-04
Validation r2 = 0.717684
Epoch 23
Loss = 1.8458e-01, PNorm = 35.5801, GNorm = 3.0514, lr_0 = 2.9602e-04
Loss = 1.8294e-01, PNorm = 35.5938, GNorm = 4.7614, lr_0 = 2.8564e-04
Validation r2 = 0.684068
Epoch 24
Loss = 1.9931e-01, PNorm = 35.6141, GNorm = 1.0964, lr_0 = 2.7464e-04
Validation r2 = 0.690950
Epoch 25
Loss = 1.9201e-01, PNorm = 35.6333, GNorm = 3.5894, lr_0 = 2.6501e-04
Loss = 1.8348e-01, PNorm = 35.6481, GNorm = 1.7348, lr_0 = 2.5571e-04
Validation r2 = 0.721681
Epoch 26
Loss = 1.7914e-01, PNorm = 35.6609, GNorm = 3.9775, lr_0 = 2.4674e-04
Loss = 1.6748e-01, PNorm = 35.6748, GNorm = 3.9788, lr_0 = 2.3809e-04
Loss = 2.8193e-01, PNorm = 35.6757, GNorm = 2.1510, lr_0 = 2.3724e-04
Validation r2 = 0.733634
Epoch 27
Loss = 1.5487e-01, PNorm = 35.6899, GNorm = 1.1275, lr_0 = 2.2892e-04
Validation r2 = 0.724886
Epoch 28
Loss = 1.4560e-01, PNorm = 35.7018, GNorm = 1.8290, lr_0 = 2.2090e-04
Loss = 1.7013e-01, PNorm = 35.7137, GNorm = 2.0696, lr_0 = 2.1315e-04
Validation r2 = 0.733625
Epoch 29
Loss = 1.5982e-01, PNorm = 35.7262, GNorm = 1.7585, lr_0 = 2.0494e-04
Validation r2 = 0.714282
Epoch 30
Loss = 1.8303e-01, PNorm = 35.7388, GNorm = 1.3175, lr_0 = 1.9775e-04
Loss = 1.6275e-01, PNorm = 35.7494, GNorm = 2.6416, lr_0 = 1.9082e-04
Validation r2 = 0.738059
Epoch 31
Loss = 1.5610e-01, PNorm = 35.7618, GNorm = 1.4875, lr_0 = 1.8347e-04
Validation r2 = 0.706475
Epoch 32
Loss = 1.4633e-01, PNorm = 35.7725, GNorm = 2.3041, lr_0 = 1.7704e-04
Loss = 1.5750e-01, PNorm = 35.7816, GNorm = 0.8168, lr_0 = 1.7083e-04
Validation r2 = 0.736774
Epoch 33
Loss = 1.5372e-01, PNorm = 35.7926, GNorm = 1.4497, lr_0 = 1.6484e-04
Validation r2 = 0.711919
Epoch 34
Loss = 2.1378e-01, PNorm = 35.8026, GNorm = 1.1173, lr_0 = 1.5849e-04
Loss = 1.5392e-01, PNorm = 35.8104, GNorm = 0.8437, lr_0 = 1.5293e-04
Validation r2 = 0.749160
Epoch 35
Loss = 1.6887e-01, PNorm = 35.8195, GNorm = 1.6608, lr_0 = 1.4757e-04
Loss = 1.4223e-01, PNorm = 35.8256, GNorm = 2.1463, lr_0 = 1.4239e-04
Loss = 1.9222e-01, PNorm = 35.8266, GNorm = 1.3264, lr_0 = 1.4189e-04
Validation r2 = 0.746744
Epoch 36
Loss = 1.5252e-01, PNorm = 35.8369, GNorm = 0.9061, lr_0 = 1.3691e-04
Validation r2 = 0.751204
Epoch 37
Loss = 1.3658e-01, PNorm = 35.8440, GNorm = 1.4567, lr_0 = 1.3211e-04
Loss = 1.4302e-01, PNorm = 35.8511, GNorm = 0.8630, lr_0 = 1.2748e-04
Validation r2 = 0.734599
Epoch 38
Loss = 1.2917e-01, PNorm = 35.8573, GNorm = 0.4785, lr_0 = 1.2300e-04
Validation r2 = 0.753791
Epoch 39
Loss = 1.2876e-01, PNorm = 35.8649, GNorm = 1.9020, lr_0 = 1.1827e-04
Loss = 1.3645e-01, PNorm = 35.8716, GNorm = 0.7960, lr_0 = 1.1412e-04
Validation r2 = 0.710833
Epoch 40
Loss = 1.4342e-01, PNorm = 35.8760, GNorm = 3.7929, lr_0 = 1.1012e-04
Validation r2 = 0.750244
Epoch 41
Loss = 1.4520e-01, PNorm = 35.8817, GNorm = 2.0527, lr_0 = 1.0588e-04
Loss = 1.3823e-01, PNorm = 35.8887, GNorm = 0.6356, lr_0 = 1.0217e-04
Validation r2 = 0.755041
Epoch 42
Loss = 1.4069e-01, PNorm = 35.8952, GNorm = 0.8981, lr_0 = 1.0000e-04
Validation r2 = 0.757335
Epoch 43
Loss = 1.1801e-01, PNorm = 35.9002, GNorm = 1.1996, lr_0 = 1.0000e-04
Loss = 1.3947e-01, PNorm = 35.9042, GNorm = 0.9945, lr_0 = 1.0000e-04
Validation r2 = 0.739845
Epoch 44
Loss = 1.5676e-01, PNorm = 35.9098, GNorm = 1.1364, lr_0 = 1.0000e-04
Loss = 1.2467e-01, PNorm = 35.9155, GNorm = 1.5850, lr_0 = 1.0000e-04
Validation r2 = 0.752664
Model 0 best validation r2 = 0.757335 on epoch 42
Loading pretrained parameter "encoder.encoder.0.cached_zero_vector".
Loading pretrained parameter "encoder.encoder.0.W_i.weight".
Loading pretrained parameter "encoder.encoder.0.W_h.weight".
Loading pretrained parameter "encoder.encoder.0.W_o.weight".
Loading pretrained parameter "encoder.encoder.0.W_o.bias".
Loading pretrained parameter "ffn.1.weight".
Loading pretrained parameter "ffn.1.bias".
Loading pretrained parameter "ffn.4.weight".
Loading pretrained parameter "ffn.4.bias".
Model 0 test r2 = 0.689996
Ensemble test r2 = 0.689996
5-fold cross validation
	Seed 0 ==> test r2 = 0.543253
	Seed 1 ==> test r2 = 0.781302
	Seed 2 ==> test r2 = 0.595771
	Seed 3 ==> test r2 = 0.777361
	Seed 4 ==> test r2 = 0.689996
Overall test r2 = 0.677537 +/- 0.095504
Elapsed time = 0:06:34
Command line
python /home/maria/anaconda3/envs/crem_ml/lib/python3.7/site-packages/ipykernel_launcher.py -f /home/maria/.local/share/jupyter/runtime/kernel-36e411c2-b361-467e-8e06-666ea8cc6895.json
Args
{'activation': 'ReLU',
 'adding_h': False,
 'aggregation': 'mean',
 'aggregation_norm': 100,
 'atom_descriptor_scaling': True,
 'atom_descriptors': None,
 'atom_descriptors_path': None,
 'atom_descriptors_size': 0,
 'atom_features_size': 0,
 'atom_messages': False,
 'batch_size': 50,
 'bias': False,
 'bias_solvent': False,
 'bond_feature_scaling': True,
 'bond_features_path': None,
 'bond_features_size': 0,
 'cache_cutoff': 10000,
 'checkpoint_dir': None,
 'checkpoint_frzn': None,
 'checkpoint_path': None,
 'checkpoint_paths': None,
 'class_balance': False,
 'config_path': None,
 'crossval_index_dir': None,
 'crossval_index_file': None,
 'crossval_index_sets': None,
 'cuda': False,
 'data_path': './files_histamineh1_write_sdfs/chembl_231_filtered_cet.sdf_std.smi',
 'data_weights_path': None,
 'dataset_type': 'regression',
 'depth': 4,
 'depth_solvent': 3,
 'device': device(type='cpu'),
 'dropout': 0.0,
 'empty_cache': False,
 'ensemble_size': 1,
 'epochs': 5,
 'evidential_regularization': 0,
 'explicit_h': False,
 'extra_metrics': [],
 'features_generator': None,
 'features_only': False,
 'features_path': None,
 'features_scaling': True,
 'features_size': None,
 'ffn_hidden_size': 300,
 'ffn_num_layers': 2,
 'final_lr': 0.0001,
 'folds_file': None,
 'freeze_first_only': False,
 'frzn_ffn_layers': 0,
 'gpu': None,
 'grad_clip': None,
 'hidden_size': 300,
 'hidden_size_solvent': 300,
 'ignore_columns': None,
 'init_lr': 0.0001,
 'log_frequency': 10,
 'loss_function': 'mse',
 'max_data_size': None,
 'max_lr': 0.001,
 'metric': 'r2',
 'metrics': ['r2'],
 'minimize_score': False,
 'mpn_shared': False,
 'multiclass_num_classes': 3,
 'no_atom_descriptor_scaling': False,
 'no_bond_features_scaling': False,
 'no_cache_mol': False,
 'no_cuda': False,
 'no_features_scaling': False,
 'num_folds': 5,
 'num_lrs': 1,
 'num_tasks': 1,
 'num_workers': 8,
 'number_of_molecules': 1,
 'overwrite_default_atom_features': False,
 'overwrite_default_bond_features': False,
 'phase_features_path': None,
 'pytorch_seed': 0,
 'quiet': False,
 'reaction': False,
 'reaction_mode': 'reac_diff',
 'reaction_solvent': False,
 'resume_experiment': False,
 'save_dir': '231_checkpoints_tmp',
 'save_preds': False,
 'save_smiles_splits': False,
 'seed': 0,
 'separate_test_atom_descriptors_path': None,
 'separate_test_bond_features_path': None,
 'separate_test_features_path': None,
 'separate_test_path': None,
 'separate_test_phase_features_path': None,
 'separate_val_atom_descriptors_path': None,
 'separate_val_bond_features_path': None,
 'separate_val_features_path': None,
 'separate_val_path': None,
 'separate_val_phase_features_path': None,
 'show_individual_scores': False,
 'smiles_columns': ['[CH3][N]([CH3])[CH2][CH]1[CH2][C@H]2[c]3[cH][cH][cH][cH][c]3[CH2][c]3[cH][cH][cH][cH][c]3[C@H]2[O]1'],
 'spectra_activation': 'exp',
 'spectra_phase_mask_path': None,
 'spectra_target_floor': 1e-08,
 'split_key_molecule': 0,
 'split_sizes': [0.8, 0.1, 0.1],
 'split_type': 'random',
 'target_columns': None,
 'target_weights': None,
 'task_names': ['7.57'],
 'test': False,
 'test_fold_index': None,
 'train_data_size': None,
 'undirected': False,
 'use_input_features': False,
 'val_fold_index': None,
 'warmup_epochs': 2.0}
Setting molecule featurization parameters to default.
Loading data
Number of tasks = 1
Fold 0
Splitting data with seed 0
Total size = 974 | train size = 779 | val size = 97 | test size = 98
Fitting scaler
Building model 0
MoleculeModel(
  (encoder): MPN(
    (encoder): ModuleList(
      (0): MPNEncoder(
        (dropout_layer): Dropout(p=0.0, inplace=False)
        (act_func): ReLU()
        (W_i): Linear(in_features=147, out_features=300, bias=False)
        (W_h): Linear(in_features=300, out_features=300, bias=False)
        (W_o): Linear(in_features=433, out_features=300, bias=True)
      )
    )
  )
  (ffn): Sequential(
    (0): Dropout(p=0.0, inplace=False)
    (1): Linear(in_features=300, out_features=300, bias=True)
    (2): ReLU()
    (3): Dropout(p=0.0, inplace=False)
    (4): Linear(in_features=300, out_features=1, bias=True)
  )
)
Number of parameters = 355,201
Epoch 0
Loss = 9.3802e-01, PNorm = 34.0163, GNorm = 1.5776, lr_0 = 4.3000e-04
Validation r2 = 0.255337
Epoch 1
Loss = 7.7411e-01, PNorm = 34.0414, GNorm = 5.8047, lr_0 = 7.6000e-04
Loss = 8.0620e-01, PNorm = 34.0815, GNorm = 2.5292, lr_0 = 9.0273e-04
Validation r2 = 0.233237
Epoch 2
Loss = 7.2052e-01, PNorm = 34.1231, GNorm = 2.4611, lr_0 = 5.4117e-04
Validation r2 = 0.427696
Epoch 3
Loss = 5.7573e-01, PNorm = 34.1556, GNorm = 14.2621, lr_0 = 3.0824e-04
Loss = 5.9530e-01, PNorm = 34.1724, GNorm = 9.1488, lr_0 = 1.8478e-04
Validation r2 = 0.447545
Epoch 4
Loss = 5.4523e-01, PNorm = 34.1825, GNorm = 6.8449, lr_0 = 1.1078e-04
Validation r2 = 0.485567
Model 0 best validation r2 = 0.485567 on epoch 4
Loading pretrained parameter "encoder.encoder.0.cached_zero_vector".
Loading pretrained parameter "encoder.encoder.0.W_i.weight".
Loading pretrained parameter "encoder.encoder.0.W_h.weight".
Loading pretrained parameter "encoder.encoder.0.W_o.weight".
Loading pretrained parameter "encoder.encoder.0.W_o.bias".
Loading pretrained parameter "ffn.1.weight".
Loading pretrained parameter "ffn.1.bias".
Loading pretrained parameter "ffn.4.weight".
Loading pretrained parameter "ffn.4.bias".
Model 0 test r2 = 0.431459
Ensemble test r2 = 0.431459
Fold 1
Splitting data with seed 1
Total size = 974 | train size = 779 | val size = 97 | test size = 98
Fitting scaler
Building model 0
MoleculeModel(
  (encoder): MPN(
    (encoder): ModuleList(
      (0): MPNEncoder(
        (dropout_layer): Dropout(p=0.0, inplace=False)
        (act_func): ReLU()
        (W_i): Linear(in_features=147, out_features=300, bias=False)
        (W_h): Linear(in_features=300, out_features=300, bias=False)
        (W_o): Linear(in_features=433, out_features=300, bias=True)
      )
    )
  )
  (ffn): Sequential(
    (0): Dropout(p=0.0, inplace=False)
    (1): Linear(in_features=300, out_features=300, bias=True)
    (2): ReLU()
    (3): Dropout(p=0.0, inplace=False)
    (4): Linear(in_features=300, out_features=1, bias=True)
  )
)
Number of parameters = 355,201
Epoch 0
Loss = 9.0745e-01, PNorm = 34.0161, GNorm = 8.1354, lr_0 = 4.3000e-04
Validation r2 = -0.113441
Epoch 1
Loss = 8.2411e-01, PNorm = 34.0347, GNorm = 6.8589, lr_0 = 7.6000e-04
Loss = 7.3203e-01, PNorm = 34.0770, GNorm = 1.3855, lr_0 = 9.0273e-04
Validation r2 = 0.183214
Epoch 2
Loss = 6.3819e-01, PNorm = 34.1206, GNorm = 8.0848, lr_0 = 5.4117e-04
Validation r2 = 0.229135
Epoch 3
Loss = 4.8547e-01, PNorm = 34.1524, GNorm = 3.5525, lr_0 = 3.0824e-04
Loss = 5.2722e-01, PNorm = 34.1708, GNorm = 10.6341, lr_0 = 1.8478e-04
Validation r2 = 0.191222
Epoch 4
Loss = 4.6964e-01, PNorm = 34.1805, GNorm = 1.9748, lr_0 = 1.1078e-04
Validation r2 = 0.295271
Model 0 best validation r2 = 0.295271 on epoch 4
Loading pretrained parameter "encoder.encoder.0.cached_zero_vector".
Loading pretrained parameter "encoder.encoder.0.W_i.weight".
Loading pretrained parameter "encoder.encoder.0.W_h.weight".
Loading pretrained parameter "encoder.encoder.0.W_o.weight".
Loading pretrained parameter "encoder.encoder.0.W_o.bias".
Loading pretrained parameter "ffn.1.weight".
Loading pretrained parameter "ffn.1.bias".
Loading pretrained parameter "ffn.4.weight".
Loading pretrained parameter "ffn.4.bias".
Model 0 test r2 = 0.512605
Ensemble test r2 = 0.512605
Fold 2
Splitting data with seed 2
Total size = 974 | train size = 779 | val size = 97 | test size = 98
Fitting scaler
Building model 0
MoleculeModel(
  (encoder): MPN(
    (encoder): ModuleList(
      (0): MPNEncoder(
        (dropout_layer): Dropout(p=0.0, inplace=False)
        (act_func): ReLU()
        (W_i): Linear(in_features=147, out_features=300, bias=False)
        (W_h): Linear(in_features=300, out_features=300, bias=False)
        (W_o): Linear(in_features=433, out_features=300, bias=True)
      )
    )
  )
  (ffn): Sequential(
    (0): Dropout(p=0.0, inplace=False)
    (1): Linear(in_features=300, out_features=300, bias=True)
    (2): ReLU()
    (3): Dropout(p=0.0, inplace=False)
    (4): Linear(in_features=300, out_features=1, bias=True)
  )
)
Number of parameters = 355,201
Epoch 0
Loss = 9.9210e-01, PNorm = 34.0130, GNorm = 2.0170, lr_0 = 4.3000e-04
Validation r2 = 0.196426
Epoch 1
Loss = 8.4911e-01, PNorm = 34.0339, GNorm = 2.6928, lr_0 = 7.6000e-04
Loss = 7.8182e-01, PNorm = 34.0728, GNorm = 6.8460, lr_0 = 9.0273e-04
Validation r2 = 0.299987
Epoch 2
Loss = 8.1087e-01, PNorm = 34.1083, GNorm = 5.6964, lr_0 = 5.4117e-04
Validation r2 = 0.320829
Epoch 3
Loss = 6.4858e-01, PNorm = 34.1356, GNorm = 0.7385, lr_0 = 3.0824e-04
Loss = 6.3611e-01, PNorm = 34.1560, GNorm = 0.8455, lr_0 = 1.8478e-04
Validation r2 = 0.457159
Epoch 4
Loss = 5.8843e-01, PNorm = 34.1698, GNorm = 3.6172, lr_0 = 1.1078e-04
Validation r2 = 0.507569
Model 0 best validation r2 = 0.507569 on epoch 4
Loading pretrained parameter "encoder.encoder.0.cached_zero_vector".
Loading pretrained parameter "encoder.encoder.0.W_i.weight".
Loading pretrained parameter "encoder.encoder.0.W_h.weight".
Loading pretrained parameter "encoder.encoder.0.W_o.weight".
Loading pretrained parameter "encoder.encoder.0.W_o.bias".
Loading pretrained parameter "ffn.1.weight".
Loading pretrained parameter "ffn.1.bias".
Loading pretrained parameter "ffn.4.weight".
Loading pretrained parameter "ffn.4.bias".
Model 0 test r2 = 0.342767
Ensemble test r2 = 0.342767
Fold 3
Splitting data with seed 3
Total size = 974 | train size = 779 | val size = 97 | test size = 98
Fitting scaler
Building model 0
MoleculeModel(
  (encoder): MPN(
    (encoder): ModuleList(
      (0): MPNEncoder(
        (dropout_layer): Dropout(p=0.0, inplace=False)
        (act_func): ReLU()
        (W_i): Linear(in_features=147, out_features=300, bias=False)
        (W_h): Linear(in_features=300, out_features=300, bias=False)
        (W_o): Linear(in_features=433, out_features=300, bias=True)
      )
    )
  )
  (ffn): Sequential(
    (0): Dropout(p=0.0, inplace=False)
    (1): Linear(in_features=300, out_features=300, bias=True)
    (2): ReLU()
    (3): Dropout(p=0.0, inplace=False)
    (4): Linear(in_features=300, out_features=1, bias=True)
  )
)
Number of parameters = 355,201
Epoch 0
Loss = 9.7722e-01, PNorm = 34.0142, GNorm = 4.8190, lr_0 = 4.3000e-04
Validation r2 = 0.109211
Epoch 1
Loss = 8.4818e-01, PNorm = 34.0325, GNorm = 1.5821, lr_0 = 7.6000e-04
Loss = 8.3922e-01, PNorm = 34.0730, GNorm = 8.4613, lr_0 = 9.0273e-04
Validation r2 = 0.306155
Epoch 2
Loss = 7.4209e-01, PNorm = 34.1108, GNorm = 1.7993, lr_0 = 5.4117e-04
Validation r2 = 0.452930
Epoch 3
Loss = 5.4092e-01, PNorm = 34.1477, GNorm = 1.8966, lr_0 = 3.0824e-04
Loss = 5.7004e-01, PNorm = 34.1685, GNorm = 3.7748, lr_0 = 1.8478e-04
Validation r2 = 0.532213
Epoch 4
Loss = 5.2585e-01, PNorm = 34.1808, GNorm = 4.4584, lr_0 = 1.1078e-04
Validation r2 = 0.544181
Model 0 best validation r2 = 0.544181 on epoch 4
Loading pretrained parameter "encoder.encoder.0.cached_zero_vector".
Loading pretrained parameter "encoder.encoder.0.W_i.weight".
Loading pretrained parameter "encoder.encoder.0.W_h.weight".
Loading pretrained parameter "encoder.encoder.0.W_o.weight".
Loading pretrained parameter "encoder.encoder.0.W_o.bias".
Loading pretrained parameter "ffn.1.weight".
Loading pretrained parameter "ffn.1.bias".
Loading pretrained parameter "ffn.4.weight".
Loading pretrained parameter "ffn.4.bias".
Model 0 test r2 = 0.402537
Ensemble test r2 = 0.402537
Fold 4
Splitting data with seed 4
Total size = 974 | train size = 779 | val size = 97 | test size = 98
Fitting scaler
Building model 0
MoleculeModel(
  (encoder): MPN(
    (encoder): ModuleList(
      (0): MPNEncoder(
        (dropout_layer): Dropout(p=0.0, inplace=False)
        (act_func): ReLU()
        (W_i): Linear(in_features=147, out_features=300, bias=False)
        (W_h): Linear(in_features=300, out_features=300, bias=False)
        (W_o): Linear(in_features=433, out_features=300, bias=True)
      )
    )
  )
  (ffn): Sequential(
    (0): Dropout(p=0.0, inplace=False)
    (1): Linear(in_features=300, out_features=300, bias=True)
    (2): ReLU()
    (3): Dropout(p=0.0, inplace=False)
    (4): Linear(in_features=300, out_features=1, bias=True)
  )
)
Number of parameters = 355,201
Epoch 0
Loss = 9.4575e-01, PNorm = 34.0141, GNorm = 1.0601, lr_0 = 4.3000e-04
Validation r2 = 0.021146
Epoch 1
Loss = 8.0928e-01, PNorm = 34.0334, GNorm = 4.5201, lr_0 = 7.6000e-04
Loss = 8.1997e-01, PNorm = 34.0736, GNorm = 1.8568, lr_0 = 9.0273e-04
Validation r2 = 0.032821
Epoch 2
Loss = 8.2233e-01, PNorm = 34.1111, GNorm = 2.3176, lr_0 = 5.4117e-04
Validation r2 = 0.304899
Epoch 3
Loss = 6.3880e-01, PNorm = 34.1416, GNorm = 1.3709, lr_0 = 3.0824e-04
Loss = 6.2681e-01, PNorm = 34.1627, GNorm = 3.0040, lr_0 = 1.8478e-04
Validation r2 = 0.368047
Epoch 4
Loss = 5.7529e-01, PNorm = 34.1760, GNorm = 4.2633, lr_0 = 1.1078e-04
Validation r2 = 0.399088
Model 0 best validation r2 = 0.399088 on epoch 4
Loading pretrained parameter "encoder.encoder.0.cached_zero_vector".
Loading pretrained parameter "encoder.encoder.0.W_i.weight".
Loading pretrained parameter "encoder.encoder.0.W_h.weight".
Loading pretrained parameter "encoder.encoder.0.W_o.weight".
Loading pretrained parameter "encoder.encoder.0.W_o.bias".
Loading pretrained parameter "ffn.1.weight".
Loading pretrained parameter "ffn.1.bias".
Loading pretrained parameter "ffn.4.weight".
Loading pretrained parameter "ffn.4.bias".
Model 0 test r2 = 0.334292
Ensemble test r2 = 0.334292
5-fold cross validation
	Seed 0 ==> test r2 = 0.431459
	Seed 1 ==> test r2 = 0.512605
	Seed 2 ==> test r2 = 0.342767
	Seed 3 ==> test r2 = 0.402537
	Seed 4 ==> test r2 = 0.334292
Overall test r2 = 0.404732 +/- 0.065050
Elapsed time = 0:00:48
Command line
python /home/maria/anaconda3/envs/crem_ml/lib/python3.7/site-packages/ipykernel_launcher.py -f /home/maria/.local/share/jupyter/runtime/kernel-36e411c2-b361-467e-8e06-666ea8cc6895.json
Args
{'activation': 'ReLU',
 'adding_h': False,
 'aggregation': 'mean',
 'aggregation_norm': 100,
 'atom_descriptor_scaling': True,
 'atom_descriptors': None,
 'atom_descriptors_path': None,
 'atom_descriptors_size': 0,
 'atom_features_size': 0,
 'atom_messages': False,
 'batch_size': 50,
 'bias': False,
 'bias_solvent': False,
 'bond_feature_scaling': True,
 'bond_features_path': None,
 'bond_features_size': 0,
 'cache_cutoff': 10000,
 'checkpoint_dir': None,
 'checkpoint_frzn': None,
 'checkpoint_path': None,
 'checkpoint_paths': None,
 'class_balance': False,
 'config_path': None,
 'crossval_index_dir': None,
 'crossval_index_file': None,
 'crossval_index_sets': None,
 'cuda': False,
 'data_path': './files_pdgfr_vegfr_write_sdfs/chembl_279.smi',
 'data_weights_path': None,
 'dataset_type': 'regression',
 'depth': 3,
 'depth_solvent': 3,
 'device': device(type='cpu'),
 'dropout': 0.1,
 'empty_cache': False,
 'ensemble_size': 1,
 'epochs': 50,
 'evidential_regularization': 0,
 'explicit_h': False,
 'extra_metrics': [],
 'features_generator': None,
 'features_only': False,
 'features_path': None,
 'features_scaling': True,
 'features_size': None,
 'ffn_hidden_size': 300,
 'ffn_num_layers': 2,
 'final_lr': 0.0001,
 'folds_file': None,
 'freeze_first_only': False,
 'frzn_ffn_layers': 0,
 'gpu': None,
 'grad_clip': None,
 'hidden_size': 300,
 'hidden_size_solvent': 300,
 'ignore_columns': None,
 'init_lr': 0.0001,
 'log_frequency': 10,
 'loss_function': 'mse',
 'max_data_size': None,
 'max_lr': 0.001,
 'metric': 'r2',
 'metrics': ['r2'],
 'minimize_score': False,
 'mpn_shared': False,
 'multiclass_num_classes': 3,
 'no_atom_descriptor_scaling': False,
 'no_bond_features_scaling': False,
 'no_cache_mol': False,
 'no_cuda': False,
 'no_features_scaling': False,
 'num_folds': 5,
 'num_lrs': 1,
 'num_tasks': 1,
 'num_workers': 8,
 'number_of_molecules': 1,
 'overwrite_default_atom_features': False,
 'overwrite_default_bond_features': False,
 'phase_features_path': None,
 'pytorch_seed': 0,
 'quiet': False,
 'reaction': False,
 'reaction_mode': 'reac_diff',
 'reaction_solvent': False,
 'resume_experiment': False,
 'save_dir': '279_checkpoints_drop_01',
 'save_preds': False,
 'save_smiles_splits': False,
 'seed': 0,
 'separate_test_atom_descriptors_path': None,
 'separate_test_bond_features_path': None,
 'separate_test_features_path': None,
 'separate_test_path': None,
 'separate_test_phase_features_path': None,
 'separate_val_atom_descriptors_path': None,
 'separate_val_bond_features_path': None,
 'separate_val_features_path': None,
 'separate_val_path': None,
 'separate_val_phase_features_path': None,
 'show_individual_scores': False,
 'smiles_columns': ['SMILES'],
 'spectra_activation': 'exp',
 'spectra_phase_mask_path': None,
 'spectra_target_floor': 1e-08,
 'split_key_molecule': 0,
 'split_sizes': [0.8, 0.1, 0.1],
 'split_type': 'random',
 'target_columns': None,
 'target_weights': None,
 'task_names': ['activity'],
 'test': False,
 'test_fold_index': None,
 'train_data_size': None,
 'undirected': False,
 'use_input_features': False,
 'val_fold_index': None,
 'warmup_epochs': 2.0}
Setting molecule featurization parameters to default.
Loading data
Number of tasks = 1
Fold 0
Splitting data with seed 0
Total size = 6,557 | train size = 5,245 | val size = 656 | test size = 656
Fitting scaler
Building model 0
MoleculeModel(
  (encoder): MPN(
    (encoder): ModuleList(
      (0): MPNEncoder(
        (dropout_layer): Dropout(p=0.1, inplace=False)
        (act_func): ReLU()
        (W_i): Linear(in_features=147, out_features=300, bias=False)
        (W_h): Linear(in_features=300, out_features=300, bias=False)
        (W_o): Linear(in_features=433, out_features=300, bias=True)
      )
    )
  )
  (ffn): Sequential(
    (0): Dropout(p=0.1, inplace=False)
    (1): Linear(in_features=300, out_features=300, bias=True)
    (2): ReLU()
    (3): Dropout(p=0.1, inplace=False)
    (4): Linear(in_features=300, out_features=1, bias=True)
  )
)
Number of parameters = 355,201
Epoch 0
Loss = 1.0120e+00, PNorm = 34.0101, GNorm = 1.9868, lr_0 = 1.4760e-04
Loss = 1.0137e+00, PNorm = 34.0105, GNorm = 7.3760, lr_0 = 1.9087e-04
Loss = 9.7807e-01, PNorm = 34.0120, GNorm = 1.5673, lr_0 = 2.3413e-04
Loss = 9.9794e-01, PNorm = 34.0148, GNorm = 1.5952, lr_0 = 2.7740e-04
Loss = 1.0376e+00, PNorm = 34.0190, GNorm = 2.6656, lr_0 = 3.2067e-04
Loss = 9.7404e-01, PNorm = 34.0262, GNorm = 3.2883, lr_0 = 3.6394e-04
Loss = 1.0196e+00, PNorm = 34.0342, GNorm = 1.5826, lr_0 = 4.0721e-04
Loss = 8.9438e-01, PNorm = 34.0446, GNorm = 1.2617, lr_0 = 4.5048e-04
Loss = 1.0215e+00, PNorm = 34.0550, GNorm = 1.9398, lr_0 = 4.9375e-04
Loss = 9.6088e-01, PNorm = 34.0676, GNorm = 3.8800, lr_0 = 5.3702e-04
Validation r2 = 0.024754
Epoch 1
Loss = 9.3500e-01, PNorm = 34.0847, GNorm = 0.9146, lr_0 = 5.8462e-04
Loss = 9.4049e-01, PNorm = 34.1052, GNorm = 1.3912, lr_0 = 6.2788e-04
Loss = 9.7349e-01, PNorm = 34.1251, GNorm = 1.2266, lr_0 = 6.7115e-04
Loss = 1.0191e+00, PNorm = 34.1483, GNorm = 3.7919, lr_0 = 7.1442e-04
Loss = 9.5593e-01, PNorm = 34.1749, GNorm = 2.2415, lr_0 = 7.5769e-04
Loss = 9.4818e-01, PNorm = 34.2053, GNorm = 1.1546, lr_0 = 8.0096e-04
Loss = 8.6890e-01, PNorm = 34.2500, GNorm = 0.9580, lr_0 = 8.4423e-04
Loss = 8.7697e-01, PNorm = 34.3022, GNorm = 1.0658, lr_0 = 8.8750e-04
Loss = 9.0501e-01, PNorm = 34.3350, GNorm = 1.4667, lr_0 = 9.3077e-04
Loss = 9.4310e-01, PNorm = 34.3846, GNorm = 1.4987, lr_0 = 9.7404e-04
Validation r2 = 0.062917
Epoch 2
Loss = 7.6370e-01, PNorm = 34.4353, GNorm = 1.0111, lr_0 = 9.9816e-04
Loss = 8.7860e-01, PNorm = 34.4924, GNorm = 0.6292, lr_0 = 9.9356e-04
Loss = 8.9664e-01, PNorm = 34.5596, GNorm = 1.3640, lr_0 = 9.8899e-04
Loss = 8.7783e-01, PNorm = 34.6278, GNorm = 0.9315, lr_0 = 9.8444e-04
Loss = 8.6695e-01, PNorm = 34.6872, GNorm = 1.8641, lr_0 = 9.7991e-04
Loss = 9.9174e-01, PNorm = 34.7460, GNorm = 2.8260, lr_0 = 9.7540e-04
Loss = 7.9198e-01, PNorm = 34.8078, GNorm = 0.5942, lr_0 = 9.7091e-04
Loss = 8.0152e-01, PNorm = 34.8597, GNorm = 1.7245, lr_0 = 9.6644e-04
Loss = 8.2531e-01, PNorm = 34.9098, GNorm = 1.0859, lr_0 = 9.6200e-04
Loss = 8.4493e-01, PNorm = 34.9581, GNorm = 0.5678, lr_0 = 9.5757e-04
Loss = 8.5463e-01, PNorm = 35.0075, GNorm = 0.7738, lr_0 = 9.5316e-04
Validation r2 = 0.135670
Epoch 3
Loss = 8.5206e-01, PNorm = 35.0568, GNorm = 1.4804, lr_0 = 9.4878e-04
Loss = 8.3472e-01, PNorm = 35.1109, GNorm = 0.9915, lr_0 = 9.4441e-04
Loss = 8.2587e-01, PNorm = 35.1743, GNorm = 1.6928, lr_0 = 9.4006e-04
Loss = 7.2322e-01, PNorm = 35.2390, GNorm = 0.7353, lr_0 = 9.3574e-04
Loss = 7.6366e-01, PNorm = 35.2982, GNorm = 1.5962, lr_0 = 9.3143e-04
Loss = 7.1946e-01, PNorm = 35.3576, GNorm = 1.0812, lr_0 = 9.2714e-04
Loss = 8.2844e-01, PNorm = 35.4233, GNorm = 3.0840, lr_0 = 9.2288e-04
Loss = 8.5782e-01, PNorm = 35.4880, GNorm = 2.5869, lr_0 = 9.1863e-04
Loss = 7.3871e-01, PNorm = 35.5566, GNorm = 1.2758, lr_0 = 9.1440e-04
Loss = 6.9944e-01, PNorm = 35.6166, GNorm = 2.3540, lr_0 = 9.1020e-04
Validation r2 = 0.256003
Epoch 4
Loss = 6.3774e-01, PNorm = 35.6697, GNorm = 1.0842, lr_0 = 9.0601e-04
Loss = 6.8170e-01, PNorm = 35.7328, GNorm = 1.1861, lr_0 = 9.0184e-04
Loss = 6.9896e-01, PNorm = 35.7951, GNorm = 0.6922, lr_0 = 8.9769e-04
Loss = 8.0175e-01, PNorm = 35.8620, GNorm = 2.0456, lr_0 = 8.9356e-04
Loss = 7.6186e-01, PNorm = 35.9175, GNorm = 1.1925, lr_0 = 8.8944e-04
Loss = 7.1614e-01, PNorm = 35.9670, GNorm = 1.1862, lr_0 = 8.8535e-04
Loss = 6.5465e-01, PNorm = 36.0224, GNorm = 1.3172, lr_0 = 8.8128e-04
Loss = 6.3332e-01, PNorm = 36.0787, GNorm = 5.6967, lr_0 = 8.7722e-04
Loss = 8.5800e-01, PNorm = 36.1375, GNorm = 1.1440, lr_0 = 8.7318e-04
Loss = 7.6110e-01, PNorm = 36.2035, GNorm = 1.5406, lr_0 = 8.6917e-04
Loss = 6.7312e-01, PNorm = 36.2546, GNorm = 0.7223, lr_0 = 8.6517e-04
Validation r2 = 0.317184
Epoch 5
Loss = 6.9369e-01, PNorm = 36.3083, GNorm = 2.4153, lr_0 = 8.6118e-04
Loss = 6.4738e-01, PNorm = 36.3625, GNorm = 1.5307, lr_0 = 8.5722e-04
Loss = 6.4840e-01, PNorm = 36.4156, GNorm = 1.0556, lr_0 = 8.5328e-04
Loss = 6.6450e-01, PNorm = 36.4738, GNorm = 2.1736, lr_0 = 8.4935e-04
Loss = 6.6746e-01, PNorm = 36.5220, GNorm = 1.1180, lr_0 = 8.4544e-04
Loss = 7.1168e-01, PNorm = 36.5752, GNorm = 1.4096, lr_0 = 8.4155e-04
Loss = 6.8592e-01, PNorm = 36.6402, GNorm = 2.6489, lr_0 = 8.3768e-04
Loss = 6.8584e-01, PNorm = 36.6828, GNorm = 1.8955, lr_0 = 8.3382e-04
Loss = 7.2189e-01, PNorm = 36.7573, GNorm = 1.5088, lr_0 = 8.2999e-04
Loss = 6.9819e-01, PNorm = 36.8189, GNorm = 2.1532, lr_0 = 8.2617e-04
Validation r2 = 0.336093
Epoch 6
Loss = 5.1445e-01, PNorm = 36.8701, GNorm = 1.0232, lr_0 = 8.2236e-04
Loss = 6.6782e-01, PNorm = 36.9260, GNorm = 0.9264, lr_0 = 8.1858e-04
Loss = 6.2704e-01, PNorm = 36.9772, GNorm = 1.9475, lr_0 = 8.1481e-04
Loss = 5.9568e-01, PNorm = 37.0271, GNorm = 1.1863, lr_0 = 8.1106e-04
Loss = 6.3332e-01, PNorm = 37.0744, GNorm = 1.8803, lr_0 = 8.0733e-04
Loss = 6.5169e-01, PNorm = 37.1290, GNorm = 2.0750, lr_0 = 8.0362e-04
Loss = 6.1976e-01, PNorm = 37.1872, GNorm = 1.1003, lr_0 = 7.9992e-04
Loss = 5.9153e-01, PNorm = 37.2428, GNorm = 3.4163, lr_0 = 7.9624e-04
Loss = 6.9510e-01, PNorm = 37.2817, GNorm = 1.7811, lr_0 = 7.9257e-04
Loss = 6.1528e-01, PNorm = 37.3324, GNorm = 4.0803, lr_0 = 7.8892e-04
Loss = 6.2228e-01, PNorm = 37.3800, GNorm = 0.9812, lr_0 = 7.8529e-04
Validation r2 = 0.380520
Epoch 7
Loss = 6.0041e-01, PNorm = 37.4335, GNorm = 3.2956, lr_0 = 7.8168e-04
Loss = 5.5498e-01, PNorm = 37.4863, GNorm = 2.5137, lr_0 = 7.7808e-04
Loss = 6.0835e-01, PNorm = 37.5417, GNorm = 0.9512, lr_0 = 7.7450e-04
Loss = 6.2095e-01, PNorm = 37.5982, GNorm = 1.2586, lr_0 = 7.7094e-04
Loss = 6.2118e-01, PNorm = 37.6457, GNorm = 1.2223, lr_0 = 7.6739e-04
Loss = 5.5313e-01, PNorm = 37.6962, GNorm = 0.9981, lr_0 = 7.6386e-04
Loss = 6.0104e-01, PNorm = 37.7423, GNorm = 1.6348, lr_0 = 7.6034e-04
Loss = 6.1353e-01, PNorm = 37.7853, GNorm = 1.5246, lr_0 = 7.5684e-04
Loss = 5.2190e-01, PNorm = 37.8278, GNorm = 1.7769, lr_0 = 7.5336e-04
Loss = 6.1367e-01, PNorm = 37.8722, GNorm = 2.1904, lr_0 = 7.4989e-04
Validation r2 = 0.389363
Epoch 8
Loss = 5.4321e-01, PNorm = 37.9081, GNorm = 2.3134, lr_0 = 7.4644e-04
Loss = 5.9151e-01, PNorm = 37.9539, GNorm = 1.2636, lr_0 = 7.4301e-04
Loss = 5.3669e-01, PNorm = 38.0078, GNorm = 1.3792, lr_0 = 7.3959e-04
Loss = 5.3445e-01, PNorm = 38.0503, GNorm = 0.9408, lr_0 = 7.3619e-04
Loss = 5.6595e-01, PNorm = 38.1048, GNorm = 1.5519, lr_0 = 7.3280e-04
Loss = 5.0634e-01, PNorm = 38.1522, GNorm = 1.6102, lr_0 = 7.2943e-04
Loss = 6.2208e-01, PNorm = 38.1857, GNorm = 1.9778, lr_0 = 7.2607e-04
Loss = 6.2542e-01, PNorm = 38.2339, GNorm = 1.0794, lr_0 = 7.2273e-04
Loss = 5.2962e-01, PNorm = 38.2863, GNorm = 1.5821, lr_0 = 7.1940e-04
Loss = 5.8266e-01, PNorm = 38.3255, GNorm = 1.3536, lr_0 = 7.1609e-04
Loss = 5.7463e-01, PNorm = 38.3621, GNorm = 1.1713, lr_0 = 7.1280e-04
Validation r2 = 0.444766
Epoch 9
Loss = 4.9046e-01, PNorm = 38.4046, GNorm = 0.7998, lr_0 = 7.0951e-04
Loss = 5.2699e-01, PNorm = 38.4472, GNorm = 1.0948, lr_0 = 7.0625e-04
Loss = 5.5056e-01, PNorm = 38.4916, GNorm = 1.5319, lr_0 = 7.0300e-04
Loss = 5.1875e-01, PNorm = 38.5323, GNorm = 2.7073, lr_0 = 6.9976e-04
Loss = 6.0172e-01, PNorm = 38.5799, GNorm = 1.6030, lr_0 = 6.9654e-04
Loss = 5.5375e-01, PNorm = 38.6321, GNorm = 1.7290, lr_0 = 6.9334e-04
Loss = 5.0382e-01, PNorm = 38.6727, GNorm = 1.5544, lr_0 = 6.9015e-04
Loss = 4.6714e-01, PNorm = 38.7126, GNorm = 1.6491, lr_0 = 6.8697e-04
Loss = 5.2033e-01, PNorm = 38.7431, GNorm = 3.1790, lr_0 = 6.8381e-04
Loss = 5.5366e-01, PNorm = 38.7797, GNorm = 0.9084, lr_0 = 6.8066e-04
Validation r2 = 0.434271
Epoch 10
Loss = 4.4553e-01, PNorm = 38.8224, GNorm = 1.5457, lr_0 = 6.7753e-04
Loss = 5.3258e-01, PNorm = 38.8644, GNorm = 1.3678, lr_0 = 6.7441e-04
Loss = 5.2588e-01, PNorm = 38.9132, GNorm = 1.4797, lr_0 = 6.7131e-04
Loss = 5.2205e-01, PNorm = 38.9587, GNorm = 1.4690, lr_0 = 6.6822e-04
Loss = 5.3574e-01, PNorm = 39.0024, GNorm = 1.1287, lr_0 = 6.6515e-04
Loss = 5.3659e-01, PNorm = 39.0451, GNorm = 1.0651, lr_0 = 6.6208e-04
Loss = 5.6213e-01, PNorm = 39.0815, GNorm = 0.9525, lr_0 = 6.5904e-04
Loss = 5.1528e-01, PNorm = 39.1193, GNorm = 1.2293, lr_0 = 6.5600e-04
Loss = 4.1059e-01, PNorm = 39.1540, GNorm = 1.0233, lr_0 = 6.5299e-04
Loss = 5.7984e-01, PNorm = 39.1872, GNorm = 1.5607, lr_0 = 6.4998e-04
Loss = 5.0347e-01, PNorm = 39.2248, GNorm = 2.0445, lr_0 = 6.4699e-04
Validation r2 = 0.427824
Epoch 11
Loss = 4.7716e-01, PNorm = 39.2633, GNorm = 1.3906, lr_0 = 6.4372e-04
Loss = 5.1545e-01, PNorm = 39.3049, GNorm = 1.1166, lr_0 = 6.4075e-04
Loss = 4.6663e-01, PNorm = 39.3446, GNorm = 1.0975, lr_0 = 6.3780e-04
Loss = 4.5398e-01, PNorm = 39.3764, GNorm = 1.3298, lr_0 = 6.3487e-04
Loss = 4.8089e-01, PNorm = 39.4059, GNorm = 2.7734, lr_0 = 6.3195e-04
Loss = 5.3262e-01, PNorm = 39.4322, GNorm = 1.5865, lr_0 = 6.2904e-04
Loss = 4.8067e-01, PNorm = 39.4660, GNorm = 3.0243, lr_0 = 6.2614e-04
Loss = 5.0151e-01, PNorm = 39.4989, GNorm = 1.4733, lr_0 = 6.2326e-04
Loss = 4.5118e-01, PNorm = 39.5328, GNorm = 1.9059, lr_0 = 6.2039e-04
Loss = 4.7982e-01, PNorm = 39.5706, GNorm = 2.0276, lr_0 = 6.1754e-04
Validation r2 = 0.512480
Epoch 12
Loss = 4.6561e-01, PNorm = 39.6028, GNorm = 1.2271, lr_0 = 6.1470e-04
Loss = 4.8089e-01, PNorm = 39.6462, GNorm = 1.6862, lr_0 = 6.1187e-04
Loss = 4.9316e-01, PNorm = 39.6839, GNorm = 1.5938, lr_0 = 6.0905e-04
Loss = 4.4775e-01, PNorm = 39.7176, GNorm = 1.1340, lr_0 = 6.0625e-04
Loss = 5.0787e-01, PNorm = 39.7526, GNorm = 1.2327, lr_0 = 6.0346e-04
Loss = 4.7490e-01, PNorm = 39.7805, GNorm = 1.3336, lr_0 = 6.0068e-04
Loss = 4.4789e-01, PNorm = 39.8094, GNorm = 1.1844, lr_0 = 5.9792e-04
Loss = 4.8289e-01, PNorm = 39.8435, GNorm = 1.2513, lr_0 = 5.9517e-04
Loss = 4.9027e-01, PNorm = 39.8712, GNorm = 1.4545, lr_0 = 5.9243e-04
Loss = 4.6767e-01, PNorm = 39.8912, GNorm = 1.3809, lr_0 = 5.8970e-04
Loss = 4.5619e-01, PNorm = 39.9207, GNorm = 1.3870, lr_0 = 5.8699e-04
Validation r2 = 0.529296
Epoch 13
Loss = 3.9629e-01, PNorm = 39.9580, GNorm = 2.9340, lr_0 = 5.8429e-04
Loss = 4.8013e-01, PNorm = 39.9894, GNorm = 1.2185, lr_0 = 5.8160e-04
Loss = 4.6192e-01, PNorm = 40.0210, GNorm = 1.4884, lr_0 = 5.7892e-04
Loss = 4.3540e-01, PNorm = 40.0444, GNorm = 2.1136, lr_0 = 5.7626e-04
Loss = 4.6341e-01, PNorm = 40.0719, GNorm = 4.2924, lr_0 = 5.7361e-04
Loss = 4.9011e-01, PNorm = 40.0886, GNorm = 2.5055, lr_0 = 5.7097e-04
Loss = 4.9351e-01, PNorm = 40.1189, GNorm = 1.3062, lr_0 = 5.6834e-04
Loss = 4.3229e-01, PNorm = 40.1501, GNorm = 1.5728, lr_0 = 5.6572e-04
Loss = 4.4986e-01, PNorm = 40.1862, GNorm = 1.1583, lr_0 = 5.6312e-04
Loss = 4.5495e-01, PNorm = 40.2198, GNorm = 1.1926, lr_0 = 5.6053e-04
Validation r2 = 0.534333
Epoch 14
Loss = 4.0513e-01, PNorm = 40.2457, GNorm = 1.2486, lr_0 = 5.5795e-04
Loss = 4.3736e-01, PNorm = 40.2752, GNorm = 1.2869, lr_0 = 5.5538e-04
Loss = 4.1351e-01, PNorm = 40.2971, GNorm = 1.6942, lr_0 = 5.5283e-04
Loss = 4.8881e-01, PNorm = 40.3206, GNorm = 1.7464, lr_0 = 5.5028e-04
Loss = 4.1227e-01, PNorm = 40.3464, GNorm = 1.0434, lr_0 = 5.4775e-04
Loss = 4.8990e-01, PNorm = 40.3754, GNorm = 2.4402, lr_0 = 5.4523e-04
Loss = 4.2056e-01, PNorm = 40.3993, GNorm = 1.6697, lr_0 = 5.4272e-04
Loss = 4.4728e-01, PNorm = 40.4310, GNorm = 1.0362, lr_0 = 5.4022e-04
Loss = 4.3015e-01, PNorm = 40.4631, GNorm = 1.1863, lr_0 = 5.3774e-04
Loss = 4.6419e-01, PNorm = 40.4915, GNorm = 1.1763, lr_0 = 5.3526e-04
Loss = 4.1383e-01, PNorm = 40.5172, GNorm = 2.3444, lr_0 = 5.3280e-04
Validation r2 = 0.533061
Epoch 15
Loss = 4.3092e-01, PNorm = 40.5346, GNorm = 1.4108, lr_0 = 5.3035e-04
Loss = 5.2780e-01, PNorm = 40.5686, GNorm = 1.8948, lr_0 = 5.2791e-04
Loss = 4.4780e-01, PNorm = 40.5963, GNorm = 1.2479, lr_0 = 5.2548e-04
Loss = 4.0740e-01, PNorm = 40.6210, GNorm = 1.3724, lr_0 = 5.2306e-04
Loss = 4.0827e-01, PNorm = 40.6490, GNorm = 1.1518, lr_0 = 5.2065e-04
Loss = 4.6799e-01, PNorm = 40.6750, GNorm = 1.5730, lr_0 = 5.1825e-04
Loss = 4.2642e-01, PNorm = 40.7066, GNorm = 1.4375, lr_0 = 5.1587e-04
Loss = 4.1433e-01, PNorm = 40.7267, GNorm = 1.3423, lr_0 = 5.1350e-04
Loss = 3.6768e-01, PNorm = 40.7470, GNorm = 1.1413, lr_0 = 5.1113e-04
Loss = 4.4441e-01, PNorm = 40.7717, GNorm = 1.1142, lr_0 = 5.0878e-04
Validation r2 = 0.559541
Epoch 16
Loss = 3.7208e-01, PNorm = 40.7935, GNorm = 1.5637, lr_0 = 5.0644e-04
Loss = 3.9762e-01, PNorm = 40.8135, GNorm = 1.5643, lr_0 = 5.0411e-04
Loss = 4.0322e-01, PNorm = 40.8347, GNorm = 1.5688, lr_0 = 5.0179e-04
Loss = 3.8719e-01, PNorm = 40.8539, GNorm = 2.1528, lr_0 = 4.9948e-04
Loss = 4.4667e-01, PNorm = 40.8688, GNorm = 1.4374, lr_0 = 4.9718e-04
Loss = 3.9803e-01, PNorm = 40.8918, GNorm = 1.5768, lr_0 = 4.9489e-04
Loss = 4.3423e-01, PNorm = 40.9170, GNorm = 1.1469, lr_0 = 4.9262e-04
Loss = 4.8420e-01, PNorm = 40.9393, GNorm = 2.0329, lr_0 = 4.9035e-04
Loss = 4.3837e-01, PNorm = 40.9677, GNorm = 2.8970, lr_0 = 4.8809e-04
Loss = 4.2072e-01, PNorm = 40.9905, GNorm = 2.1092, lr_0 = 4.8585e-04
Loss = 4.3265e-01, PNorm = 41.0107, GNorm = 1.9838, lr_0 = 4.8361e-04
Validation r2 = 0.576465
Epoch 17
Loss = 4.2520e-01, PNorm = 41.0383, GNorm = 2.0727, lr_0 = 4.8138e-04
Loss = 4.0607e-01, PNorm = 41.0621, GNorm = 1.8564, lr_0 = 4.7917e-04
Loss = 4.2487e-01, PNorm = 41.0824, GNorm = 1.3997, lr_0 = 4.7696e-04
Loss = 4.0038e-01, PNorm = 41.1105, GNorm = 1.2750, lr_0 = 4.7477e-04
Loss = 4.0193e-01, PNorm = 41.1358, GNorm = 1.2555, lr_0 = 4.7258e-04
Loss = 4.0624e-01, PNorm = 41.1547, GNorm = 1.1505, lr_0 = 4.7041e-04
Loss = 3.9571e-01, PNorm = 41.1772, GNorm = 1.8323, lr_0 = 4.6824e-04
Loss = 3.7457e-01, PNorm = 41.1928, GNorm = 1.6493, lr_0 = 4.6609e-04
Loss = 3.6245e-01, PNorm = 41.2082, GNorm = 1.0180, lr_0 = 4.6394e-04
Loss = 4.3616e-01, PNorm = 41.2309, GNorm = 1.5666, lr_0 = 4.6181e-04
Validation r2 = 0.576451
Epoch 18
Loss = 3.2403e-01, PNorm = 41.2533, GNorm = 1.0156, lr_0 = 4.5968e-04
Loss = 3.7638e-01, PNorm = 41.2782, GNorm = 1.1938, lr_0 = 4.5757e-04
Loss = 4.3041e-01, PNorm = 41.2943, GNorm = 1.3654, lr_0 = 4.5546e-04
Loss = 3.9277e-01, PNorm = 41.3129, GNorm = 2.4119, lr_0 = 4.5337e-04
Loss = 3.7480e-01, PNorm = 41.3408, GNorm = 1.1494, lr_0 = 4.5128e-04
Loss = 4.1513e-01, PNorm = 41.3617, GNorm = 1.8499, lr_0 = 4.4920e-04
Loss = 4.1702e-01, PNorm = 41.3794, GNorm = 1.5716, lr_0 = 4.4714e-04
Loss = 4.2793e-01, PNorm = 41.4011, GNorm = 1.5629, lr_0 = 4.4508e-04
Loss = 3.8950e-01, PNorm = 41.4196, GNorm = 1.7124, lr_0 = 4.4303e-04
Loss = 3.5040e-01, PNorm = 41.4414, GNorm = 1.4611, lr_0 = 4.4099e-04
Loss = 4.3069e-01, PNorm = 41.4601, GNorm = 2.3397, lr_0 = 4.3896e-04
Validation r2 = 0.582765
Epoch 19
Loss = 3.8691e-01, PNorm = 41.4687, GNorm = 2.5737, lr_0 = 4.3694e-04
Loss = 3.7022e-01, PNorm = 41.4876, GNorm = 1.1991, lr_0 = 4.3493e-04
Loss = 4.3244e-01, PNorm = 41.5085, GNorm = 1.8164, lr_0 = 4.3293e-04
Loss = 4.1570e-01, PNorm = 41.5302, GNorm = 1.5425, lr_0 = 4.3094e-04
Loss = 3.5732e-01, PNorm = 41.5548, GNorm = 1.6945, lr_0 = 4.2896e-04
Loss = 4.1483e-01, PNorm = 41.5713, GNorm = 1.9932, lr_0 = 4.2698e-04
Loss = 4.1579e-01, PNorm = 41.5911, GNorm = 1.2592, lr_0 = 4.2502e-04
Loss = 3.7126e-01, PNorm = 41.6131, GNorm = 1.4298, lr_0 = 4.2306e-04
Loss = 3.8107e-01, PNorm = 41.6317, GNorm = 1.1000, lr_0 = 4.2111e-04
Loss = 4.0209e-01, PNorm = 41.6496, GNorm = 1.4879, lr_0 = 4.1918e-04
Validation r2 = 0.581330
Epoch 20
Loss = 3.9976e-01, PNorm = 41.6715, GNorm = 2.3242, lr_0 = 4.1725e-04
Loss = 4.2467e-01, PNorm = 41.6923, GNorm = 1.9584, lr_0 = 4.1533e-04
Loss = 4.1750e-01, PNorm = 41.7070, GNorm = 1.0722, lr_0 = 4.1341e-04
Loss = 3.8260e-01, PNorm = 41.7202, GNorm = 1.5089, lr_0 = 4.1151e-04
Loss = 4.6728e-01, PNorm = 41.7350, GNorm = 0.9096, lr_0 = 4.0962e-04
Loss = 3.0550e-01, PNorm = 41.7540, GNorm = 1.0036, lr_0 = 4.0773e-04
Loss = 3.3086e-01, PNorm = 41.7683, GNorm = 1.4345, lr_0 = 4.0586e-04
Loss = 3.5778e-01, PNorm = 41.7851, GNorm = 2.4030, lr_0 = 4.0399e-04
Loss = 3.8359e-01, PNorm = 41.8030, GNorm = 1.6164, lr_0 = 4.0213e-04
Loss = 3.7886e-01, PNorm = 41.8209, GNorm = 1.1720, lr_0 = 4.0028e-04
Loss = 3.5325e-01, PNorm = 41.8360, GNorm = 1.8706, lr_0 = 3.9844e-04
Validation r2 = 0.609443
Epoch 21
Loss = 3.8054e-01, PNorm = 41.8551, GNorm = 1.5088, lr_0 = 3.9642e-04
Loss = 3.7733e-01, PNorm = 41.8794, GNorm = 1.1767, lr_0 = 3.9460e-04
Loss = 3.4070e-01, PNorm = 41.8954, GNorm = 1.3861, lr_0 = 3.9278e-04
Loss = 3.5719e-01, PNorm = 41.9065, GNorm = 1.8861, lr_0 = 3.9097e-04
Loss = 3.8707e-01, PNorm = 41.9224, GNorm = 1.7592, lr_0 = 3.8917e-04
Loss = 3.8431e-01, PNorm = 41.9420, GNorm = 1.5822, lr_0 = 3.8738e-04
Loss = 3.8782e-01, PNorm = 41.9559, GNorm = 1.2723, lr_0 = 3.8560e-04
Loss = 3.2911e-01, PNorm = 41.9688, GNorm = 1.2889, lr_0 = 3.8383e-04
Loss = 3.5938e-01, PNorm = 41.9838, GNorm = 1.5340, lr_0 = 3.8206e-04
Loss = 3.9432e-01, PNorm = 41.9953, GNorm = 2.0731, lr_0 = 3.8030e-04
Validation r2 = 0.605955
Epoch 22
Loss = 3.2023e-01, PNorm = 42.0136, GNorm = 0.9797, lr_0 = 3.7855e-04
Loss = 3.8053e-01, PNorm = 42.0328, GNorm = 1.9826, lr_0 = 3.7681e-04
Loss = 3.3177e-01, PNorm = 42.0523, GNorm = 2.2767, lr_0 = 3.7508e-04
Loss = 3.7059e-01, PNorm = 42.0681, GNorm = 2.4568, lr_0 = 3.7335e-04
Loss = 3.7573e-01, PNorm = 42.0861, GNorm = 1.9665, lr_0 = 3.7163e-04
Loss = 3.6862e-01, PNorm = 42.0962, GNorm = 1.3471, lr_0 = 3.6992e-04
Loss = 3.4269e-01, PNorm = 42.1102, GNorm = 2.1658, lr_0 = 3.6822e-04
Loss = 4.2051e-01, PNorm = 42.1282, GNorm = 2.1339, lr_0 = 3.6652e-04
Loss = 3.6399e-01, PNorm = 42.1452, GNorm = 1.9541, lr_0 = 3.6484e-04
Loss = 3.5121e-01, PNorm = 42.1597, GNorm = 1.2609, lr_0 = 3.6316e-04
Loss = 3.2825e-01, PNorm = 42.1738, GNorm = 2.5988, lr_0 = 3.6149e-04
Validation r2 = 0.611743
Epoch 23
Loss = 3.4395e-01, PNorm = 42.1910, GNorm = 0.9724, lr_0 = 3.5982e-04
Loss = 3.8377e-01, PNorm = 42.2099, GNorm = 1.0156, lr_0 = 3.5817e-04
Loss = 3.1510e-01, PNorm = 42.2291, GNorm = 1.0915, lr_0 = 3.5652e-04
Loss = 4.0049e-01, PNorm = 42.2410, GNorm = 1.4342, lr_0 = 3.5488e-04
Loss = 3.3441e-01, PNorm = 42.2523, GNorm = 1.5858, lr_0 = 3.5325e-04
Loss = 3.9436e-01, PNorm = 42.2643, GNorm = 1.5712, lr_0 = 3.5162e-04
Loss = 3.5876e-01, PNorm = 42.2785, GNorm = 1.3012, lr_0 = 3.5000e-04
Loss = 3.3472e-01, PNorm = 42.2939, GNorm = 2.0628, lr_0 = 3.4839e-04
Loss = 3.3985e-01, PNorm = 42.3097, GNorm = 2.5329, lr_0 = 3.4679e-04
Loss = 3.4657e-01, PNorm = 42.3209, GNorm = 1.4502, lr_0 = 3.4519e-04
Validation r2 = 0.618072
Epoch 24
Loss = 2.8748e-01, PNorm = 42.3327, GNorm = 0.9650, lr_0 = 3.4360e-04
Loss = 3.3021e-01, PNorm = 42.3502, GNorm = 1.3504, lr_0 = 3.4202e-04
Loss = 3.4346e-01, PNorm = 42.3660, GNorm = 1.9487, lr_0 = 3.4045e-04
Loss = 3.6740e-01, PNorm = 42.3800, GNorm = 1.5085, lr_0 = 3.3888e-04
Loss = 3.2278e-01, PNorm = 42.3938, GNorm = 1.3832, lr_0 = 3.3732e-04
Loss = 3.8777e-01, PNorm = 42.4085, GNorm = 2.1044, lr_0 = 3.3577e-04
Loss = 3.2216e-01, PNorm = 42.4213, GNorm = 1.7499, lr_0 = 3.3422e-04
Loss = 3.6289e-01, PNorm = 42.4342, GNorm = 1.8050, lr_0 = 3.3269e-04
Loss = 3.5177e-01, PNorm = 42.4495, GNorm = 1.0910, lr_0 = 3.3116e-04
Loss = 3.9698e-01, PNorm = 42.4583, GNorm = 1.2661, lr_0 = 3.2963e-04
Loss = 3.4307e-01, PNorm = 42.4718, GNorm = 1.3789, lr_0 = 3.2811e-04
Validation r2 = 0.626691
Epoch 25
Loss = 2.7410e-01, PNorm = 42.4844, GNorm = 1.1289, lr_0 = 3.2660e-04
Loss = 3.0641e-01, PNorm = 42.4967, GNorm = 1.2755, lr_0 = 3.2510e-04
Loss = 3.2239e-01, PNorm = 42.5110, GNorm = 1.0867, lr_0 = 3.2361e-04
Loss = 3.9975e-01, PNorm = 42.5196, GNorm = 1.5706, lr_0 = 3.2212e-04
Loss = 3.7177e-01, PNorm = 42.5286, GNorm = 2.6859, lr_0 = 3.2063e-04
Loss = 3.5667e-01, PNorm = 42.5441, GNorm = 1.3975, lr_0 = 3.1916e-04
Loss = 3.4700e-01, PNorm = 42.5613, GNorm = 2.2239, lr_0 = 3.1769e-04
Loss = 3.4788e-01, PNorm = 42.5746, GNorm = 1.6792, lr_0 = 3.1623e-04
Loss = 3.2401e-01, PNorm = 42.5844, GNorm = 2.0879, lr_0 = 3.1477e-04
Loss = 3.3941e-01, PNorm = 42.5974, GNorm = 1.1782, lr_0 = 3.1332e-04
Validation r2 = 0.637901
Epoch 26
Loss = 3.3352e-01, PNorm = 42.6074, GNorm = 1.5526, lr_0 = 3.1188e-04
Loss = 2.8682e-01, PNorm = 42.6185, GNorm = 1.7060, lr_0 = 3.1045e-04
Loss = 3.2077e-01, PNorm = 42.6299, GNorm = 1.3882, lr_0 = 3.0902e-04
Loss = 3.7317e-01, PNorm = 42.6453, GNorm = 1.1147, lr_0 = 3.0760e-04
Loss = 3.4111e-01, PNorm = 42.6593, GNorm = 1.4121, lr_0 = 3.0618e-04
Loss = 3.3916e-01, PNorm = 42.6719, GNorm = 1.2779, lr_0 = 3.0477e-04
Loss = 3.5751e-01, PNorm = 42.6882, GNorm = 1.8481, lr_0 = 3.0337e-04
Loss = 3.4048e-01, PNorm = 42.6988, GNorm = 1.2501, lr_0 = 3.0197e-04
Loss = 3.4451e-01, PNorm = 42.7078, GNorm = 1.0654, lr_0 = 3.0058e-04
Loss = 3.4723e-01, PNorm = 42.7186, GNorm = 1.2191, lr_0 = 2.9920e-04
Loss = 3.3950e-01, PNorm = 42.7336, GNorm = 1.4148, lr_0 = 2.9782e-04
Validation r2 = 0.640287
Epoch 27
Loss = 3.4811e-01, PNorm = 42.7408, GNorm = 2.7190, lr_0 = 2.9645e-04
Loss = 3.5096e-01, PNorm = 42.7475, GNorm = 1.3710, lr_0 = 2.9509e-04
Loss = 3.2851e-01, PNorm = 42.7612, GNorm = 1.4334, lr_0 = 2.9373e-04
Loss = 3.4054e-01, PNorm = 42.7741, GNorm = 2.9030, lr_0 = 2.9238e-04
Loss = 3.1300e-01, PNorm = 42.7881, GNorm = 1.3375, lr_0 = 2.9103e-04
Loss = 3.5785e-01, PNorm = 42.7964, GNorm = 2.3017, lr_0 = 2.8969e-04
Loss = 3.1181e-01, PNorm = 42.8080, GNorm = 1.6082, lr_0 = 2.8836e-04
Loss = 2.9891e-01, PNorm = 42.8219, GNorm = 1.5578, lr_0 = 2.8703e-04
Loss = 3.3443e-01, PNorm = 42.8328, GNorm = 1.5239, lr_0 = 2.8571e-04
Loss = 3.4462e-01, PNorm = 42.8416, GNorm = 1.2253, lr_0 = 2.8440e-04
Validation r2 = 0.636212
Epoch 28
Loss = 2.5430e-01, PNorm = 42.8555, GNorm = 1.4415, lr_0 = 2.8309e-04
Loss = 3.1790e-01, PNorm = 42.8659, GNorm = 1.7268, lr_0 = 2.8179e-04
Loss = 3.0609e-01, PNorm = 42.8767, GNorm = 1.3150, lr_0 = 2.8049e-04
Loss = 3.6176e-01, PNorm = 42.8920, GNorm = 1.3166, lr_0 = 2.7920e-04
Loss = 3.0781e-01, PNorm = 42.9026, GNorm = 1.7088, lr_0 = 2.7791e-04
Loss = 2.9711e-01, PNorm = 42.9138, GNorm = 0.9939, lr_0 = 2.7663e-04
Loss = 3.3322e-01, PNorm = 42.9222, GNorm = 1.4859, lr_0 = 2.7536e-04
Loss = 2.7355e-01, PNorm = 42.9301, GNorm = 1.0991, lr_0 = 2.7409e-04
Loss = 3.4238e-01, PNorm = 42.9403, GNorm = 3.3188, lr_0 = 2.7283e-04
Loss = 3.7287e-01, PNorm = 42.9482, GNorm = 1.8137, lr_0 = 2.7158e-04
Loss = 3.4532e-01, PNorm = 42.9599, GNorm = 2.4626, lr_0 = 2.7033e-04
Validation r2 = 0.637399
Epoch 29
Loss = 3.2229e-01, PNorm = 42.9733, GNorm = 1.5879, lr_0 = 2.6908e-04
Loss = 3.4026e-01, PNorm = 42.9818, GNorm = 1.2655, lr_0 = 2.6785e-04
Loss = 2.8203e-01, PNorm = 42.9940, GNorm = 1.6602, lr_0 = 2.6661e-04
Loss = 3.4122e-01, PNorm = 43.0076, GNorm = 1.7745, lr_0 = 2.6539e-04
Loss = 3.0969e-01, PNorm = 43.0162, GNorm = 1.4896, lr_0 = 2.6416e-04
Loss = 2.9562e-01, PNorm = 43.0258, GNorm = 1.1497, lr_0 = 2.6295e-04
Loss = 3.2723e-01, PNorm = 43.0379, GNorm = 1.0681, lr_0 = 2.6174e-04
Loss = 2.9982e-01, PNorm = 43.0473, GNorm = 1.8717, lr_0 = 2.6053e-04
Loss = 3.3138e-01, PNorm = 43.0587, GNorm = 1.9476, lr_0 = 2.5934e-04
Loss = 2.9274e-01, PNorm = 43.0683, GNorm = 1.2485, lr_0 = 2.5814e-04
Validation r2 = 0.641100
Epoch 30
Loss = 2.7408e-01, PNorm = 43.0773, GNorm = 1.7075, lr_0 = 2.5695e-04
Loss = 3.5031e-01, PNorm = 43.0865, GNorm = 1.2954, lr_0 = 2.5577e-04
Loss = 3.1997e-01, PNorm = 43.0972, GNorm = 1.2869, lr_0 = 2.5459e-04
Loss = 3.0623e-01, PNorm = 43.1094, GNorm = 1.9465, lr_0 = 2.5342e-04
Loss = 3.0470e-01, PNorm = 43.1173, GNorm = 0.9556, lr_0 = 2.5226e-04
Loss = 3.0475e-01, PNorm = 43.1243, GNorm = 1.2343, lr_0 = 2.5110e-04
Loss = 3.0247e-01, PNorm = 43.1325, GNorm = 1.3604, lr_0 = 2.4994e-04
Loss = 2.9203e-01, PNorm = 43.1391, GNorm = 1.8695, lr_0 = 2.4879e-04
Loss = 2.9541e-01, PNorm = 43.1437, GNorm = 1.2993, lr_0 = 2.4765e-04
Loss = 3.2208e-01, PNorm = 43.1521, GNorm = 1.7740, lr_0 = 2.4651e-04
Loss = 3.0333e-01, PNorm = 43.1636, GNorm = 2.0049, lr_0 = 2.4537e-04
Validation r2 = 0.645109
Epoch 31
Loss = 2.7950e-01, PNorm = 43.1754, GNorm = 1.4838, lr_0 = 2.4413e-04
Loss = 3.2154e-01, PNorm = 43.1824, GNorm = 2.2972, lr_0 = 2.4301e-04
Loss = 3.0414e-01, PNorm = 43.1941, GNorm = 1.7022, lr_0 = 2.4189e-04
Loss = 2.8574e-01, PNorm = 43.2024, GNorm = 1.2467, lr_0 = 2.4077e-04
Loss = 3.3134e-01, PNorm = 43.2128, GNorm = 2.0595, lr_0 = 2.3967e-04
Loss = 3.4285e-01, PNorm = 43.2235, GNorm = 1.8091, lr_0 = 2.3856e-04
Loss = 3.1845e-01, PNorm = 43.2312, GNorm = 1.0906, lr_0 = 2.3747e-04
Loss = 3.1701e-01, PNorm = 43.2381, GNorm = 2.1248, lr_0 = 2.3637e-04
Loss = 3.0024e-01, PNorm = 43.2456, GNorm = 2.1263, lr_0 = 2.3529e-04
Loss = 3.1604e-01, PNorm = 43.2516, GNorm = 1.4740, lr_0 = 2.3420e-04
Validation r2 = 0.651782
Epoch 32
Loss = 3.6357e-01, PNorm = 43.2589, GNorm = 2.5017, lr_0 = 2.3312e-04
Loss = 3.1180e-01, PNorm = 43.2682, GNorm = 1.7875, lr_0 = 2.3205e-04
Loss = 3.0338e-01, PNorm = 43.2772, GNorm = 1.3044, lr_0 = 2.3098e-04
Loss = 3.0616e-01, PNorm = 43.2839, GNorm = 1.0852, lr_0 = 2.2992e-04
Loss = 3.2523e-01, PNorm = 43.2938, GNorm = 2.6073, lr_0 = 2.2886e-04
Loss = 2.7384e-01, PNorm = 43.3067, GNorm = 2.0025, lr_0 = 2.2781e-04
Loss = 2.6991e-01, PNorm = 43.3186, GNorm = 1.2059, lr_0 = 2.2676e-04
Loss = 3.1276e-01, PNorm = 43.3251, GNorm = 2.3760, lr_0 = 2.2572e-04
Loss = 2.9829e-01, PNorm = 43.3319, GNorm = 1.5261, lr_0 = 2.2468e-04
Loss = 3.0951e-01, PNorm = 43.3419, GNorm = 1.3707, lr_0 = 2.2365e-04
Loss = 3.1470e-01, PNorm = 43.3498, GNorm = 2.1483, lr_0 = 2.2262e-04
Validation r2 = 0.654090
Epoch 33
Loss = 2.6501e-01, PNorm = 43.3579, GNorm = 1.6545, lr_0 = 2.2159e-04
Loss = 3.0498e-01, PNorm = 43.3655, GNorm = 1.2711, lr_0 = 2.2057e-04
Loss = 2.6462e-01, PNorm = 43.3726, GNorm = 1.3912, lr_0 = 2.1956e-04
Loss = 3.1915e-01, PNorm = 43.3822, GNorm = 1.6225, lr_0 = 2.1855e-04
Loss = 3.0846e-01, PNorm = 43.3899, GNorm = 1.3760, lr_0 = 2.1754e-04
Loss = 2.9031e-01, PNorm = 43.3942, GNorm = 1.1178, lr_0 = 2.1654e-04
Loss = 2.7503e-01, PNorm = 43.4002, GNorm = 1.5490, lr_0 = 2.1554e-04
Loss = 2.3898e-01, PNorm = 43.4067, GNorm = 1.1252, lr_0 = 2.1455e-04
Loss = 3.4610e-01, PNorm = 43.4136, GNorm = 1.3918, lr_0 = 2.1356e-04
Loss = 3.2653e-01, PNorm = 43.4204, GNorm = 1.8688, lr_0 = 2.1258e-04
Validation r2 = 0.645741
Epoch 34
Loss = 3.4322e-01, PNorm = 43.4291, GNorm = 1.3278, lr_0 = 2.1160e-04
Loss = 2.9474e-01, PNorm = 43.4381, GNorm = 1.2263, lr_0 = 2.1063e-04
Loss = 2.8653e-01, PNorm = 43.4471, GNorm = 1.4730, lr_0 = 2.0966e-04
Loss = 2.7483e-01, PNorm = 43.4536, GNorm = 1.2545, lr_0 = 2.0869e-04
Loss = 3.1637e-01, PNorm = 43.4592, GNorm = 2.3783, lr_0 = 2.0773e-04
Loss = 2.9006e-01, PNorm = 43.4683, GNorm = 1.5989, lr_0 = 2.0678e-04
Loss = 2.9178e-01, PNorm = 43.4778, GNorm = 1.4936, lr_0 = 2.0583e-04
Loss = 3.0939e-01, PNorm = 43.4838, GNorm = 1.3872, lr_0 = 2.0488e-04
Loss = 2.6222e-01, PNorm = 43.4902, GNorm = 1.1466, lr_0 = 2.0394e-04
Loss = 3.0107e-01, PNorm = 43.4954, GNorm = 1.7831, lr_0 = 2.0300e-04
Loss = 2.6764e-01, PNorm = 43.5015, GNorm = 2.1236, lr_0 = 2.0206e-04
Validation r2 = 0.648985
Epoch 35
Loss = 2.8677e-01, PNorm = 43.5090, GNorm = 1.1490, lr_0 = 2.0113e-04
Loss = 2.9300e-01, PNorm = 43.5148, GNorm = 1.6514, lr_0 = 2.0021e-04
Loss = 2.7940e-01, PNorm = 43.5203, GNorm = 1.5257, lr_0 = 1.9929e-04
Loss = 3.1032e-01, PNorm = 43.5272, GNorm = 1.8992, lr_0 = 1.9837e-04
Loss = 2.9098e-01, PNorm = 43.5347, GNorm = 2.1054, lr_0 = 1.9746e-04
Loss = 2.7364e-01, PNorm = 43.5421, GNorm = 1.4081, lr_0 = 1.9655e-04
Loss = 2.8637e-01, PNorm = 43.5484, GNorm = 1.4485, lr_0 = 1.9564e-04
Loss = 2.8460e-01, PNorm = 43.5514, GNorm = 1.3672, lr_0 = 1.9474e-04
Loss = 3.2951e-01, PNorm = 43.5571, GNorm = 1.5232, lr_0 = 1.9385e-04
Loss = 2.9225e-01, PNorm = 43.5638, GNorm = 1.2647, lr_0 = 1.9296e-04
Validation r2 = 0.656131
Epoch 36
Loss = 3.3156e-01, PNorm = 43.5679, GNorm = 1.2655, lr_0 = 1.9207e-04
Loss = 2.7655e-01, PNorm = 43.5781, GNorm = 1.6293, lr_0 = 1.9118e-04
Loss = 2.5963e-01, PNorm = 43.5837, GNorm = 1.5077, lr_0 = 1.9030e-04
Loss = 2.8345e-01, PNorm = 43.5871, GNorm = 1.8988, lr_0 = 1.8943e-04
Loss = 3.5843e-01, PNorm = 43.5918, GNorm = 1.6140, lr_0 = 1.8856e-04
Loss = 2.6637e-01, PNorm = 43.5997, GNorm = 1.2851, lr_0 = 1.8769e-04
Loss = 2.6918e-01, PNorm = 43.6075, GNorm = 1.3149, lr_0 = 1.8682e-04
Loss = 2.7431e-01, PNorm = 43.6106, GNorm = 1.5624, lr_0 = 1.8596e-04
Loss = 3.1064e-01, PNorm = 43.6161, GNorm = 1.7691, lr_0 = 1.8511e-04
Loss = 3.1448e-01, PNorm = 43.6207, GNorm = 1.6305, lr_0 = 1.8426e-04
Loss = 2.9073e-01, PNorm = 43.6272, GNorm = 1.4439, lr_0 = 1.8341e-04
Validation r2 = 0.649541
Epoch 37
Loss = 2.8241e-01, PNorm = 43.6343, GNorm = 1.5993, lr_0 = 1.8257e-04
Loss = 2.8163e-01, PNorm = 43.6419, GNorm = 1.3433, lr_0 = 1.8173e-04
Loss = 2.7434e-01, PNorm = 43.6466, GNorm = 1.6723, lr_0 = 1.8089e-04
Loss = 2.7569e-01, PNorm = 43.6494, GNorm = 1.3948, lr_0 = 1.8006e-04
Loss = 2.7121e-01, PNorm = 43.6549, GNorm = 1.4188, lr_0 = 1.7923e-04
Loss = 2.8324e-01, PNorm = 43.6607, GNorm = 1.7411, lr_0 = 1.7840e-04
Loss = 3.2092e-01, PNorm = 43.6684, GNorm = 1.8784, lr_0 = 1.7758e-04
Loss = 2.6967e-01, PNorm = 43.6754, GNorm = 1.4447, lr_0 = 1.7676e-04
Loss = 3.1601e-01, PNorm = 43.6808, GNorm = 1.3590, lr_0 = 1.7595e-04
Loss = 3.0712e-01, PNorm = 43.6870, GNorm = 1.2893, lr_0 = 1.7514e-04
Validation r2 = 0.656306
Epoch 38
Loss = 2.5127e-01, PNorm = 43.6944, GNorm = 1.2176, lr_0 = 1.7434e-04
Loss = 2.7235e-01, PNorm = 43.7008, GNorm = 1.5471, lr_0 = 1.7353e-04
Loss = 2.9072e-01, PNorm = 43.7067, GNorm = 1.5763, lr_0 = 1.7273e-04
Loss = 2.8744e-01, PNorm = 43.7136, GNorm = 1.8516, lr_0 = 1.7194e-04
Loss = 3.2009e-01, PNorm = 43.7164, GNorm = 1.7291, lr_0 = 1.7115e-04
Loss = 2.7203e-01, PNorm = 43.7196, GNorm = 1.2598, lr_0 = 1.7036e-04
Loss = 2.9640e-01, PNorm = 43.7258, GNorm = 1.6793, lr_0 = 1.6958e-04
Loss = 2.5177e-01, PNorm = 43.7315, GNorm = 1.0457, lr_0 = 1.6880e-04
Loss = 2.6004e-01, PNorm = 43.7376, GNorm = 1.3023, lr_0 = 1.6802e-04
Loss = 2.8411e-01, PNorm = 43.7415, GNorm = 1.7422, lr_0 = 1.6725e-04
Loss = 2.7285e-01, PNorm = 43.7481, GNorm = 1.3540, lr_0 = 1.6648e-04
Validation r2 = 0.661096
Epoch 39
Loss = 2.6237e-01, PNorm = 43.7536, GNorm = 1.3142, lr_0 = 1.6571e-04
Loss = 2.5399e-01, PNorm = 43.7593, GNorm = 1.6023, lr_0 = 1.6495e-04
Loss = 3.0715e-01, PNorm = 43.7663, GNorm = 2.4374, lr_0 = 1.6419e-04
Loss = 3.0737e-01, PNorm = 43.7730, GNorm = 1.3658, lr_0 = 1.6343e-04
Loss = 2.6557e-01, PNorm = 43.7773, GNorm = 1.5340, lr_0 = 1.6268e-04
Loss = 2.9596e-01, PNorm = 43.7809, GNorm = 1.2120, lr_0 = 1.6193e-04
Loss = 2.5909e-01, PNorm = 43.7846, GNorm = 2.4724, lr_0 = 1.6119e-04
Loss = 2.7615e-01, PNorm = 43.7872, GNorm = 1.3658, lr_0 = 1.6045e-04
Loss = 2.5209e-01, PNorm = 43.7910, GNorm = 1.3631, lr_0 = 1.5971e-04
Loss = 2.8854e-01, PNorm = 43.7950, GNorm = 1.6937, lr_0 = 1.5897e-04
Validation r2 = 0.653296
Epoch 40
Loss = 2.6655e-01, PNorm = 43.8003, GNorm = 1.3152, lr_0 = 1.5824e-04
Loss = 2.6124e-01, PNorm = 43.8063, GNorm = 2.0018, lr_0 = 1.5751e-04
Loss = 2.6742e-01, PNorm = 43.8118, GNorm = 1.7352, lr_0 = 1.5679e-04
Loss = 2.8085e-01, PNorm = 43.8175, GNorm = 1.5982, lr_0 = 1.5607e-04
Loss = 2.8845e-01, PNorm = 43.8206, GNorm = 1.8788, lr_0 = 1.5535e-04
Loss = 2.5286e-01, PNorm = 43.8272, GNorm = 1.9622, lr_0 = 1.5463e-04
Loss = 3.0830e-01, PNorm = 43.8349, GNorm = 2.2174, lr_0 = 1.5392e-04
Loss = 2.9966e-01, PNorm = 43.8385, GNorm = 1.3763, lr_0 = 1.5321e-04
Loss = 2.5223e-01, PNorm = 43.8431, GNorm = 1.4940, lr_0 = 1.5251e-04
Loss = 2.5850e-01, PNorm = 43.8468, GNorm = 1.6381, lr_0 = 1.5181e-04
Loss = 3.1385e-01, PNorm = 43.8499, GNorm = 1.6232, lr_0 = 1.5111e-04
Loss = 2.8340e-01, PNorm = 43.8502, GNorm = 1.7442, lr_0 = 1.5104e-04
Validation r2 = 0.658795
Epoch 41
Loss = 2.3821e-01, PNorm = 43.8515, GNorm = 2.1101, lr_0 = 1.5034e-04
Loss = 2.7781e-01, PNorm = 43.8550, GNorm = 1.2727, lr_0 = 1.4965e-04
Loss = 3.3230e-01, PNorm = 43.8599, GNorm = 1.2125, lr_0 = 1.4896e-04
Loss = 3.1201e-01, PNorm = 43.8674, GNorm = 1.3315, lr_0 = 1.4828e-04
Loss = 2.4154e-01, PNorm = 43.8749, GNorm = 1.3035, lr_0 = 1.4759e-04
Loss = 3.2472e-01, PNorm = 43.8796, GNorm = 1.6926, lr_0 = 1.4692e-04
Loss = 2.6816e-01, PNorm = 43.8826, GNorm = 1.7644, lr_0 = 1.4624e-04
Loss = 2.5042e-01, PNorm = 43.8864, GNorm = 1.0875, lr_0 = 1.4557e-04
Loss = 2.8191e-01, PNorm = 43.8911, GNorm = 1.6838, lr_0 = 1.4490e-04
Loss = 2.7380e-01, PNorm = 43.8956, GNorm = 1.2964, lr_0 = 1.4423e-04
Validation r2 = 0.658188
Epoch 42
Loss = 2.4869e-01, PNorm = 43.9019, GNorm = 1.3856, lr_0 = 1.4357e-04
Loss = 2.6005e-01, PNorm = 43.9056, GNorm = 1.4354, lr_0 = 1.4291e-04
Loss = 3.0235e-01, PNorm = 43.9106, GNorm = 1.4467, lr_0 = 1.4225e-04
Loss = 2.1980e-01, PNorm = 43.9163, GNorm = 1.5120, lr_0 = 1.4159e-04
Loss = 2.7494e-01, PNorm = 43.9233, GNorm = 1.6389, lr_0 = 1.4094e-04
Loss = 2.4477e-01, PNorm = 43.9268, GNorm = 1.1818, lr_0 = 1.4029e-04
Loss = 2.8132e-01, PNorm = 43.9302, GNorm = 1.1871, lr_0 = 1.3965e-04
Loss = 2.9162e-01, PNorm = 43.9345, GNorm = 1.4343, lr_0 = 1.3900e-04
Loss = 2.9849e-01, PNorm = 43.9392, GNorm = 1.0549, lr_0 = 1.3836e-04
Loss = 2.5014e-01, PNorm = 43.9452, GNorm = 1.4182, lr_0 = 1.3773e-04
Loss = 3.0087e-01, PNorm = 43.9488, GNorm = 2.4166, lr_0 = 1.3709e-04
Validation r2 = 0.654196
Epoch 43
Loss = 2.6351e-01, PNorm = 43.9540, GNorm = 1.4675, lr_0 = 1.3646e-04
Loss = 2.3688e-01, PNorm = 43.9586, GNorm = 1.1010, lr_0 = 1.3584e-04
Loss = 2.7344e-01, PNorm = 43.9635, GNorm = 1.6280, lr_0 = 1.3521e-04
Loss = 2.3628e-01, PNorm = 43.9685, GNorm = 1.1852, lr_0 = 1.3459e-04
Loss = 2.7527e-01, PNorm = 43.9741, GNorm = 0.9783, lr_0 = 1.3397e-04
Loss = 2.5190e-01, PNorm = 43.9771, GNorm = 1.1428, lr_0 = 1.3335e-04
Loss = 2.7471e-01, PNorm = 43.9802, GNorm = 1.6309, lr_0 = 1.3274e-04
Loss = 2.7552e-01, PNorm = 43.9852, GNorm = 1.6530, lr_0 = 1.3213e-04
Loss = 3.0064e-01, PNorm = 43.9889, GNorm = 1.4678, lr_0 = 1.3152e-04
Loss = 3.1358e-01, PNorm = 43.9926, GNorm = 1.9926, lr_0 = 1.3091e-04
Validation r2 = 0.661411
Epoch 44
Loss = 2.5500e-01, PNorm = 43.9964, GNorm = 1.2115, lr_0 = 1.3031e-04
Loss = 2.6518e-01, PNorm = 43.9980, GNorm = 1.7895, lr_0 = 1.2971e-04
Loss = 2.4413e-01, PNorm = 44.0013, GNorm = 1.4448, lr_0 = 1.2912e-04
Loss = 2.6187e-01, PNorm = 44.0057, GNorm = 1.9866, lr_0 = 1.2852e-04
Loss = 2.7695e-01, PNorm = 44.0113, GNorm = 1.5089, lr_0 = 1.2793e-04
Loss = 2.6048e-01, PNorm = 44.0149, GNorm = 2.3800, lr_0 = 1.2734e-04
Loss = 3.2981e-01, PNorm = 44.0178, GNorm = 1.3261, lr_0 = 1.2675e-04
Loss = 2.4048e-01, PNorm = 44.0208, GNorm = 1.8254, lr_0 = 1.2617e-04
Loss = 2.6444e-01, PNorm = 44.0252, GNorm = 1.3861, lr_0 = 1.2559e-04
Loss = 2.5228e-01, PNorm = 44.0297, GNorm = 1.1897, lr_0 = 1.2501e-04
Loss = 3.1025e-01, PNorm = 44.0353, GNorm = 1.6070, lr_0 = 1.2444e-04
Validation r2 = 0.667701
Epoch 45
Loss = 2.7913e-01, PNorm = 44.0409, GNorm = 1.6460, lr_0 = 1.2387e-04
Loss = 2.2639e-01, PNorm = 44.0447, GNorm = 2.1806, lr_0 = 1.2330e-04
Loss = 2.6015e-01, PNorm = 44.0476, GNorm = 1.6121, lr_0 = 1.2273e-04
Loss = 2.8554e-01, PNorm = 44.0495, GNorm = 1.5488, lr_0 = 1.2216e-04
Loss = 2.7734e-01, PNorm = 44.0528, GNorm = 1.3040, lr_0 = 1.2160e-04
Loss = 2.2928e-01, PNorm = 44.0566, GNorm = 1.5853, lr_0 = 1.2104e-04
Loss = 2.7035e-01, PNorm = 44.0611, GNorm = 1.5442, lr_0 = 1.2048e-04
Loss = 2.7454e-01, PNorm = 44.0649, GNorm = 1.9392, lr_0 = 1.1993e-04
Loss = 2.6816e-01, PNorm = 44.0689, GNorm = 1.2757, lr_0 = 1.1938e-04
Loss = 2.5032e-01, PNorm = 44.0720, GNorm = 1.8591, lr_0 = 1.1883e-04
Validation r2 = 0.658928
Epoch 46
Loss = 2.1884e-01, PNorm = 44.0751, GNorm = 1.1503, lr_0 = 1.1828e-04
Loss = 2.4007e-01, PNorm = 44.0777, GNorm = 1.4345, lr_0 = 1.1774e-04
Loss = 3.0609e-01, PNorm = 44.0811, GNorm = 1.9775, lr_0 = 1.1720e-04
Loss = 2.5105e-01, PNorm = 44.0845, GNorm = 1.5697, lr_0 = 1.1666e-04
Loss = 2.8335e-01, PNorm = 44.0875, GNorm = 2.2120, lr_0 = 1.1612e-04
Loss = 2.2769e-01, PNorm = 44.0910, GNorm = 1.6175, lr_0 = 1.1558e-04
Loss = 2.5415e-01, PNorm = 44.0940, GNorm = 1.3204, lr_0 = 1.1505e-04
Loss = 2.5944e-01, PNorm = 44.0963, GNorm = 1.7064, lr_0 = 1.1452e-04
Loss = 2.5299e-01, PNorm = 44.0995, GNorm = 1.1868, lr_0 = 1.1400e-04
Loss = 3.0698e-01, PNorm = 44.1020, GNorm = 1.9039, lr_0 = 1.1347e-04
Loss = 2.5849e-01, PNorm = 44.1056, GNorm = 1.1836, lr_0 = 1.1295e-04
Validation r2 = 0.664396
Epoch 47
Loss = 2.8763e-01, PNorm = 44.1107, GNorm = 2.1486, lr_0 = 1.1243e-04
Loss = 2.2998e-01, PNorm = 44.1139, GNorm = 1.6678, lr_0 = 1.1191e-04
Loss = 2.6423e-01, PNorm = 44.1168, GNorm = 1.7634, lr_0 = 1.1140e-04
Loss = 2.6191e-01, PNorm = 44.1192, GNorm = 1.3915, lr_0 = 1.1088e-04
Loss = 2.7676e-01, PNorm = 44.1219, GNorm = 2.8328, lr_0 = 1.1037e-04
Loss = 2.5700e-01, PNorm = 44.1255, GNorm = 2.2373, lr_0 = 1.0987e-04
Loss = 2.6186e-01, PNorm = 44.1289, GNorm = 1.4305, lr_0 = 1.0936e-04
Loss = 2.5462e-01, PNorm = 44.1316, GNorm = 1.3421, lr_0 = 1.0886e-04
Loss = 2.7070e-01, PNorm = 44.1357, GNorm = 1.5338, lr_0 = 1.0836e-04
Loss = 2.6006e-01, PNorm = 44.1404, GNorm = 1.6710, lr_0 = 1.0786e-04
Validation r2 = 0.662512
Epoch 48
Loss = 3.1284e-01, PNorm = 44.1442, GNorm = 2.4750, lr_0 = 1.0736e-04
Loss = 2.5578e-01, PNorm = 44.1481, GNorm = 1.4926, lr_0 = 1.0687e-04
Loss = 2.6131e-01, PNorm = 44.1521, GNorm = 1.1563, lr_0 = 1.0638e-04
Loss = 2.4307e-01, PNorm = 44.1547, GNorm = 1.5659, lr_0 = 1.0589e-04
Loss = 2.5497e-01, PNorm = 44.1593, GNorm = 2.0380, lr_0 = 1.0540e-04
Loss = 2.4642e-01, PNorm = 44.1626, GNorm = 1.6496, lr_0 = 1.0491e-04
Loss = 2.4593e-01, PNorm = 44.1660, GNorm = 2.2309, lr_0 = 1.0443e-04
Loss = 2.6788e-01, PNorm = 44.1692, GNorm = 1.3296, lr_0 = 1.0395e-04
Loss = 2.7793e-01, PNorm = 44.1728, GNorm = 1.3011, lr_0 = 1.0347e-04
Loss = 2.4316e-01, PNorm = 44.1762, GNorm = 1.3260, lr_0 = 1.0300e-04
Loss = 2.3216e-01, PNorm = 44.1789, GNorm = 2.1113, lr_0 = 1.0252e-04
Validation r2 = 0.671416
Epoch 49
Loss = 2.6044e-01, PNorm = 44.1806, GNorm = 1.0885, lr_0 = 1.0205e-04
Loss = 2.3932e-01, PNorm = 44.1839, GNorm = 1.7374, lr_0 = 1.0158e-04
Loss = 2.7489e-01, PNorm = 44.1865, GNorm = 1.3612, lr_0 = 1.0111e-04
Loss = 2.3908e-01, PNorm = 44.1885, GNorm = 1.2967, lr_0 = 1.0065e-04
Loss = 2.5058e-01, PNorm = 44.1922, GNorm = 1.4771, lr_0 = 1.0018e-04
Loss = 2.6807e-01, PNorm = 44.1954, GNorm = 1.6497, lr_0 = 1.0000e-04
Loss = 2.2980e-01, PNorm = 44.1983, GNorm = 1.3456, lr_0 = 1.0000e-04
Loss = 2.8462e-01, PNorm = 44.2024, GNorm = 1.6621, lr_0 = 1.0000e-04
Loss = 2.5051e-01, PNorm = 44.2062, GNorm = 1.3370, lr_0 = 1.0000e-04
Loss = 2.4865e-01, PNorm = 44.2095, GNorm = 1.7356, lr_0 = 1.0000e-04
Validation r2 = 0.669251
Model 0 best validation r2 = 0.671416 on epoch 48
Loading pretrained parameter "encoder.encoder.0.cached_zero_vector".
Loading pretrained parameter "encoder.encoder.0.W_i.weight".
Loading pretrained parameter "encoder.encoder.0.W_h.weight".
Loading pretrained parameter "encoder.encoder.0.W_o.weight".
Loading pretrained parameter "encoder.encoder.0.W_o.bias".
Loading pretrained parameter "ffn.1.weight".
Loading pretrained parameter "ffn.1.bias".
Loading pretrained parameter "ffn.4.weight".
Loading pretrained parameter "ffn.4.bias".
Model 0 test r2 = 0.628943
Ensemble test r2 = 0.628943
Fold 1
Splitting data with seed 1
Total size = 6,557 | train size = 5,245 | val size = 656 | test size = 656
Fitting scaler
Building model 0
MoleculeModel(
  (encoder): MPN(
    (encoder): ModuleList(
      (0): MPNEncoder(
        (dropout_layer): Dropout(p=0.1, inplace=False)
        (act_func): ReLU()
        (W_i): Linear(in_features=147, out_features=300, bias=False)
        (W_h): Linear(in_features=300, out_features=300, bias=False)
        (W_o): Linear(in_features=433, out_features=300, bias=True)
      )
    )
  )
  (ffn): Sequential(
    (0): Dropout(p=0.1, inplace=False)
    (1): Linear(in_features=300, out_features=300, bias=True)
    (2): ReLU()
    (3): Dropout(p=0.1, inplace=False)
    (4): Linear(in_features=300, out_features=1, bias=True)
  )
)
Number of parameters = 355,201
Epoch 0
Loss = 9.6982e-01, PNorm = 34.0106, GNorm = 3.9344, lr_0 = 1.4760e-04
Loss = 1.0104e+00, PNorm = 34.0109, GNorm = 1.5474, lr_0 = 1.9087e-04
Loss = 1.0003e+00, PNorm = 34.0117, GNorm = 2.2951, lr_0 = 2.3413e-04
Loss = 9.5903e-01, PNorm = 34.0142, GNorm = 1.0774, lr_0 = 2.7740e-04
Loss = 1.0045e+00, PNorm = 34.0185, GNorm = 4.1940, lr_0 = 3.2067e-04
Loss = 1.0417e+00, PNorm = 34.0259, GNorm = 3.3253, lr_0 = 3.6394e-04
Loss = 1.0152e+00, PNorm = 34.0353, GNorm = 1.2698, lr_0 = 4.0721e-04
Loss = 1.0599e+00, PNorm = 34.0464, GNorm = 1.0220, lr_0 = 4.5048e-04
Loss = 9.3277e-01, PNorm = 34.0599, GNorm = 1.7452, lr_0 = 4.9375e-04
Loss = 9.9711e-01, PNorm = 34.0778, GNorm = 1.2145, lr_0 = 5.3702e-04
Validation r2 = 0.069057
Epoch 1
Loss = 8.9226e-01, PNorm = 34.1016, GNorm = 4.9440, lr_0 = 5.8462e-04
Loss = 7.7555e-01, PNorm = 34.1300, GNorm = 0.9857, lr_0 = 6.2788e-04
Loss = 9.1315e-01, PNorm = 34.1590, GNorm = 1.5181, lr_0 = 6.7115e-04
Loss = 9.3738e-01, PNorm = 34.1898, GNorm = 4.6461, lr_0 = 7.1442e-04
Loss = 9.2452e-01, PNorm = 34.2172, GNorm = 3.0455, lr_0 = 7.5769e-04
Loss = 9.3632e-01, PNorm = 34.2503, GNorm = 2.3325, lr_0 = 8.0096e-04
Loss = 9.1065e-01, PNorm = 34.2839, GNorm = 1.1672, lr_0 = 8.4423e-04
Loss = 9.3073e-01, PNorm = 34.3325, GNorm = 5.1519, lr_0 = 8.8750e-04
Loss = 9.5966e-01, PNorm = 34.3709, GNorm = 0.5919, lr_0 = 9.3077e-04
Loss = 8.8201e-01, PNorm = 34.4263, GNorm = 0.9376, lr_0 = 9.7404e-04
Validation r2 = 0.116819
Epoch 2
Loss = 7.7004e-01, PNorm = 34.4854, GNorm = 2.5751, lr_0 = 9.9816e-04
Loss = 8.2244e-01, PNorm = 34.5440, GNorm = 3.6656, lr_0 = 9.9356e-04
Loss = 8.5464e-01, PNorm = 34.6045, GNorm = 3.5458, lr_0 = 9.8899e-04
Loss = 8.3946e-01, PNorm = 34.6535, GNorm = 3.3102, lr_0 = 9.8444e-04
Loss = 9.3660e-01, PNorm = 34.7119, GNorm = 0.9784, lr_0 = 9.7991e-04
Loss = 9.2977e-01, PNorm = 34.7742, GNorm = 2.0706, lr_0 = 9.7540e-04
Loss = 7.8104e-01, PNorm = 34.8403, GNorm = 2.1108, lr_0 = 9.7091e-04
Loss = 8.1398e-01, PNorm = 34.8886, GNorm = 2.3708, lr_0 = 9.6644e-04
Loss = 8.4682e-01, PNorm = 34.9370, GNorm = 2.8958, lr_0 = 9.6200e-04
Loss = 8.8132e-01, PNorm = 34.9893, GNorm = 1.2455, lr_0 = 9.5757e-04
Loss = 7.5495e-01, PNorm = 35.0367, GNorm = 1.3696, lr_0 = 9.5316e-04
Validation r2 = 0.194680
Epoch 3
Loss = 7.5988e-01, PNorm = 35.0780, GNorm = 1.5013, lr_0 = 9.4878e-04
Loss = 7.7815e-01, PNorm = 35.1193, GNorm = 1.4795, lr_0 = 9.4441e-04
Loss = 7.7572e-01, PNorm = 35.1613, GNorm = 1.1441, lr_0 = 9.4006e-04
Loss = 7.1386e-01, PNorm = 35.2032, GNorm = 1.4700, lr_0 = 9.3574e-04
Loss = 7.1099e-01, PNorm = 35.2534, GNorm = 0.9436, lr_0 = 9.3143e-04
Loss = 6.8549e-01, PNorm = 35.3013, GNorm = 2.4111, lr_0 = 9.2714e-04
Loss = 8.5592e-01, PNorm = 35.3550, GNorm = 2.6733, lr_0 = 9.2288e-04
Loss = 7.5666e-01, PNorm = 35.3979, GNorm = 1.0324, lr_0 = 9.1863e-04
Loss = 8.0943e-01, PNorm = 35.4477, GNorm = 1.5973, lr_0 = 9.1440e-04
Loss = 7.2862e-01, PNorm = 35.5104, GNorm = 3.1908, lr_0 = 9.1020e-04
Validation r2 = 0.195606
Epoch 4
Loss = 7.7748e-01, PNorm = 35.5696, GNorm = 3.6178, lr_0 = 9.0601e-04
Loss = 7.5784e-01, PNorm = 35.6317, GNorm = 3.3258, lr_0 = 9.0184e-04
Loss = 7.1053e-01, PNorm = 35.6933, GNorm = 1.6784, lr_0 = 8.9769e-04
Loss = 7.9301e-01, PNorm = 35.7479, GNorm = 1.1734, lr_0 = 8.9356e-04
Loss = 6.9441e-01, PNorm = 35.8000, GNorm = 2.2622, lr_0 = 8.8944e-04
Loss = 7.9286e-01, PNorm = 35.8573, GNorm = 1.5459, lr_0 = 8.8535e-04
Loss = 7.5605e-01, PNorm = 35.9179, GNorm = 1.5283, lr_0 = 8.8128e-04
Loss = 6.7878e-01, PNorm = 35.9764, GNorm = 2.4773, lr_0 = 8.7722e-04
Loss = 6.5846e-01, PNorm = 36.0213, GNorm = 1.2503, lr_0 = 8.7318e-04
Loss = 7.6187e-01, PNorm = 36.0709, GNorm = 1.2596, lr_0 = 8.6917e-04
Loss = 5.7056e-01, PNorm = 36.1206, GNorm = 3.7554, lr_0 = 8.6517e-04
Validation r2 = 0.212146
Epoch 5
Loss = 6.8326e-01, PNorm = 36.1729, GNorm = 1.1786, lr_0 = 8.6118e-04
Loss = 7.2085e-01, PNorm = 36.2253, GNorm = 1.1228, lr_0 = 8.5722e-04
Loss = 7.2521e-01, PNorm = 36.2720, GNorm = 2.4674, lr_0 = 8.5328e-04
Loss = 6.8541e-01, PNorm = 36.3129, GNorm = 1.1267, lr_0 = 8.4935e-04
Loss = 6.7750e-01, PNorm = 36.3661, GNorm = 1.5703, lr_0 = 8.4544e-04
Loss = 7.7857e-01, PNorm = 36.4123, GNorm = 1.3927, lr_0 = 8.4155e-04
Loss = 7.1640e-01, PNorm = 36.4585, GNorm = 1.7846, lr_0 = 8.3768e-04
Loss = 6.3559e-01, PNorm = 36.5077, GNorm = 1.2192, lr_0 = 8.3382e-04
Loss = 6.2927e-01, PNorm = 36.5542, GNorm = 2.5513, lr_0 = 8.2999e-04
Loss = 7.4673e-01, PNorm = 36.6125, GNorm = 2.8320, lr_0 = 8.2617e-04
Validation r2 = 0.259012
Epoch 6
Loss = 5.5304e-01, PNorm = 36.6656, GNorm = 0.6359, lr_0 = 8.2236e-04
Loss = 6.2700e-01, PNorm = 36.7224, GNorm = 1.1241, lr_0 = 8.1858e-04
Loss = 6.6842e-01, PNorm = 36.7736, GNorm = 1.5051, lr_0 = 8.1481e-04
Loss = 6.7028e-01, PNorm = 36.8298, GNorm = 0.9331, lr_0 = 8.1106e-04
Loss = 6.6924e-01, PNorm = 36.8813, GNorm = 1.1144, lr_0 = 8.0733e-04
Loss = 6.8681e-01, PNorm = 36.9328, GNorm = 2.2561, lr_0 = 8.0362e-04
Loss = 6.9115e-01, PNorm = 36.9822, GNorm = 1.5197, lr_0 = 7.9992e-04
Loss = 6.1195e-01, PNorm = 37.0293, GNorm = 1.4795, lr_0 = 7.9624e-04
Loss = 5.5712e-01, PNorm = 37.0560, GNorm = 2.6874, lr_0 = 7.9257e-04
Loss = 5.9594e-01, PNorm = 37.0950, GNorm = 2.0130, lr_0 = 7.8892e-04
Loss = 6.2174e-01, PNorm = 37.1424, GNorm = 2.6340, lr_0 = 7.8529e-04
Validation r2 = 0.307654
Epoch 7
Loss = 6.3814e-01, PNorm = 37.1788, GNorm = 3.3383, lr_0 = 7.8168e-04
Loss = 6.1946e-01, PNorm = 37.2281, GNorm = 0.7932, lr_0 = 7.7808e-04
Loss = 6.0424e-01, PNorm = 37.2864, GNorm = 1.5876, lr_0 = 7.7450e-04
Loss = 5.7448e-01, PNorm = 37.3330, GNorm = 1.0859, lr_0 = 7.7094e-04
Loss = 5.9750e-01, PNorm = 37.3689, GNorm = 3.5541, lr_0 = 7.6739e-04
Loss = 6.5005e-01, PNorm = 37.4103, GNorm = 1.2831, lr_0 = 7.6386e-04
Loss = 5.2717e-01, PNorm = 37.4548, GNorm = 1.4328, lr_0 = 7.6034e-04
Loss = 5.4988e-01, PNorm = 37.4933, GNorm = 1.1504, lr_0 = 7.5684e-04
Loss = 5.3761e-01, PNorm = 37.5367, GNorm = 0.9606, lr_0 = 7.5336e-04
Loss = 6.7492e-01, PNorm = 37.5840, GNorm = 1.1680, lr_0 = 7.4989e-04
Validation r2 = 0.306993
Epoch 8
Loss = 5.5903e-01, PNorm = 37.6367, GNorm = 2.1768, lr_0 = 7.4644e-04
Loss = 5.5731e-01, PNorm = 37.6924, GNorm = 2.5892, lr_0 = 7.4301e-04
Loss = 5.2471e-01, PNorm = 37.7463, GNorm = 1.1281, lr_0 = 7.3959e-04
Loss = 5.8296e-01, PNorm = 37.7864, GNorm = 2.9319, lr_0 = 7.3619e-04
Loss = 5.5145e-01, PNorm = 37.8302, GNorm = 0.8797, lr_0 = 7.3280e-04
Loss = 5.4231e-01, PNorm = 37.8698, GNorm = 1.6800, lr_0 = 7.2943e-04
Loss = 5.8912e-01, PNorm = 37.9059, GNorm = 2.0021, lr_0 = 7.2607e-04
Loss = 5.3979e-01, PNorm = 37.9549, GNorm = 1.0265, lr_0 = 7.2273e-04
Loss = 5.7785e-01, PNorm = 37.9978, GNorm = 1.2267, lr_0 = 7.1940e-04
Loss = 5.6946e-01, PNorm = 38.0400, GNorm = 1.8218, lr_0 = 7.1609e-04
Loss = 5.7070e-01, PNorm = 38.0889, GNorm = 1.4171, lr_0 = 7.1280e-04
Validation r2 = 0.374647
Epoch 9
Loss = 5.7066e-01, PNorm = 38.1388, GNorm = 1.2539, lr_0 = 7.0951e-04
Loss = 5.6147e-01, PNorm = 38.1866, GNorm = 1.1556, lr_0 = 7.0625e-04
Loss = 4.6868e-01, PNorm = 38.2216, GNorm = 1.3398, lr_0 = 7.0300e-04
Loss = 4.9701e-01, PNorm = 38.2630, GNorm = 1.4261, lr_0 = 6.9976e-04
Loss = 5.1524e-01, PNorm = 38.3092, GNorm = 3.1387, lr_0 = 6.9654e-04
Loss = 5.7813e-01, PNorm = 38.3607, GNorm = 2.9156, lr_0 = 6.9334e-04
Loss = 6.1109e-01, PNorm = 38.4095, GNorm = 1.5955, lr_0 = 6.9015e-04
Loss = 5.5917e-01, PNorm = 38.4628, GNorm = 1.2240, lr_0 = 6.8697e-04
Loss = 5.6784e-01, PNorm = 38.4995, GNorm = 1.4957, lr_0 = 6.8381e-04
Loss = 5.6225e-01, PNorm = 38.5386, GNorm = 1.6314, lr_0 = 6.8066e-04
Validation r2 = 0.413421
Epoch 10
Loss = 6.4530e-01, PNorm = 38.5843, GNorm = 1.8517, lr_0 = 6.7753e-04
Loss = 4.6818e-01, PNorm = 38.6274, GNorm = 1.9007, lr_0 = 6.7441e-04
Loss = 5.7256e-01, PNorm = 38.6628, GNorm = 1.6350, lr_0 = 6.7131e-04
Loss = 4.6260e-01, PNorm = 38.7032, GNorm = 1.5761, lr_0 = 6.6822e-04
Loss = 5.4014e-01, PNorm = 38.7484, GNorm = 2.5803, lr_0 = 6.6515e-04
Loss = 5.2705e-01, PNorm = 38.7874, GNorm = 4.5302, lr_0 = 6.6208e-04
Loss = 5.5996e-01, PNorm = 38.8305, GNorm = 2.4775, lr_0 = 6.5904e-04
Loss = 5.7546e-01, PNorm = 38.8686, GNorm = 1.9005, lr_0 = 6.5600e-04
Loss = 5.4289e-01, PNorm = 38.9016, GNorm = 1.0520, lr_0 = 6.5299e-04
Loss = 4.5004e-01, PNorm = 38.9395, GNorm = 1.1632, lr_0 = 6.4998e-04
Loss = 5.0337e-01, PNorm = 38.9773, GNorm = 1.1508, lr_0 = 6.4699e-04
Validation r2 = 0.444761
Epoch 11
Loss = 5.1416e-01, PNorm = 39.0103, GNorm = 1.6958, lr_0 = 6.4372e-04
Loss = 5.1536e-01, PNorm = 39.0620, GNorm = 1.3846, lr_0 = 6.4075e-04
Loss = 5.9030e-01, PNorm = 39.0948, GNorm = 1.2599, lr_0 = 6.3780e-04
Loss = 5.1117e-01, PNorm = 39.1332, GNorm = 1.7164, lr_0 = 6.3487e-04
Loss = 3.9869e-01, PNorm = 39.1707, GNorm = 1.6130, lr_0 = 6.3195e-04
Loss = 5.4425e-01, PNorm = 39.1910, GNorm = 1.5039, lr_0 = 6.2904e-04
Loss = 4.7038e-01, PNorm = 39.2131, GNorm = 1.4255, lr_0 = 6.2614e-04
Loss = 5.3188e-01, PNorm = 39.2500, GNorm = 1.1108, lr_0 = 6.2326e-04
Loss = 4.6214e-01, PNorm = 39.2887, GNorm = 1.4610, lr_0 = 6.2039e-04
Loss = 5.1355e-01, PNorm = 39.3267, GNorm = 1.3021, lr_0 = 6.1754e-04
Validation r2 = 0.445906
Epoch 12
Loss = 3.9548e-01, PNorm = 39.3644, GNorm = 2.3373, lr_0 = 6.1470e-04
Loss = 4.2390e-01, PNorm = 39.3949, GNorm = 2.0037, lr_0 = 6.1187e-04
Loss = 4.6586e-01, PNorm = 39.4292, GNorm = 1.4306, lr_0 = 6.0905e-04
Loss = 4.3692e-01, PNorm = 39.4661, GNorm = 2.1321, lr_0 = 6.0625e-04
Loss = 4.7476e-01, PNorm = 39.4954, GNorm = 1.6309, lr_0 = 6.0346e-04
Loss = 4.8097e-01, PNorm = 39.5323, GNorm = 1.7186, lr_0 = 6.0068e-04
Loss = 5.1681e-01, PNorm = 39.5650, GNorm = 2.4097, lr_0 = 5.9792e-04
Loss = 4.6505e-01, PNorm = 39.6022, GNorm = 1.2928, lr_0 = 5.9517e-04
Loss = 5.1814e-01, PNorm = 39.6272, GNorm = 2.0625, lr_0 = 5.9243e-04
Loss = 4.5931e-01, PNorm = 39.6510, GNorm = 1.0158, lr_0 = 5.8970e-04
Loss = 5.2533e-01, PNorm = 39.6850, GNorm = 1.5418, lr_0 = 5.8699e-04
Validation r2 = 0.467191
Epoch 13
Loss = 3.9443e-01, PNorm = 39.7132, GNorm = 1.5756, lr_0 = 5.8429e-04
Loss = 4.5291e-01, PNorm = 39.7428, GNorm = 2.1769, lr_0 = 5.8160e-04
Loss = 4.0809e-01, PNorm = 39.7728, GNorm = 1.8038, lr_0 = 5.7892e-04
Loss = 4.3910e-01, PNorm = 39.7992, GNorm = 1.5309, lr_0 = 5.7626e-04
Loss = 5.2385e-01, PNorm = 39.8393, GNorm = 1.0928, lr_0 = 5.7361e-04
Loss = 4.3018e-01, PNorm = 39.8704, GNorm = 1.5259, lr_0 = 5.7097e-04
Loss = 4.4555e-01, PNorm = 39.8985, GNorm = 1.9992, lr_0 = 5.6834e-04
Loss = 4.5702e-01, PNorm = 39.9206, GNorm = 1.3729, lr_0 = 5.6572e-04
Loss = 4.3907e-01, PNorm = 39.9521, GNorm = 1.7618, lr_0 = 5.6312e-04
Loss = 4.9663e-01, PNorm = 39.9856, GNorm = 1.2819, lr_0 = 5.6053e-04
Validation r2 = 0.484034
Epoch 14
Loss = 4.2328e-01, PNorm = 40.0109, GNorm = 1.2014, lr_0 = 5.5795e-04
Loss = 4.0922e-01, PNorm = 40.0434, GNorm = 1.2540, lr_0 = 5.5538e-04
Loss = 4.5923e-01, PNorm = 40.0711, GNorm = 1.4379, lr_0 = 5.5283e-04
Loss = 4.1736e-01, PNorm = 40.1003, GNorm = 1.4807, lr_0 = 5.5028e-04
Loss = 4.4646e-01, PNorm = 40.1346, GNorm = 2.7621, lr_0 = 5.4775e-04
Loss = 4.2181e-01, PNorm = 40.1652, GNorm = 1.3664, lr_0 = 5.4523e-04
Loss = 4.6969e-01, PNorm = 40.1884, GNorm = 2.1829, lr_0 = 5.4272e-04
Loss = 4.9957e-01, PNorm = 40.2164, GNorm = 1.5100, lr_0 = 5.4022e-04
Loss = 4.3475e-01, PNorm = 40.2457, GNorm = 1.8267, lr_0 = 5.3774e-04
Loss = 4.6505e-01, PNorm = 40.2753, GNorm = 1.7036, lr_0 = 5.3526e-04
Loss = 4.4519e-01, PNorm = 40.2949, GNorm = 1.4857, lr_0 = 5.3280e-04
Validation r2 = 0.495791
Epoch 15
Loss = 4.9403e-01, PNorm = 40.3183, GNorm = 1.8843, lr_0 = 5.3035e-04
Loss = 4.2159e-01, PNorm = 40.3445, GNorm = 2.1813, lr_0 = 5.2791e-04
Loss = 4.5808e-01, PNorm = 40.3649, GNorm = 2.1822, lr_0 = 5.2548e-04
Loss = 4.0932e-01, PNorm = 40.3934, GNorm = 1.0941, lr_0 = 5.2306e-04
Loss = 4.3679e-01, PNorm = 40.4202, GNorm = 2.6802, lr_0 = 5.2065e-04
Loss = 4.0009e-01, PNorm = 40.4437, GNorm = 1.5206, lr_0 = 5.1825e-04
Loss = 4.5123e-01, PNorm = 40.4738, GNorm = 2.8654, lr_0 = 5.1587e-04
Loss = 4.7493e-01, PNorm = 40.4995, GNorm = 2.7641, lr_0 = 5.1350e-04
Loss = 4.6198e-01, PNorm = 40.5298, GNorm = 2.6078, lr_0 = 5.1113e-04
Loss = 3.9254e-01, PNorm = 40.5619, GNorm = 1.8332, lr_0 = 5.0878e-04
Validation r2 = 0.508869
Epoch 16
Loss = 3.5037e-01, PNorm = 40.5886, GNorm = 1.3072, lr_0 = 5.0644e-04
Loss = 4.0593e-01, PNorm = 40.6117, GNorm = 1.5167, lr_0 = 5.0411e-04
Loss = 4.0686e-01, PNorm = 40.6366, GNorm = 1.2071, lr_0 = 5.0179e-04
Loss = 3.8047e-01, PNorm = 40.6609, GNorm = 1.5328, lr_0 = 4.9948e-04
Loss = 4.3847e-01, PNorm = 40.6875, GNorm = 1.5835, lr_0 = 4.9718e-04
Loss = 3.9517e-01, PNorm = 40.7088, GNorm = 1.2263, lr_0 = 4.9489e-04
Loss = 4.2729e-01, PNorm = 40.7362, GNorm = 1.2496, lr_0 = 4.9262e-04
Loss = 4.1040e-01, PNorm = 40.7504, GNorm = 2.4763, lr_0 = 4.9035e-04
Loss = 4.5660e-01, PNorm = 40.7789, GNorm = 2.6659, lr_0 = 4.8809e-04
Loss = 3.8369e-01, PNorm = 40.8069, GNorm = 1.6375, lr_0 = 4.8585e-04
Loss = 4.3051e-01, PNorm = 40.8248, GNorm = 1.3220, lr_0 = 4.8361e-04
Validation r2 = 0.520267
Epoch 17
Loss = 4.6301e-01, PNorm = 40.8521, GNorm = 1.5434, lr_0 = 4.8138e-04
Loss = 4.3004e-01, PNorm = 40.8824, GNorm = 1.3907, lr_0 = 4.7917e-04
Loss = 3.6229e-01, PNorm = 40.9038, GNorm = 1.0883, lr_0 = 4.7696e-04
Loss = 4.2330e-01, PNorm = 40.9275, GNorm = 1.4008, lr_0 = 4.7477e-04
Loss = 4.0229e-01, PNorm = 40.9578, GNorm = 1.3257, lr_0 = 4.7258e-04
Loss = 4.0119e-01, PNorm = 40.9792, GNorm = 1.8195, lr_0 = 4.7041e-04
Loss = 4.2699e-01, PNorm = 41.0038, GNorm = 1.9862, lr_0 = 4.6824e-04
Loss = 4.1364e-01, PNorm = 41.0275, GNorm = 1.3634, lr_0 = 4.6609e-04
Loss = 4.0524e-01, PNorm = 41.0468, GNorm = 1.3636, lr_0 = 4.6394e-04
Loss = 3.6048e-01, PNorm = 41.0694, GNorm = 3.3120, lr_0 = 4.6181e-04
Validation r2 = 0.516031
Epoch 18
Loss = 3.4897e-01, PNorm = 41.0802, GNorm = 1.2449, lr_0 = 4.5968e-04
Loss = 3.7086e-01, PNorm = 41.0978, GNorm = 1.0785, lr_0 = 4.5757e-04
Loss = 4.1062e-01, PNorm = 41.1210, GNorm = 1.8152, lr_0 = 4.5546e-04
Loss = 3.6925e-01, PNorm = 41.1405, GNorm = 1.6584, lr_0 = 4.5337e-04
Loss = 4.2608e-01, PNorm = 41.1608, GNorm = 1.1231, lr_0 = 4.5128e-04
Loss = 3.7158e-01, PNorm = 41.1818, GNorm = 2.3147, lr_0 = 4.4920e-04
Loss = 4.0047e-01, PNorm = 41.2014, GNorm = 1.3174, lr_0 = 4.4714e-04
Loss = 3.9557e-01, PNorm = 41.2158, GNorm = 1.3911, lr_0 = 4.4508e-04
Loss = 4.3134e-01, PNorm = 41.2381, GNorm = 2.7299, lr_0 = 4.4303e-04
Loss = 3.8621e-01, PNorm = 41.2629, GNorm = 1.2215, lr_0 = 4.4099e-04
Loss = 4.1589e-01, PNorm = 41.2830, GNorm = 2.8898, lr_0 = 4.3896e-04
Validation r2 = 0.472439
Epoch 19
Loss = 3.7786e-01, PNorm = 41.3118, GNorm = 1.2119, lr_0 = 4.3694e-04
Loss = 3.8167e-01, PNorm = 41.3342, GNorm = 2.5893, lr_0 = 4.3493e-04
Loss = 3.8106e-01, PNorm = 41.3615, GNorm = 1.2833, lr_0 = 4.3293e-04
Loss = 3.8405e-01, PNorm = 41.3861, GNorm = 1.3847, lr_0 = 4.3094e-04
Loss = 4.1989e-01, PNorm = 41.4049, GNorm = 1.3908, lr_0 = 4.2896e-04
Loss = 3.7132e-01, PNorm = 41.4233, GNorm = 1.2245, lr_0 = 4.2698e-04
Loss = 4.0032e-01, PNorm = 41.4398, GNorm = 1.2268, lr_0 = 4.2502e-04
Loss = 4.0304e-01, PNorm = 41.4595, GNorm = 1.4911, lr_0 = 4.2306e-04
Loss = 3.7942e-01, PNorm = 41.4735, GNorm = 2.0938, lr_0 = 4.2111e-04
Loss = 3.7600e-01, PNorm = 41.4881, GNorm = 1.7720, lr_0 = 4.1918e-04
Validation r2 = 0.487832
Epoch 20
Loss = 3.8235e-01, PNorm = 41.5087, GNorm = 1.7123, lr_0 = 4.1725e-04
Loss = 3.5919e-01, PNorm = 41.5315, GNorm = 1.1401, lr_0 = 4.1533e-04
Loss = 3.6764e-01, PNorm = 41.5518, GNorm = 1.4664, lr_0 = 4.1341e-04
Loss = 4.0511e-01, PNorm = 41.5736, GNorm = 1.5671, lr_0 = 4.1151e-04
Loss = 3.4042e-01, PNorm = 41.5952, GNorm = 0.9977, lr_0 = 4.0962e-04
Loss = 4.1401e-01, PNorm = 41.6078, GNorm = 2.1897, lr_0 = 4.0773e-04
Loss = 3.5504e-01, PNorm = 41.6241, GNorm = 1.0069, lr_0 = 4.0586e-04
Loss = 3.4791e-01, PNorm = 41.6414, GNorm = 1.2884, lr_0 = 4.0399e-04
Loss = 3.8116e-01, PNorm = 41.6592, GNorm = 2.2913, lr_0 = 4.0213e-04
Loss = 3.7683e-01, PNorm = 41.6791, GNorm = 2.0427, lr_0 = 4.0028e-04
Loss = 3.9168e-01, PNorm = 41.7030, GNorm = 1.1614, lr_0 = 3.9844e-04
Validation r2 = 0.530652
Epoch 21
Loss = 3.4967e-01, PNorm = 41.7245, GNorm = 1.6316, lr_0 = 3.9642e-04
Loss = 3.7142e-01, PNorm = 41.7403, GNorm = 1.3914, lr_0 = 3.9460e-04
Loss = 3.3816e-01, PNorm = 41.7559, GNorm = 1.0797, lr_0 = 3.9278e-04
Loss = 3.4727e-01, PNorm = 41.7706, GNorm = 1.5481, lr_0 = 3.9097e-04
Loss = 3.5535e-01, PNorm = 41.7861, GNorm = 1.7246, lr_0 = 3.8917e-04
Loss = 3.8091e-01, PNorm = 41.8022, GNorm = 1.4725, lr_0 = 3.8738e-04
Loss = 3.5894e-01, PNorm = 41.8185, GNorm = 1.2054, lr_0 = 3.8560e-04
Loss = 3.8733e-01, PNorm = 41.8336, GNorm = 1.2566, lr_0 = 3.8383e-04
Loss = 3.5468e-01, PNorm = 41.8517, GNorm = 2.3645, lr_0 = 3.8206e-04
Loss = 3.4299e-01, PNorm = 41.8707, GNorm = 1.2165, lr_0 = 3.8030e-04
Validation r2 = 0.555467
Epoch 22
Loss = 3.3370e-01, PNorm = 41.8884, GNorm = 1.8405, lr_0 = 3.7855e-04
Loss = 3.0121e-01, PNorm = 41.9037, GNorm = 1.5449, lr_0 = 3.7681e-04
Loss = 3.5603e-01, PNorm = 41.9153, GNorm = 2.0412, lr_0 = 3.7508e-04
Loss = 3.6205e-01, PNorm = 41.9322, GNorm = 1.8400, lr_0 = 3.7335e-04
Loss = 3.5105e-01, PNorm = 41.9465, GNorm = 1.1250, lr_0 = 3.7163e-04
Loss = 4.1297e-01, PNorm = 41.9618, GNorm = 2.4308, lr_0 = 3.6992e-04
Loss = 3.6251e-01, PNorm = 41.9756, GNorm = 1.6667, lr_0 = 3.6822e-04
Loss = 3.5251e-01, PNorm = 41.9879, GNorm = 1.5790, lr_0 = 3.6652e-04
Loss = 3.5626e-01, PNorm = 42.0069, GNorm = 1.6092, lr_0 = 3.6484e-04
Loss = 3.5822e-01, PNorm = 42.0226, GNorm = 2.5997, lr_0 = 3.6316e-04
Loss = 3.2161e-01, PNorm = 42.0377, GNorm = 1.4268, lr_0 = 3.6149e-04
Validation r2 = 0.554650
Epoch 23
Loss = 3.5489e-01, PNorm = 42.0585, GNorm = 2.1739, lr_0 = 3.5982e-04
Loss = 3.1296e-01, PNorm = 42.0778, GNorm = 2.0175, lr_0 = 3.5817e-04
Loss = 3.5326e-01, PNorm = 42.0891, GNorm = 1.4734, lr_0 = 3.5652e-04
Loss = 3.1507e-01, PNorm = 42.1036, GNorm = 1.1743, lr_0 = 3.5488e-04
Loss = 3.3176e-01, PNorm = 42.1163, GNorm = 1.4402, lr_0 = 3.5325e-04
Loss = 3.2669e-01, PNorm = 42.1295, GNorm = 1.3167, lr_0 = 3.5162e-04
Loss = 3.5795e-01, PNorm = 42.1446, GNorm = 1.2765, lr_0 = 3.5000e-04
Loss = 3.8299e-01, PNorm = 42.1565, GNorm = 1.3997, lr_0 = 3.4839e-04
Loss = 3.3945e-01, PNorm = 42.1706, GNorm = 1.5489, lr_0 = 3.4679e-04
Loss = 3.7885e-01, PNorm = 42.1830, GNorm = 1.9717, lr_0 = 3.4519e-04
Validation r2 = 0.559339
Epoch 24
Loss = 3.0903e-01, PNorm = 42.1965, GNorm = 1.9634, lr_0 = 3.4360e-04
Loss = 3.3590e-01, PNorm = 42.2064, GNorm = 1.2996, lr_0 = 3.4202e-04
Loss = 3.4717e-01, PNorm = 42.2187, GNorm = 1.2088, lr_0 = 3.4045e-04
Loss = 3.8245e-01, PNorm = 42.2318, GNorm = 1.8448, lr_0 = 3.3888e-04
Loss = 3.2033e-01, PNorm = 42.2480, GNorm = 1.3173, lr_0 = 3.3732e-04
Loss = 3.1518e-01, PNorm = 42.2661, GNorm = 1.8222, lr_0 = 3.3577e-04
Loss = 3.6774e-01, PNorm = 42.2788, GNorm = 2.0205, lr_0 = 3.3422e-04
Loss = 3.3893e-01, PNorm = 42.2941, GNorm = 1.3599, lr_0 = 3.3269e-04
Loss = 3.7513e-01, PNorm = 42.3088, GNorm = 2.2347, lr_0 = 3.3116e-04
Loss = 3.4571e-01, PNorm = 42.3213, GNorm = 1.4609, lr_0 = 3.2963e-04
Loss = 2.8104e-01, PNorm = 42.3365, GNorm = 0.9667, lr_0 = 3.2811e-04
Validation r2 = 0.558495
Epoch 25
Loss = 3.0616e-01, PNorm = 42.3527, GNorm = 1.3004, lr_0 = 3.2660e-04
Loss = 3.3032e-01, PNorm = 42.3674, GNorm = 1.1535, lr_0 = 3.2510e-04
Loss = 3.1535e-01, PNorm = 42.3823, GNorm = 1.3930, lr_0 = 3.2361e-04
Loss = 3.3674e-01, PNorm = 42.3927, GNorm = 1.8200, lr_0 = 3.2212e-04
Loss = 3.5401e-01, PNorm = 42.4054, GNorm = 2.1418, lr_0 = 3.2063e-04
Loss = 3.3113e-01, PNorm = 42.4182, GNorm = 1.4318, lr_0 = 3.1916e-04
Loss = 3.6081e-01, PNorm = 42.4347, GNorm = 1.8631, lr_0 = 3.1769e-04
Loss = 3.2888e-01, PNorm = 42.4455, GNorm = 1.4725, lr_0 = 3.1623e-04
Loss = 3.4345e-01, PNorm = 42.4575, GNorm = 1.8046, lr_0 = 3.1477e-04
Loss = 3.4703e-01, PNorm = 42.4702, GNorm = 3.3234, lr_0 = 3.1332e-04
Validation r2 = 0.551971
Epoch 26
Loss = 3.8568e-01, PNorm = 42.4858, GNorm = 2.0568, lr_0 = 3.1188e-04
Loss = 3.6765e-01, PNorm = 42.4991, GNorm = 1.2413, lr_0 = 3.1045e-04
Loss = 3.5661e-01, PNorm = 42.5160, GNorm = 1.3534, lr_0 = 3.0902e-04
Loss = 3.4703e-01, PNorm = 42.5321, GNorm = 1.6425, lr_0 = 3.0760e-04
Loss = 2.9698e-01, PNorm = 42.5469, GNorm = 1.6083, lr_0 = 3.0618e-04
Loss = 3.1054e-01, PNorm = 42.5597, GNorm = 1.3783, lr_0 = 3.0477e-04
Loss = 3.0092e-01, PNorm = 42.5688, GNorm = 1.7277, lr_0 = 3.0337e-04
Loss = 2.9823e-01, PNorm = 42.5768, GNorm = 1.7447, lr_0 = 3.0197e-04
Loss = 3.3196e-01, PNorm = 42.5874, GNorm = 1.2706, lr_0 = 3.0058e-04
Loss = 3.3624e-01, PNorm = 42.5967, GNorm = 1.7026, lr_0 = 2.9920e-04
Loss = 3.2328e-01, PNorm = 42.6082, GNorm = 1.6573, lr_0 = 2.9782e-04
Validation r2 = 0.570178
Epoch 27
Loss = 3.3936e-01, PNorm = 42.6170, GNorm = 1.6792, lr_0 = 2.9645e-04
Loss = 3.3165e-01, PNorm = 42.6298, GNorm = 2.2247, lr_0 = 2.9509e-04
Loss = 3.1146e-01, PNorm = 42.6448, GNorm = 1.3755, lr_0 = 2.9373e-04
Loss = 3.0295e-01, PNorm = 42.6583, GNorm = 1.3380, lr_0 = 2.9238e-04
Loss = 3.0666e-01, PNorm = 42.6712, GNorm = 1.9053, lr_0 = 2.9103e-04
Loss = 3.0795e-01, PNorm = 42.6821, GNorm = 1.5702, lr_0 = 2.8969e-04
Loss = 3.6223e-01, PNorm = 42.6925, GNorm = 2.1604, lr_0 = 2.8836e-04
Loss = 2.9207e-01, PNorm = 42.7008, GNorm = 1.2356, lr_0 = 2.8703e-04
Loss = 3.4634e-01, PNorm = 42.7120, GNorm = 2.1023, lr_0 = 2.8571e-04
Loss = 3.4422e-01, PNorm = 42.7250, GNorm = 2.1592, lr_0 = 2.8440e-04
Validation r2 = 0.553486
Epoch 28
Loss = 3.4666e-01, PNorm = 42.7347, GNorm = 1.0241, lr_0 = 2.8309e-04
Loss = 3.4159e-01, PNorm = 42.7482, GNorm = 2.4283, lr_0 = 2.8179e-04
Loss = 3.1661e-01, PNorm = 42.7596, GNorm = 1.5141, lr_0 = 2.8049e-04
Loss = 2.9789e-01, PNorm = 42.7695, GNorm = 1.1742, lr_0 = 2.7920e-04
Loss = 3.2037e-01, PNorm = 42.7808, GNorm = 1.5610, lr_0 = 2.7791e-04
Loss = 3.3462e-01, PNorm = 42.7920, GNorm = 1.5438, lr_0 = 2.7663e-04
Loss = 2.8025e-01, PNorm = 42.8024, GNorm = 2.0076, lr_0 = 2.7536e-04
Loss = 3.2216e-01, PNorm = 42.8120, GNorm = 1.6163, lr_0 = 2.7409e-04
Loss = 3.0862e-01, PNorm = 42.8192, GNorm = 1.4340, lr_0 = 2.7283e-04
Loss = 2.8730e-01, PNorm = 42.8296, GNorm = 1.7226, lr_0 = 2.7158e-04
Loss = 3.5327e-01, PNorm = 42.8372, GNorm = 1.8575, lr_0 = 2.7033e-04
Validation r2 = 0.574411
Epoch 29
Loss = 2.6829e-01, PNorm = 42.8476, GNorm = 1.5243, lr_0 = 2.6908e-04
Loss = 3.3067e-01, PNorm = 42.8628, GNorm = 1.7878, lr_0 = 2.6785e-04
Loss = 2.9112e-01, PNorm = 42.8736, GNorm = 1.3752, lr_0 = 2.6661e-04
Loss = 2.9372e-01, PNorm = 42.8831, GNorm = 1.7857, lr_0 = 2.6539e-04
Loss = 3.0469e-01, PNorm = 42.8933, GNorm = 1.1669, lr_0 = 2.6416e-04
Loss = 3.0176e-01, PNorm = 42.9015, GNorm = 1.4648, lr_0 = 2.6295e-04
Loss = 3.0270e-01, PNorm = 42.9097, GNorm = 1.1143, lr_0 = 2.6174e-04
Loss = 2.9826e-01, PNorm = 42.9203, GNorm = 2.1333, lr_0 = 2.6053e-04
Loss = 3.0744e-01, PNorm = 42.9330, GNorm = 1.2471, lr_0 = 2.5934e-04
Loss = 3.2781e-01, PNorm = 42.9406, GNorm = 2.3855, lr_0 = 2.5814e-04
Validation r2 = 0.565685
Epoch 30
Loss = 3.2178e-01, PNorm = 42.9461, GNorm = 1.0937, lr_0 = 2.5695e-04
Loss = 2.8095e-01, PNorm = 42.9524, GNorm = 1.3163, lr_0 = 2.5577e-04
Loss = 2.6676e-01, PNorm = 42.9623, GNorm = 1.8187, lr_0 = 2.5459e-04
Loss = 2.7178e-01, PNorm = 42.9706, GNorm = 1.1820, lr_0 = 2.5342e-04
Loss = 3.3139e-01, PNorm = 42.9811, GNorm = 1.5295, lr_0 = 2.5226e-04
Loss = 3.1604e-01, PNorm = 42.9900, GNorm = 1.3260, lr_0 = 2.5110e-04
Loss = 3.1970e-01, PNorm = 42.9992, GNorm = 1.4466, lr_0 = 2.4994e-04
Loss = 3.4111e-01, PNorm = 43.0096, GNorm = 1.3000, lr_0 = 2.4879e-04
Loss = 3.1387e-01, PNorm = 43.0202, GNorm = 1.3114, lr_0 = 2.4765e-04
Loss = 3.6564e-01, PNorm = 43.0264, GNorm = 1.2791, lr_0 = 2.4651e-04
Loss = 2.7950e-01, PNorm = 43.0365, GNorm = 2.2497, lr_0 = 2.4537e-04
Validation r2 = 0.565097
Epoch 31
Loss = 2.8703e-01, PNorm = 43.0487, GNorm = 1.5148, lr_0 = 2.4413e-04
Loss = 3.0856e-01, PNorm = 43.0601, GNorm = 1.6825, lr_0 = 2.4301e-04
Loss = 3.1309e-01, PNorm = 43.0702, GNorm = 1.0409, lr_0 = 2.4189e-04
Loss = 3.0951e-01, PNorm = 43.0801, GNorm = 1.5017, lr_0 = 2.4077e-04
Loss = 2.8307e-01, PNorm = 43.0892, GNorm = 1.7132, lr_0 = 2.3967e-04
Loss = 3.0346e-01, PNorm = 43.0973, GNorm = 0.9138, lr_0 = 2.3856e-04
Loss = 3.0095e-01, PNorm = 43.1044, GNorm = 1.5937, lr_0 = 2.3747e-04
Loss = 3.0328e-01, PNorm = 43.1135, GNorm = 1.8185, lr_0 = 2.3637e-04
Loss = 3.2344e-01, PNorm = 43.1244, GNorm = 1.3655, lr_0 = 2.3529e-04
Loss = 2.8773e-01, PNorm = 43.1337, GNorm = 1.7169, lr_0 = 2.3420e-04
Validation r2 = 0.566166
Epoch 32
Loss = 2.9390e-01, PNorm = 43.1433, GNorm = 1.0623, lr_0 = 2.3312e-04
Loss = 2.7587e-01, PNorm = 43.1503, GNorm = 1.4882, lr_0 = 2.3205e-04
Loss = 3.0830e-01, PNorm = 43.1588, GNorm = 2.6297, lr_0 = 2.3098e-04
Loss = 2.8166e-01, PNorm = 43.1646, GNorm = 2.3703, lr_0 = 2.2992e-04
Loss = 3.1635e-01, PNorm = 43.1723, GNorm = 1.4339, lr_0 = 2.2886e-04
Loss = 3.2482e-01, PNorm = 43.1854, GNorm = 1.3357, lr_0 = 2.2781e-04
Loss = 2.9056e-01, PNorm = 43.1954, GNorm = 1.5490, lr_0 = 2.2676e-04
Loss = 2.5170e-01, PNorm = 43.2001, GNorm = 1.1682, lr_0 = 2.2572e-04
Loss = 2.8520e-01, PNorm = 43.2056, GNorm = 1.3328, lr_0 = 2.2468e-04
Loss = 3.2684e-01, PNorm = 43.2128, GNorm = 2.2953, lr_0 = 2.2365e-04
Loss = 2.7890e-01, PNorm = 43.2237, GNorm = 1.3258, lr_0 = 2.2262e-04
Validation r2 = 0.571261
Epoch 33
Loss = 2.8833e-01, PNorm = 43.2342, GNorm = 1.5243, lr_0 = 2.2159e-04
Loss = 2.4754e-01, PNorm = 43.2403, GNorm = 1.3767, lr_0 = 2.2057e-04
Loss = 2.4148e-01, PNorm = 43.2461, GNorm = 1.2457, lr_0 = 2.1956e-04
Loss = 2.9651e-01, PNorm = 43.2537, GNorm = 1.8084, lr_0 = 2.1855e-04
Loss = 2.6891e-01, PNorm = 43.2619, GNorm = 1.6968, lr_0 = 2.1754e-04
Loss = 3.2921e-01, PNorm = 43.2699, GNorm = 1.0892, lr_0 = 2.1654e-04
Loss = 3.1559e-01, PNorm = 43.2772, GNorm = 1.2438, lr_0 = 2.1554e-04
Loss = 2.7438e-01, PNorm = 43.2849, GNorm = 1.2514, lr_0 = 2.1455e-04
Loss = 3.0666e-01, PNorm = 43.2924, GNorm = 2.1242, lr_0 = 2.1356e-04
Loss = 3.1331e-01, PNorm = 43.2987, GNorm = 1.2343, lr_0 = 2.1258e-04
Validation r2 = 0.576880
Epoch 34
Loss = 2.7741e-01, PNorm = 43.3062, GNorm = 1.6446, lr_0 = 2.1160e-04
Loss = 2.9904e-01, PNorm = 43.3160, GNorm = 1.4107, lr_0 = 2.1063e-04
Loss = 2.9875e-01, PNorm = 43.3267, GNorm = 2.1072, lr_0 = 2.0966e-04
Loss = 2.7312e-01, PNorm = 43.3367, GNorm = 1.1976, lr_0 = 2.0869e-04
Loss = 3.1465e-01, PNorm = 43.3443, GNorm = 1.4082, lr_0 = 2.0773e-04
Loss = 2.7855e-01, PNorm = 43.3513, GNorm = 3.1256, lr_0 = 2.0678e-04
Loss = 3.3755e-01, PNorm = 43.3591, GNorm = 2.2368, lr_0 = 2.0583e-04
Loss = 2.8059e-01, PNorm = 43.3659, GNorm = 1.8887, lr_0 = 2.0488e-04
Loss = 3.0538e-01, PNorm = 43.3719, GNorm = 1.8499, lr_0 = 2.0394e-04
Loss = 2.9441e-01, PNorm = 43.3780, GNorm = 2.4395, lr_0 = 2.0300e-04
Loss = 2.6357e-01, PNorm = 43.3848, GNorm = 1.1497, lr_0 = 2.0206e-04
Validation r2 = 0.576160
Epoch 35
Loss = 2.3731e-01, PNorm = 43.3912, GNorm = 1.5582, lr_0 = 2.0113e-04
Loss = 2.3841e-01, PNorm = 43.3974, GNorm = 1.2351, lr_0 = 2.0021e-04
Loss = 2.6466e-01, PNorm = 43.4030, GNorm = 1.3146, lr_0 = 1.9929e-04
Loss = 3.2220e-01, PNorm = 43.4074, GNorm = 1.6240, lr_0 = 1.9837e-04
Loss = 2.9665e-01, PNorm = 43.4147, GNorm = 1.8867, lr_0 = 1.9746e-04
Loss = 2.2837e-01, PNorm = 43.4232, GNorm = 1.4556, lr_0 = 1.9655e-04
Loss = 3.1805e-01, PNorm = 43.4306, GNorm = 1.5501, lr_0 = 1.9564e-04
Loss = 2.9714e-01, PNorm = 43.4379, GNorm = 1.6186, lr_0 = 1.9474e-04
Loss = 3.2798e-01, PNorm = 43.4450, GNorm = 1.5689, lr_0 = 1.9385e-04
Loss = 3.2968e-01, PNorm = 43.4534, GNorm = 1.2348, lr_0 = 1.9296e-04
Validation r2 = 0.581995
Epoch 36
Loss = 2.5531e-01, PNorm = 43.4616, GNorm = 1.3041, lr_0 = 1.9207e-04
Loss = 2.6988e-01, PNorm = 43.4693, GNorm = 1.7619, lr_0 = 1.9118e-04
Loss = 2.6734e-01, PNorm = 43.4736, GNorm = 1.3056, lr_0 = 1.9030e-04
Loss = 2.9216e-01, PNorm = 43.4799, GNorm = 1.1920, lr_0 = 1.8943e-04
Loss = 3.1700e-01, PNorm = 43.4878, GNorm = 1.3794, lr_0 = 1.8856e-04
Loss = 2.7643e-01, PNorm = 43.4957, GNorm = 1.7658, lr_0 = 1.8769e-04
Loss = 2.7595e-01, PNorm = 43.5020, GNorm = 1.1473, lr_0 = 1.8682e-04
Loss = 2.9287e-01, PNorm = 43.5091, GNorm = 1.0983, lr_0 = 1.8596e-04
Loss = 2.2606e-01, PNorm = 43.5173, GNorm = 2.3513, lr_0 = 1.8511e-04
Loss = 2.9020e-01, PNorm = 43.5221, GNorm = 1.5404, lr_0 = 1.8426e-04
Loss = 3.1713e-01, PNorm = 43.5248, GNorm = 1.2646, lr_0 = 1.8341e-04
Validation r2 = 0.574528
Epoch 37
Loss = 3.0778e-01, PNorm = 43.5320, GNorm = 1.7558, lr_0 = 1.8257e-04
Loss = 2.5029e-01, PNorm = 43.5388, GNorm = 1.2131, lr_0 = 1.8173e-04
Loss = 3.1734e-01, PNorm = 43.5466, GNorm = 1.5496, lr_0 = 1.8089e-04
Loss = 2.8185e-01, PNorm = 43.5533, GNorm = 1.4725, lr_0 = 1.8006e-04
Loss = 2.8298e-01, PNorm = 43.5589, GNorm = 1.9239, lr_0 = 1.7923e-04
Loss = 2.8300e-01, PNorm = 43.5631, GNorm = 1.6568, lr_0 = 1.7840e-04
Loss = 2.8064e-01, PNorm = 43.5691, GNorm = 1.5360, lr_0 = 1.7758e-04
Loss = 2.5143e-01, PNorm = 43.5741, GNorm = 1.8935, lr_0 = 1.7676e-04
Loss = 2.5559e-01, PNorm = 43.5790, GNorm = 1.0508, lr_0 = 1.7595e-04
Loss = 2.8221e-01, PNorm = 43.5867, GNorm = 1.3353, lr_0 = 1.7514e-04
Validation r2 = 0.584693
Epoch 38
Loss = 3.0960e-01, PNorm = 43.5929, GNorm = 1.3726, lr_0 = 1.7434e-04
Loss = 2.6459e-01, PNorm = 43.5979, GNorm = 2.0670, lr_0 = 1.7353e-04
Loss = 2.6830e-01, PNorm = 43.6041, GNorm = 0.9848, lr_0 = 1.7273e-04
Loss = 2.3152e-01, PNorm = 43.6118, GNorm = 1.4014, lr_0 = 1.7194e-04
Loss = 2.6797e-01, PNorm = 43.6172, GNorm = 1.1140, lr_0 = 1.7115e-04
Loss = 2.6921e-01, PNorm = 43.6200, GNorm = 1.0537, lr_0 = 1.7036e-04
Loss = 2.9119e-01, PNorm = 43.6253, GNorm = 1.1740, lr_0 = 1.6958e-04
Loss = 2.5893e-01, PNorm = 43.6298, GNorm = 2.3380, lr_0 = 1.6880e-04
Loss = 2.9106e-01, PNorm = 43.6341, GNorm = 1.3891, lr_0 = 1.6802e-04
Loss = 2.8069e-01, PNorm = 43.6382, GNorm = 1.4529, lr_0 = 1.6725e-04
Loss = 2.6974e-01, PNorm = 43.6450, GNorm = 1.5074, lr_0 = 1.6648e-04
Validation r2 = 0.592268
Epoch 39
Loss = 2.7417e-01, PNorm = 43.6492, GNorm = 1.2400, lr_0 = 1.6571e-04
Loss = 2.8539e-01, PNorm = 43.6532, GNorm = 1.4036, lr_0 = 1.6495e-04
Loss = 2.7656e-01, PNorm = 43.6584, GNorm = 1.2139, lr_0 = 1.6419e-04
Loss = 2.3372e-01, PNorm = 43.6652, GNorm = 1.1017, lr_0 = 1.6343e-04
Loss = 2.9027e-01, PNorm = 43.6704, GNorm = 1.6476, lr_0 = 1.6268e-04
Loss = 2.5994e-01, PNorm = 43.6757, GNorm = 1.4496, lr_0 = 1.6193e-04
Loss = 2.5370e-01, PNorm = 43.6828, GNorm = 1.6874, lr_0 = 1.6119e-04
Loss = 2.5984e-01, PNorm = 43.6875, GNorm = 0.9351, lr_0 = 1.6045e-04
Loss = 2.8616e-01, PNorm = 43.6930, GNorm = 1.2781, lr_0 = 1.5971e-04
Loss = 2.7764e-01, PNorm = 43.7000, GNorm = 1.4534, lr_0 = 1.5897e-04
Validation r2 = 0.578577
Epoch 40
Loss = 2.8795e-01, PNorm = 43.7048, GNorm = 1.7862, lr_0 = 1.5824e-04
Loss = 2.7106e-01, PNorm = 43.7091, GNorm = 1.3195, lr_0 = 1.5751e-04
Loss = 2.9147e-01, PNorm = 43.7122, GNorm = 1.6288, lr_0 = 1.5679e-04
Loss = 2.5338e-01, PNorm = 43.7166, GNorm = 1.8830, lr_0 = 1.5607e-04
Loss = 2.7675e-01, PNorm = 43.7243, GNorm = 2.2887, lr_0 = 1.5535e-04
Loss = 2.5743e-01, PNorm = 43.7311, GNorm = 1.4739, lr_0 = 1.5463e-04
Loss = 2.7329e-01, PNorm = 43.7348, GNorm = 1.2473, lr_0 = 1.5392e-04
Loss = 2.7927e-01, PNorm = 43.7395, GNorm = 1.6744, lr_0 = 1.5321e-04
Loss = 2.7078e-01, PNorm = 43.7428, GNorm = 1.4363, lr_0 = 1.5251e-04
Loss = 3.0144e-01, PNorm = 43.7464, GNorm = 1.5788, lr_0 = 1.5181e-04
Loss = 2.9124e-01, PNorm = 43.7497, GNorm = 1.5399, lr_0 = 1.5111e-04
Loss = 2.9999e-01, PNorm = 43.7500, GNorm = 1.2965, lr_0 = 1.5104e-04
Validation r2 = 0.584510
Epoch 41
Loss = 2.4622e-01, PNorm = 43.7551, GNorm = 1.6954, lr_0 = 1.5034e-04
Loss = 2.9986e-01, PNorm = 43.7605, GNorm = 1.4826, lr_0 = 1.4965e-04
Loss = 2.9320e-01, PNorm = 43.7651, GNorm = 0.9831, lr_0 = 1.4896e-04
Loss = 2.2896e-01, PNorm = 43.7699, GNorm = 1.0689, lr_0 = 1.4828e-04
Loss = 2.5993e-01, PNorm = 43.7762, GNorm = 2.0384, lr_0 = 1.4759e-04
Loss = 2.6161e-01, PNorm = 43.7835, GNorm = 1.6381, lr_0 = 1.4692e-04
Loss = 2.6371e-01, PNorm = 43.7872, GNorm = 1.8385, lr_0 = 1.4624e-04
Loss = 2.5373e-01, PNorm = 43.7898, GNorm = 1.0962, lr_0 = 1.4557e-04
Loss = 3.0936e-01, PNorm = 43.7955, GNorm = 2.0302, lr_0 = 1.4490e-04
Loss = 2.7677e-01, PNorm = 43.8016, GNorm = 1.0657, lr_0 = 1.4423e-04
Validation r2 = 0.591301
Epoch 42
Loss = 2.4180e-01, PNorm = 43.8057, GNorm = 1.7780, lr_0 = 1.4357e-04
Loss = 2.9521e-01, PNorm = 43.8112, GNorm = 0.9966, lr_0 = 1.4291e-04
Loss = 2.9801e-01, PNorm = 43.8167, GNorm = 1.4998, lr_0 = 1.4225e-04
Loss = 2.6128e-01, PNorm = 43.8207, GNorm = 1.3031, lr_0 = 1.4159e-04
Loss = 2.4492e-01, PNorm = 43.8248, GNorm = 1.7811, lr_0 = 1.4094e-04
Loss = 2.6676e-01, PNorm = 43.8290, GNorm = 1.0180, lr_0 = 1.4029e-04
Loss = 2.3345e-01, PNorm = 43.8325, GNorm = 1.6035, lr_0 = 1.3965e-04
Loss = 2.5940e-01, PNorm = 43.8357, GNorm = 1.4641, lr_0 = 1.3900e-04
Loss = 2.7567e-01, PNorm = 43.8389, GNorm = 1.3417, lr_0 = 1.3836e-04
Loss = 2.5965e-01, PNorm = 43.8435, GNorm = 1.2855, lr_0 = 1.3773e-04
Loss = 2.7390e-01, PNorm = 43.8469, GNorm = 1.0797, lr_0 = 1.3709e-04
Validation r2 = 0.593038
Epoch 43
Loss = 2.5917e-01, PNorm = 43.8507, GNorm = 1.9486, lr_0 = 1.3646e-04
Loss = 2.4381e-01, PNorm = 43.8536, GNorm = 1.3031, lr_0 = 1.3584e-04
Loss = 2.7211e-01, PNorm = 43.8567, GNorm = 1.3249, lr_0 = 1.3521e-04
Loss = 2.5210e-01, PNorm = 43.8611, GNorm = 1.5236, lr_0 = 1.3459e-04
Loss = 3.0546e-01, PNorm = 43.8653, GNorm = 1.7936, lr_0 = 1.3397e-04
Loss = 2.4842e-01, PNorm = 43.8678, GNorm = 1.7404, lr_0 = 1.3335e-04
Loss = 2.5983e-01, PNorm = 43.8715, GNorm = 1.4999, lr_0 = 1.3274e-04
Loss = 2.5484e-01, PNorm = 43.8766, GNorm = 1.8477, lr_0 = 1.3213e-04
Loss = 2.8948e-01, PNorm = 43.8817, GNorm = 1.7403, lr_0 = 1.3152e-04
Loss = 2.7261e-01, PNorm = 43.8860, GNorm = 1.8055, lr_0 = 1.3091e-04
Validation r2 = 0.568792
Epoch 44
Loss = 2.6408e-01, PNorm = 43.8917, GNorm = 2.1444, lr_0 = 1.3031e-04
Loss = 2.8440e-01, PNorm = 43.8972, GNorm = 1.5057, lr_0 = 1.2971e-04
Loss = 2.3662e-01, PNorm = 43.9024, GNorm = 1.1566, lr_0 = 1.2912e-04
Loss = 2.6317e-01, PNorm = 43.9060, GNorm = 1.9961, lr_0 = 1.2852e-04
Loss = 2.7461e-01, PNorm = 43.9083, GNorm = 1.1224, lr_0 = 1.2793e-04
Loss = 2.9095e-01, PNorm = 43.9131, GNorm = 2.0269, lr_0 = 1.2734e-04
Loss = 2.5190e-01, PNorm = 43.9174, GNorm = 1.5536, lr_0 = 1.2675e-04
Loss = 2.5961e-01, PNorm = 43.9204, GNorm = 1.5975, lr_0 = 1.2617e-04
Loss = 2.7943e-01, PNorm = 43.9225, GNorm = 1.3372, lr_0 = 1.2559e-04
Loss = 2.4058e-01, PNorm = 43.9266, GNorm = 1.3004, lr_0 = 1.2501e-04
Loss = 2.7936e-01, PNorm = 43.9313, GNorm = 2.1795, lr_0 = 1.2444e-04
Validation r2 = 0.594473
Epoch 45
Loss = 2.5595e-01, PNorm = 43.9349, GNorm = 1.0267, lr_0 = 1.2387e-04
Loss = 2.8214e-01, PNorm = 43.9406, GNorm = 1.4669, lr_0 = 1.2330e-04
Loss = 2.4452e-01, PNorm = 43.9454, GNorm = 1.1815, lr_0 = 1.2273e-04
Loss = 2.5795e-01, PNorm = 43.9494, GNorm = 1.4175, lr_0 = 1.2216e-04
Loss = 2.6085e-01, PNorm = 43.9530, GNorm = 1.7595, lr_0 = 1.2160e-04
Loss = 2.5216e-01, PNorm = 43.9565, GNorm = 1.6351, lr_0 = 1.2104e-04
Loss = 2.6727e-01, PNorm = 43.9611, GNorm = 1.9709, lr_0 = 1.2048e-04
Loss = 2.5643e-01, PNorm = 43.9656, GNorm = 1.5560, lr_0 = 1.1993e-04
Loss = 2.8105e-01, PNorm = 43.9686, GNorm = 1.9137, lr_0 = 1.1938e-04
Loss = 2.4624e-01, PNorm = 43.9717, GNorm = 1.9710, lr_0 = 1.1883e-04
Validation r2 = 0.599338
Epoch 46
Loss = 2.5234e-01, PNorm = 43.9744, GNorm = 1.4735, lr_0 = 1.1828e-04
Loss = 2.6830e-01, PNorm = 43.9765, GNorm = 1.8811, lr_0 = 1.1774e-04
Loss = 2.3571e-01, PNorm = 43.9800, GNorm = 1.3256, lr_0 = 1.1720e-04
Loss = 2.7788e-01, PNorm = 43.9846, GNorm = 1.4958, lr_0 = 1.1666e-04
Loss = 2.3241e-01, PNorm = 43.9873, GNorm = 1.4051, lr_0 = 1.1612e-04
Loss = 2.8193e-01, PNorm = 43.9920, GNorm = 1.9849, lr_0 = 1.1558e-04
Loss = 2.5679e-01, PNorm = 43.9957, GNorm = 2.0994, lr_0 = 1.1505e-04
Loss = 2.4253e-01, PNorm = 43.9991, GNorm = 1.7554, lr_0 = 1.1452e-04
Loss = 2.4488e-01, PNorm = 44.0027, GNorm = 1.3276, lr_0 = 1.1400e-04
Loss = 2.7654e-01, PNorm = 44.0070, GNorm = 1.4974, lr_0 = 1.1347e-04
Loss = 2.8721e-01, PNorm = 44.0110, GNorm = 1.5322, lr_0 = 1.1295e-04
Validation r2 = 0.594702
Epoch 47
Loss = 2.4108e-01, PNorm = 44.0147, GNorm = 1.6551, lr_0 = 1.1243e-04
Loss = 2.6634e-01, PNorm = 44.0183, GNorm = 1.3424, lr_0 = 1.1191e-04
Loss = 2.3079e-01, PNorm = 44.0220, GNorm = 1.3966, lr_0 = 1.1140e-04
Loss = 2.4407e-01, PNorm = 44.0258, GNorm = 1.2094, lr_0 = 1.1088e-04
Loss = 2.4570e-01, PNorm = 44.0286, GNorm = 1.7105, lr_0 = 1.1037e-04
Loss = 2.3560e-01, PNorm = 44.0314, GNorm = 1.4095, lr_0 = 1.0987e-04
Loss = 2.6858e-01, PNorm = 44.0345, GNorm = 1.4553, lr_0 = 1.0936e-04
Loss = 2.8392e-01, PNorm = 44.0366, GNorm = 2.2401, lr_0 = 1.0886e-04
Loss = 2.6956e-01, PNorm = 44.0398, GNorm = 1.3123, lr_0 = 1.0836e-04
Loss = 2.3312e-01, PNorm = 44.0439, GNorm = 1.4741, lr_0 = 1.0786e-04
Validation r2 = 0.571634
Epoch 48
Loss = 2.7009e-01, PNorm = 44.0473, GNorm = 1.5752, lr_0 = 1.0736e-04
Loss = 2.2238e-01, PNorm = 44.0492, GNorm = 1.6963, lr_0 = 1.0687e-04
Loss = 2.3926e-01, PNorm = 44.0499, GNorm = 1.3233, lr_0 = 1.0638e-04
Loss = 2.4950e-01, PNorm = 44.0528, GNorm = 1.8098, lr_0 = 1.0589e-04
Loss = 2.6410e-01, PNorm = 44.0557, GNorm = 1.4107, lr_0 = 1.0540e-04
Loss = 2.7549e-01, PNorm = 44.0590, GNorm = 1.5705, lr_0 = 1.0491e-04
Loss = 2.8657e-01, PNorm = 44.0610, GNorm = 1.5275, lr_0 = 1.0443e-04
Loss = 2.7549e-01, PNorm = 44.0647, GNorm = 1.8539, lr_0 = 1.0395e-04
Loss = 2.5665e-01, PNorm = 44.0682, GNorm = 1.1198, lr_0 = 1.0347e-04
Loss = 2.3107e-01, PNorm = 44.0715, GNorm = 1.7833, lr_0 = 1.0300e-04
Loss = 2.8674e-01, PNorm = 44.0760, GNorm = 2.1143, lr_0 = 1.0252e-04
Validation r2 = 0.581130
Epoch 49
Loss = 2.6090e-01, PNorm = 44.0807, GNorm = 1.5571, lr_0 = 1.0205e-04
Loss = 2.3188e-01, PNorm = 44.0851, GNorm = 1.6259, lr_0 = 1.0158e-04
Loss = 2.5349e-01, PNorm = 44.0879, GNorm = 1.4368, lr_0 = 1.0111e-04
Loss = 2.4901e-01, PNorm = 44.0907, GNorm = 1.5186, lr_0 = 1.0065e-04
Loss = 2.4597e-01, PNorm = 44.0934, GNorm = 1.0772, lr_0 = 1.0018e-04
Loss = 2.9083e-01, PNorm = 44.0952, GNorm = 2.4514, lr_0 = 1.0000e-04
Loss = 2.8638e-01, PNorm = 44.0980, GNorm = 1.2973, lr_0 = 1.0000e-04
Loss = 2.4392e-01, PNorm = 44.1002, GNorm = 1.8407, lr_0 = 1.0000e-04
Loss = 2.7396e-01, PNorm = 44.1033, GNorm = 1.5537, lr_0 = 1.0000e-04
Loss = 2.3005e-01, PNorm = 44.1071, GNorm = 1.5159, lr_0 = 1.0000e-04
Validation r2 = 0.577277
Model 0 best validation r2 = 0.599338 on epoch 45
Loading pretrained parameter "encoder.encoder.0.cached_zero_vector".
Loading pretrained parameter "encoder.encoder.0.W_i.weight".
Loading pretrained parameter "encoder.encoder.0.W_h.weight".
Loading pretrained parameter "encoder.encoder.0.W_o.weight".
Loading pretrained parameter "encoder.encoder.0.W_o.bias".
Loading pretrained parameter "ffn.1.weight".
Loading pretrained parameter "ffn.1.bias".
Loading pretrained parameter "ffn.4.weight".
Loading pretrained parameter "ffn.4.bias".
Model 0 test r2 = 0.619170
Ensemble test r2 = 0.619170
Fold 2
Splitting data with seed 2
Total size = 6,557 | train size = 5,245 | val size = 656 | test size = 656
Fitting scaler
Building model 0
MoleculeModel(
  (encoder): MPN(
    (encoder): ModuleList(
      (0): MPNEncoder(
        (dropout_layer): Dropout(p=0.1, inplace=False)
        (act_func): ReLU()
        (W_i): Linear(in_features=147, out_features=300, bias=False)
        (W_h): Linear(in_features=300, out_features=300, bias=False)
        (W_o): Linear(in_features=433, out_features=300, bias=True)
      )
    )
  )
  (ffn): Sequential(
    (0): Dropout(p=0.1, inplace=False)
    (1): Linear(in_features=300, out_features=300, bias=True)
    (2): ReLU()
    (3): Dropout(p=0.1, inplace=False)
    (4): Linear(in_features=300, out_features=1, bias=True)
  )
)
Number of parameters = 355,201
Epoch 0
Loss = 1.0668e+00, PNorm = 34.0098, GNorm = 4.0106, lr_0 = 1.4760e-04
Loss = 1.0729e+00, PNorm = 34.0099, GNorm = 2.0841, lr_0 = 1.9087e-04
Loss = 1.0281e+00, PNorm = 34.0112, GNorm = 1.6669, lr_0 = 2.3413e-04
Loss = 9.5925e-01, PNorm = 34.0132, GNorm = 1.7947, lr_0 = 2.7740e-04
Loss = 1.0249e+00, PNorm = 34.0168, GNorm = 2.0234, lr_0 = 3.2067e-04
Loss = 1.0351e+00, PNorm = 34.0219, GNorm = 1.4599, lr_0 = 3.6394e-04
Loss = 1.0248e+00, PNorm = 34.0290, GNorm = 2.1733, lr_0 = 4.0721e-04
Loss = 9.4078e-01, PNorm = 34.0380, GNorm = 2.3430, lr_0 = 4.5048e-04
Loss = 9.4493e-01, PNorm = 34.0519, GNorm = 2.1022, lr_0 = 4.9375e-04
Loss = 9.3869e-01, PNorm = 34.0711, GNorm = 1.5705, lr_0 = 5.3702e-04
Validation r2 = 0.065468
Epoch 1
Loss = 9.9568e-01, PNorm = 34.0930, GNorm = 4.4840, lr_0 = 5.8462e-04
Loss = 9.8248e-01, PNorm = 34.1107, GNorm = 1.9679, lr_0 = 6.2788e-04
Loss = 9.2808e-01, PNorm = 34.1327, GNorm = 1.2987, lr_0 = 6.7115e-04
Loss = 9.2283e-01, PNorm = 34.1683, GNorm = 2.6257, lr_0 = 7.1442e-04
Loss = 9.1968e-01, PNorm = 34.1971, GNorm = 2.2631, lr_0 = 7.5769e-04
Loss = 9.2006e-01, PNorm = 34.2236, GNorm = 1.5480, lr_0 = 8.0096e-04
Loss = 9.5795e-01, PNorm = 34.2626, GNorm = 2.5333, lr_0 = 8.4423e-04
Loss = 9.4339e-01, PNorm = 34.3044, GNorm = 0.8870, lr_0 = 8.8750e-04
Loss = 9.3103e-01, PNorm = 34.3436, GNorm = 1.8549, lr_0 = 9.3077e-04
Loss = 8.5984e-01, PNorm = 34.3934, GNorm = 0.9890, lr_0 = 9.7404e-04
Validation r2 = 0.087942
Epoch 2
Loss = 8.9501e-01, PNorm = 34.4404, GNorm = 0.8182, lr_0 = 9.9816e-04
Loss = 8.6269e-01, PNorm = 34.4933, GNorm = 0.9561, lr_0 = 9.9356e-04
Loss = 9.1591e-01, PNorm = 34.5612, GNorm = 1.8437, lr_0 = 9.8899e-04
Loss = 9.7313e-01, PNorm = 34.6251, GNorm = 2.1153, lr_0 = 9.8444e-04
Loss = 7.7501e-01, PNorm = 34.6889, GNorm = 0.7421, lr_0 = 9.7991e-04
Loss = 8.8545e-01, PNorm = 34.7475, GNorm = 0.5994, lr_0 = 9.7540e-04
Loss = 8.9276e-01, PNorm = 34.7996, GNorm = 1.4992, lr_0 = 9.7091e-04
Loss = 7.9837e-01, PNorm = 34.8575, GNorm = 0.7031, lr_0 = 9.6644e-04
Loss = 8.4999e-01, PNorm = 34.9128, GNorm = 1.7748, lr_0 = 9.6200e-04
Loss = 8.5292e-01, PNorm = 34.9701, GNorm = 1.5540, lr_0 = 9.5757e-04
Loss = 7.7057e-01, PNorm = 35.0260, GNorm = 0.7809, lr_0 = 9.5316e-04
Validation r2 = 0.167496
Epoch 3
Loss = 7.4999e-01, PNorm = 35.0948, GNorm = 2.9207, lr_0 = 9.4878e-04
Loss = 7.9428e-01, PNorm = 35.1599, GNorm = 1.9066, lr_0 = 9.4441e-04
Loss = 8.3726e-01, PNorm = 35.2172, GNorm = 1.1494, lr_0 = 9.4006e-04
Loss = 7.3053e-01, PNorm = 35.2817, GNorm = 0.9816, lr_0 = 9.3574e-04
Loss = 7.6511e-01, PNorm = 35.3309, GNorm = 0.7320, lr_0 = 9.3143e-04
Loss = 8.1129e-01, PNorm = 35.3692, GNorm = 1.3388, lr_0 = 9.2714e-04
Loss = 8.4064e-01, PNorm = 35.4244, GNorm = 0.7762, lr_0 = 9.2288e-04
Loss = 7.5747e-01, PNorm = 35.4948, GNorm = 1.1939, lr_0 = 9.1863e-04
Loss = 7.3892e-01, PNorm = 35.5642, GNorm = 0.7959, lr_0 = 9.1440e-04
Loss = 7.2636e-01, PNorm = 35.6249, GNorm = 1.1864, lr_0 = 9.1020e-04
Validation r2 = 0.222312
Epoch 4
Loss = 6.7462e-01, PNorm = 35.6848, GNorm = 2.5833, lr_0 = 9.0601e-04
Loss = 7.0511e-01, PNorm = 35.7391, GNorm = 2.9241, lr_0 = 9.0184e-04
Loss = 6.4697e-01, PNorm = 35.7936, GNorm = 0.8483, lr_0 = 8.9769e-04
Loss = 7.6682e-01, PNorm = 35.8436, GNorm = 1.3489, lr_0 = 8.9356e-04
Loss = 6.5780e-01, PNorm = 35.8991, GNorm = 1.2973, lr_0 = 8.8944e-04
Loss = 7.8729e-01, PNorm = 35.9562, GNorm = 1.4059, lr_0 = 8.8535e-04
Loss = 7.8058e-01, PNorm = 36.0151, GNorm = 2.0994, lr_0 = 8.8128e-04
Loss = 7.1199e-01, PNorm = 36.0682, GNorm = 1.2896, lr_0 = 8.7722e-04
Loss = 7.1960e-01, PNorm = 36.1285, GNorm = 3.9974, lr_0 = 8.7318e-04
Loss = 7.9357e-01, PNorm = 36.1920, GNorm = 3.0741, lr_0 = 8.6917e-04
Loss = 7.7338e-01, PNorm = 36.2502, GNorm = 0.7682, lr_0 = 8.6517e-04
Validation r2 = 0.237792
Epoch 5
Loss = 7.6825e-01, PNorm = 36.3125, GNorm = 1.6112, lr_0 = 8.6118e-04
Loss = 7.0022e-01, PNorm = 36.3698, GNorm = 1.0777, lr_0 = 8.5722e-04
Loss = 7.6188e-01, PNorm = 36.4303, GNorm = 1.4195, lr_0 = 8.5328e-04
Loss = 6.5796e-01, PNorm = 36.4909, GNorm = 1.8706, lr_0 = 8.4935e-04
Loss = 6.8835e-01, PNorm = 36.5454, GNorm = 0.9694, lr_0 = 8.4544e-04
Loss = 7.2094e-01, PNorm = 36.6057, GNorm = 2.5130, lr_0 = 8.4155e-04
Loss = 6.9990e-01, PNorm = 36.6556, GNorm = 2.3938, lr_0 = 8.3768e-04
Loss = 6.1870e-01, PNorm = 36.7128, GNorm = 1.0249, lr_0 = 8.3382e-04
Loss = 6.9309e-01, PNorm = 36.7550, GNorm = 1.7322, lr_0 = 8.2999e-04
Loss = 7.1211e-01, PNorm = 36.8050, GNorm = 1.1535, lr_0 = 8.2617e-04
Validation r2 = 0.262938
Epoch 6
Loss = 6.2808e-01, PNorm = 36.8649, GNorm = 1.7535, lr_0 = 8.2236e-04
Loss = 6.9576e-01, PNorm = 36.9144, GNorm = 0.9103, lr_0 = 8.1858e-04
Loss = 6.2431e-01, PNorm = 36.9648, GNorm = 1.3999, lr_0 = 8.1481e-04
Loss = 6.6730e-01, PNorm = 37.0199, GNorm = 1.0445, lr_0 = 8.1106e-04
Loss = 7.0110e-01, PNorm = 37.0869, GNorm = 0.8922, lr_0 = 8.0733e-04
Loss = 6.2213e-01, PNorm = 37.1555, GNorm = 0.9524, lr_0 = 8.0362e-04
Loss = 6.2712e-01, PNorm = 37.1931, GNorm = 1.4353, lr_0 = 7.9992e-04
Loss = 5.9524e-01, PNorm = 37.2400, GNorm = 1.4336, lr_0 = 7.9624e-04
Loss = 5.5009e-01, PNorm = 37.2895, GNorm = 1.4967, lr_0 = 7.9257e-04
Loss = 6.5022e-01, PNorm = 37.3466, GNorm = 0.9169, lr_0 = 7.8892e-04
Loss = 7.1787e-01, PNorm = 37.4018, GNorm = 1.7869, lr_0 = 7.8529e-04
Validation r2 = 0.316938
Epoch 7
Loss = 6.0465e-01, PNorm = 37.4728, GNorm = 4.0642, lr_0 = 7.8168e-04
Loss = 6.3619e-01, PNorm = 37.5321, GNorm = 3.9068, lr_0 = 7.7808e-04
Loss = 5.6814e-01, PNorm = 37.5882, GNorm = 1.2048, lr_0 = 7.7450e-04
Loss = 5.8631e-01, PNorm = 37.6347, GNorm = 1.9955, lr_0 = 7.7094e-04
Loss = 6.1656e-01, PNorm = 37.6859, GNorm = 2.5762, lr_0 = 7.6739e-04
Loss = 6.4222e-01, PNorm = 37.7399, GNorm = 1.0608, lr_0 = 7.6386e-04
Loss = 6.5243e-01, PNorm = 37.7976, GNorm = 1.5515, lr_0 = 7.6034e-04
Loss = 5.2986e-01, PNorm = 37.8510, GNorm = 0.9792, lr_0 = 7.5684e-04
Loss = 5.9422e-01, PNorm = 37.8953, GNorm = 1.8939, lr_0 = 7.5336e-04
Loss = 5.4905e-01, PNorm = 37.9353, GNorm = 1.0985, lr_0 = 7.4989e-04
Validation r2 = 0.340472
Epoch 8
Loss = 3.6446e-01, PNorm = 37.9844, GNorm = 1.0488, lr_0 = 7.4644e-04
Loss = 6.3301e-01, PNorm = 38.0409, GNorm = 1.7889, lr_0 = 7.4301e-04
Loss = 6.3693e-01, PNorm = 38.1030, GNorm = 2.0465, lr_0 = 7.3959e-04
Loss = 5.5042e-01, PNorm = 38.1488, GNorm = 2.2374, lr_0 = 7.3619e-04
Loss = 5.8846e-01, PNorm = 38.2050, GNorm = 1.2491, lr_0 = 7.3280e-04
Loss = 7.0680e-01, PNorm = 38.2585, GNorm = 1.3897, lr_0 = 7.2943e-04
Loss = 5.9808e-01, PNorm = 38.3110, GNorm = 1.0094, lr_0 = 7.2607e-04
Loss = 5.5749e-01, PNorm = 38.3500, GNorm = 0.8527, lr_0 = 7.2273e-04
Loss = 5.4053e-01, PNorm = 38.3865, GNorm = 0.9707, lr_0 = 7.1940e-04
Loss = 5.6108e-01, PNorm = 38.4294, GNorm = 1.5642, lr_0 = 7.1609e-04
Loss = 5.4391e-01, PNorm = 38.4767, GNorm = 0.8602, lr_0 = 7.1280e-04
Validation r2 = 0.340704
Epoch 9
Loss = 4.8154e-01, PNorm = 38.5223, GNorm = 2.5017, lr_0 = 7.0951e-04
Loss = 5.1106e-01, PNorm = 38.5635, GNorm = 1.1986, lr_0 = 7.0625e-04
Loss = 5.4663e-01, PNorm = 38.6132, GNorm = 1.0969, lr_0 = 7.0300e-04
Loss = 5.5123e-01, PNorm = 38.6509, GNorm = 0.8533, lr_0 = 6.9976e-04
Loss = 5.6023e-01, PNorm = 38.6851, GNorm = 1.3326, lr_0 = 6.9654e-04
Loss = 5.8803e-01, PNorm = 38.7331, GNorm = 1.2469, lr_0 = 6.9334e-04
Loss = 5.2302e-01, PNorm = 38.7756, GNorm = 1.0600, lr_0 = 6.9015e-04
Loss = 5.7621e-01, PNorm = 38.8210, GNorm = 1.4416, lr_0 = 6.8697e-04
Loss = 5.8235e-01, PNorm = 38.8707, GNorm = 2.2136, lr_0 = 6.8381e-04
Loss = 5.4133e-01, PNorm = 38.9227, GNorm = 1.0699, lr_0 = 6.8066e-04
Validation r2 = 0.400781
Epoch 10
Loss = 7.0696e-01, PNorm = 38.9737, GNorm = 1.4966, lr_0 = 6.7753e-04
Loss = 5.4791e-01, PNorm = 39.0115, GNorm = 1.2359, lr_0 = 6.7441e-04
Loss = 5.5219e-01, PNorm = 39.0622, GNorm = 1.4945, lr_0 = 6.7131e-04
Loss = 5.1329e-01, PNorm = 39.1064, GNorm = 1.5883, lr_0 = 6.6822e-04
Loss = 5.3051e-01, PNorm = 39.1499, GNorm = 1.4206, lr_0 = 6.6515e-04
Loss = 5.0549e-01, PNorm = 39.1889, GNorm = 1.0746, lr_0 = 6.6208e-04
Loss = 5.3036e-01, PNorm = 39.2314, GNorm = 1.5096, lr_0 = 6.5904e-04
Loss = 5.3152e-01, PNorm = 39.2668, GNorm = 1.1913, lr_0 = 6.5600e-04
Loss = 4.9460e-01, PNorm = 39.3056, GNorm = 1.2221, lr_0 = 6.5299e-04
Loss = 5.0886e-01, PNorm = 39.3432, GNorm = 1.5080, lr_0 = 6.4998e-04
Loss = 4.3826e-01, PNorm = 39.3887, GNorm = 1.0511, lr_0 = 6.4699e-04
Validation r2 = 0.420017
Epoch 11
Loss = 5.1068e-01, PNorm = 39.4376, GNorm = 1.7757, lr_0 = 6.4372e-04
Loss = 4.8475e-01, PNorm = 39.4715, GNorm = 1.4927, lr_0 = 6.4075e-04
Loss = 5.0666e-01, PNorm = 39.5062, GNorm = 2.1922, lr_0 = 6.3780e-04
Loss = 5.4290e-01, PNorm = 39.5397, GNorm = 1.4715, lr_0 = 6.3487e-04
Loss = 5.0615e-01, PNorm = 39.5682, GNorm = 1.1214, lr_0 = 6.3195e-04
Loss = 4.8174e-01, PNorm = 39.6117, GNorm = 1.2148, lr_0 = 6.2904e-04
Loss = 4.5414e-01, PNorm = 39.6535, GNorm = 2.5005, lr_0 = 6.2614e-04
Loss = 5.4119e-01, PNorm = 39.6888, GNorm = 1.9565, lr_0 = 6.2326e-04
Loss = 5.6640e-01, PNorm = 39.7289, GNorm = 1.8940, lr_0 = 6.2039e-04
Loss = 5.0625e-01, PNorm = 39.7644, GNorm = 2.3146, lr_0 = 6.1754e-04
Validation r2 = 0.445653
Epoch 12
Loss = 5.8726e-01, PNorm = 39.8040, GNorm = 1.6120, lr_0 = 6.1470e-04
Loss = 4.9513e-01, PNorm = 39.8453, GNorm = 2.5257, lr_0 = 6.1187e-04
Loss = 4.7893e-01, PNorm = 39.8901, GNorm = 1.6391, lr_0 = 6.0905e-04
Loss = 5.0887e-01, PNorm = 39.9352, GNorm = 1.2098, lr_0 = 6.0625e-04
Loss = 4.9590e-01, PNorm = 39.9691, GNorm = 1.3976, lr_0 = 6.0346e-04
Loss = 4.9671e-01, PNorm = 40.0108, GNorm = 2.0571, lr_0 = 6.0068e-04
Loss = 4.7630e-01, PNorm = 40.0428, GNorm = 2.4461, lr_0 = 5.9792e-04
Loss = 4.7366e-01, PNorm = 40.0780, GNorm = 1.2929, lr_0 = 5.9517e-04
Loss = 4.8337e-01, PNorm = 40.1105, GNorm = 1.6419, lr_0 = 5.9243e-04
Loss = 4.2787e-01, PNorm = 40.1365, GNorm = 0.9505, lr_0 = 5.8970e-04
Loss = 4.5995e-01, PNorm = 40.1712, GNorm = 1.8057, lr_0 = 5.8699e-04
Validation r2 = 0.452552
Epoch 13
Loss = 4.6793e-01, PNorm = 40.2046, GNorm = 1.1602, lr_0 = 5.8429e-04
Loss = 4.3281e-01, PNorm = 40.2467, GNorm = 2.3872, lr_0 = 5.8160e-04
Loss = 4.4742e-01, PNorm = 40.2851, GNorm = 1.9515, lr_0 = 5.7892e-04
Loss = 4.6269e-01, PNorm = 40.3211, GNorm = 2.8405, lr_0 = 5.7626e-04
Loss = 4.8526e-01, PNorm = 40.3523, GNorm = 1.2170, lr_0 = 5.7361e-04
Loss = 4.4179e-01, PNorm = 40.3838, GNorm = 1.2993, lr_0 = 5.7097e-04
Loss = 4.0508e-01, PNorm = 40.4135, GNorm = 1.5892, lr_0 = 5.6834e-04
Loss = 4.0314e-01, PNorm = 40.4463, GNorm = 1.7337, lr_0 = 5.6572e-04
Loss = 4.7750e-01, PNorm = 40.4706, GNorm = 1.1500, lr_0 = 5.6312e-04
Loss = 5.0949e-01, PNorm = 40.5065, GNorm = 1.5616, lr_0 = 5.6053e-04
Validation r2 = 0.438696
Epoch 14
Loss = 5.7114e-01, PNorm = 40.5363, GNorm = 2.3229, lr_0 = 5.5795e-04
Loss = 4.4423e-01, PNorm = 40.5737, GNorm = 2.7014, lr_0 = 5.5538e-04
Loss = 4.4329e-01, PNorm = 40.6015, GNorm = 2.4172, lr_0 = 5.5283e-04
Loss = 4.6490e-01, PNorm = 40.6394, GNorm = 1.5575, lr_0 = 5.5028e-04
Loss = 4.2916e-01, PNorm = 40.6715, GNorm = 1.5126, lr_0 = 5.4775e-04
Loss = 4.1496e-01, PNorm = 40.6960, GNorm = 2.9314, lr_0 = 5.4523e-04
Loss = 4.5326e-01, PNorm = 40.7214, GNorm = 1.8934, lr_0 = 5.4272e-04
Loss = 4.3151e-01, PNorm = 40.7473, GNorm = 1.2562, lr_0 = 5.4022e-04
Loss = 4.1032e-01, PNorm = 40.7823, GNorm = 1.3066, lr_0 = 5.3774e-04
Loss = 4.6361e-01, PNorm = 40.8101, GNorm = 1.3208, lr_0 = 5.3526e-04
Loss = 4.0206e-01, PNorm = 40.8316, GNorm = 1.5830, lr_0 = 5.3280e-04
Validation r2 = 0.513913
Epoch 15
Loss = 4.2134e-01, PNorm = 40.8530, GNorm = 1.2315, lr_0 = 5.3035e-04
Loss = 4.8047e-01, PNorm = 40.8883, GNorm = 2.1581, lr_0 = 5.2791e-04
Loss = 4.3864e-01, PNorm = 40.9206, GNorm = 2.4370, lr_0 = 5.2548e-04
Loss = 3.8027e-01, PNorm = 40.9498, GNorm = 1.8562, lr_0 = 5.2306e-04
Loss = 4.0653e-01, PNorm = 40.9714, GNorm = 1.0936, lr_0 = 5.2065e-04
Loss = 4.1613e-01, PNorm = 40.9971, GNorm = 2.0127, lr_0 = 5.1825e-04
Loss = 4.2226e-01, PNorm = 41.0185, GNorm = 2.0949, lr_0 = 5.1587e-04
Loss = 4.0498e-01, PNorm = 41.0478, GNorm = 2.4760, lr_0 = 5.1350e-04
Loss = 4.5591e-01, PNorm = 41.0761, GNorm = 3.5265, lr_0 = 5.1113e-04
Loss = 4.6197e-01, PNorm = 41.1067, GNorm = 1.9596, lr_0 = 5.0878e-04
Validation r2 = 0.494647
Epoch 16
Loss = 4.0533e-01, PNorm = 41.1284, GNorm = 1.9377, lr_0 = 5.0644e-04
Loss = 3.8667e-01, PNorm = 41.1580, GNorm = 1.2924, lr_0 = 5.0411e-04
Loss = 4.3738e-01, PNorm = 41.1865, GNorm = 1.4124, lr_0 = 5.0179e-04
Loss = 3.7173e-01, PNorm = 41.2133, GNorm = 1.5735, lr_0 = 4.9948e-04
Loss = 4.0705e-01, PNorm = 41.2357, GNorm = 1.4083, lr_0 = 4.9718e-04
Loss = 4.3907e-01, PNorm = 41.2615, GNorm = 1.9471, lr_0 = 4.9489e-04
Loss = 4.0473e-01, PNorm = 41.2843, GNorm = 1.1900, lr_0 = 4.9262e-04
Loss = 4.3842e-01, PNorm = 41.3085, GNorm = 1.2700, lr_0 = 4.9035e-04
Loss = 3.9170e-01, PNorm = 41.3417, GNorm = 1.4218, lr_0 = 4.8809e-04
Loss = 3.8755e-01, PNorm = 41.3541, GNorm = 1.6303, lr_0 = 4.8585e-04
Loss = 4.3656e-01, PNorm = 41.3730, GNorm = 1.0152, lr_0 = 4.8361e-04
Validation r2 = 0.511712
Epoch 17
Loss = 3.7524e-01, PNorm = 41.4002, GNorm = 1.3951, lr_0 = 4.8138e-04
Loss = 4.2565e-01, PNorm = 41.4261, GNorm = 1.2165, lr_0 = 4.7917e-04
Loss = 3.3241e-01, PNorm = 41.4457, GNorm = 1.7182, lr_0 = 4.7696e-04
Loss = 3.4201e-01, PNorm = 41.4683, GNorm = 2.0156, lr_0 = 4.7477e-04
Loss = 4.0111e-01, PNorm = 41.4908, GNorm = 1.1455, lr_0 = 4.7258e-04
Loss = 3.9004e-01, PNorm = 41.5113, GNorm = 1.5159, lr_0 = 4.7041e-04
Loss = 4.2384e-01, PNorm = 41.5321, GNorm = 1.9032, lr_0 = 4.6824e-04
Loss = 4.2298e-01, PNorm = 41.5541, GNorm = 1.4729, lr_0 = 4.6609e-04
Loss = 4.4108e-01, PNorm = 41.5823, GNorm = 1.9700, lr_0 = 4.6394e-04
Loss = 4.3002e-01, PNorm = 41.5997, GNorm = 2.0528, lr_0 = 4.6181e-04
Validation r2 = 0.524174
Epoch 18
Loss = 3.1885e-01, PNorm = 41.6233, GNorm = 1.2140, lr_0 = 4.5968e-04
Loss = 3.7866e-01, PNorm = 41.6416, GNorm = 1.5608, lr_0 = 4.5757e-04
Loss = 3.5198e-01, PNorm = 41.6600, GNorm = 1.3526, lr_0 = 4.5546e-04
Loss = 3.6155e-01, PNorm = 41.6878, GNorm = 1.4975, lr_0 = 4.5337e-04
Loss = 3.8653e-01, PNorm = 41.7122, GNorm = 1.6387, lr_0 = 4.5128e-04
Loss = 3.9551e-01, PNorm = 41.7319, GNorm = 1.3899, lr_0 = 4.4920e-04
Loss = 3.8279e-01, PNorm = 41.7567, GNorm = 1.3329, lr_0 = 4.4714e-04
Loss = 3.8264e-01, PNorm = 41.7808, GNorm = 2.0182, lr_0 = 4.4508e-04
Loss = 4.4457e-01, PNorm = 41.7981, GNorm = 2.1417, lr_0 = 4.4303e-04
Loss = 3.9570e-01, PNorm = 41.8192, GNorm = 2.3720, lr_0 = 4.4099e-04
Loss = 3.9156e-01, PNorm = 41.8383, GNorm = 1.5266, lr_0 = 4.3896e-04
Validation r2 = 0.517241
Epoch 19
Loss = 3.5566e-01, PNorm = 41.8567, GNorm = 1.4213, lr_0 = 4.3694e-04
Loss = 3.4459e-01, PNorm = 41.8748, GNorm = 1.5537, lr_0 = 4.3493e-04
Loss = 4.0832e-01, PNorm = 41.8942, GNorm = 2.1956, lr_0 = 4.3293e-04
Loss = 4.3832e-01, PNorm = 41.9201, GNorm = 2.7564, lr_0 = 4.3094e-04
Loss = 3.8279e-01, PNorm = 41.9417, GNorm = 1.4615, lr_0 = 4.2896e-04
Loss = 4.1687e-01, PNorm = 41.9660, GNorm = 3.1959, lr_0 = 4.2698e-04
Loss = 3.8122e-01, PNorm = 41.9869, GNorm = 2.6591, lr_0 = 4.2502e-04
Loss = 3.5983e-01, PNorm = 42.0069, GNorm = 0.8773, lr_0 = 4.2306e-04
Loss = 3.4775e-01, PNorm = 42.0258, GNorm = 1.7091, lr_0 = 4.2111e-04
Loss = 3.7567e-01, PNorm = 42.0413, GNorm = 1.7936, lr_0 = 4.1918e-04
Validation r2 = 0.541567
Epoch 20
Loss = 2.7328e-01, PNorm = 42.0610, GNorm = 0.8691, lr_0 = 4.1725e-04
Loss = 3.7832e-01, PNorm = 42.0767, GNorm = 1.1340, lr_0 = 4.1533e-04
Loss = 3.5295e-01, PNorm = 42.0915, GNorm = 2.2844, lr_0 = 4.1341e-04
Loss = 3.7786e-01, PNorm = 42.1030, GNorm = 1.1240, lr_0 = 4.1151e-04
Loss = 4.1774e-01, PNorm = 42.1212, GNorm = 2.4200, lr_0 = 4.0962e-04
Loss = 3.4648e-01, PNorm = 42.1407, GNorm = 1.3560, lr_0 = 4.0773e-04
Loss = 3.3039e-01, PNorm = 42.1591, GNorm = 1.2572, lr_0 = 4.0586e-04
Loss = 3.7777e-01, PNorm = 42.1765, GNorm = 1.4671, lr_0 = 4.0399e-04
Loss = 3.7129e-01, PNorm = 42.1941, GNorm = 1.0593, lr_0 = 4.0213e-04
Loss = 3.5613e-01, PNorm = 42.2147, GNorm = 2.0447, lr_0 = 4.0028e-04
Loss = 3.9452e-01, PNorm = 42.2327, GNorm = 1.4710, lr_0 = 3.9844e-04
Validation r2 = 0.512654
Epoch 21
Loss = 3.7839e-01, PNorm = 42.2509, GNorm = 2.3640, lr_0 = 3.9642e-04
Loss = 4.2715e-01, PNorm = 42.2689, GNorm = 1.4280, lr_0 = 3.9460e-04
Loss = 4.1640e-01, PNorm = 42.2920, GNorm = 1.3563, lr_0 = 3.9278e-04
Loss = 3.7157e-01, PNorm = 42.3126, GNorm = 2.6226, lr_0 = 3.9097e-04
Loss = 3.3519e-01, PNorm = 42.3288, GNorm = 2.0501, lr_0 = 3.8917e-04
Loss = 3.1200e-01, PNorm = 42.3438, GNorm = 1.0842, lr_0 = 3.8738e-04
Loss = 3.7095e-01, PNorm = 42.3601, GNorm = 2.2310, lr_0 = 3.8560e-04
Loss = 3.1116e-01, PNorm = 42.3769, GNorm = 1.2189, lr_0 = 3.8383e-04
Loss = 3.7850e-01, PNorm = 42.3903, GNorm = 1.2372, lr_0 = 3.8206e-04
Loss = 3.7528e-01, PNorm = 42.4034, GNorm = 1.4884, lr_0 = 3.8030e-04
Validation r2 = 0.545346
Epoch 22
Loss = 3.5520e-01, PNorm = 42.4235, GNorm = 1.2723, lr_0 = 3.7855e-04
Loss = 3.6162e-01, PNorm = 42.4414, GNorm = 1.4610, lr_0 = 3.7681e-04
Loss = 3.5116e-01, PNorm = 42.4604, GNorm = 1.7673, lr_0 = 3.7508e-04
Loss = 3.2915e-01, PNorm = 42.4723, GNorm = 2.1800, lr_0 = 3.7335e-04
Loss = 3.2603e-01, PNorm = 42.4843, GNorm = 1.4542, lr_0 = 3.7163e-04
Loss = 3.5537e-01, PNorm = 42.4958, GNorm = 1.1970, lr_0 = 3.6992e-04
Loss = 4.0130e-01, PNorm = 42.5114, GNorm = 1.6749, lr_0 = 3.6822e-04
Loss = 3.1165e-01, PNorm = 42.5282, GNorm = 2.5356, lr_0 = 3.6652e-04
Loss = 3.2674e-01, PNorm = 42.5434, GNorm = 1.3796, lr_0 = 3.6484e-04
Loss = 3.8608e-01, PNorm = 42.5563, GNorm = 1.1147, lr_0 = 3.6316e-04
Loss = 3.7991e-01, PNorm = 42.5736, GNorm = 2.3101, lr_0 = 3.6149e-04
Validation r2 = 0.555458
Epoch 23
Loss = 3.7192e-01, PNorm = 42.5841, GNorm = 2.3489, lr_0 = 3.5982e-04
Loss = 3.4217e-01, PNorm = 42.6010, GNorm = 1.2260, lr_0 = 3.5817e-04
Loss = 3.5708e-01, PNorm = 42.6185, GNorm = 2.6579, lr_0 = 3.5652e-04
Loss = 3.3086e-01, PNorm = 42.6330, GNorm = 1.5844, lr_0 = 3.5488e-04
Loss = 3.2908e-01, PNorm = 42.6465, GNorm = 1.2044, lr_0 = 3.5325e-04
Loss = 3.6231e-01, PNorm = 42.6617, GNorm = 1.7992, lr_0 = 3.5162e-04
Loss = 3.3169e-01, PNorm = 42.6760, GNorm = 1.2217, lr_0 = 3.5000e-04
Loss = 3.5012e-01, PNorm = 42.6883, GNorm = 1.3621, lr_0 = 3.4839e-04
Loss = 2.8528e-01, PNorm = 42.7019, GNorm = 1.2627, lr_0 = 3.4679e-04
Loss = 3.3309e-01, PNorm = 42.7152, GNorm = 1.5199, lr_0 = 3.4519e-04
Validation r2 = 0.558111
Epoch 24
Loss = 3.8882e-01, PNorm = 42.7222, GNorm = 1.4816, lr_0 = 3.4360e-04
Loss = 3.0127e-01, PNorm = 42.7353, GNorm = 1.2180, lr_0 = 3.4202e-04
Loss = 3.3966e-01, PNorm = 42.7509, GNorm = 1.8534, lr_0 = 3.4045e-04
Loss = 3.2009e-01, PNorm = 42.7661, GNorm = 1.8417, lr_0 = 3.3888e-04
Loss = 3.4187e-01, PNorm = 42.7831, GNorm = 1.5706, lr_0 = 3.3732e-04
Loss = 3.2003e-01, PNorm = 42.8007, GNorm = 1.2122, lr_0 = 3.3577e-04
Loss = 3.1263e-01, PNorm = 42.8105, GNorm = 1.7151, lr_0 = 3.3422e-04
Loss = 3.3517e-01, PNorm = 42.8168, GNorm = 1.2028, lr_0 = 3.3269e-04
Loss = 3.5277e-01, PNorm = 42.8296, GNorm = 1.0856, lr_0 = 3.3116e-04
Loss = 3.2370e-01, PNorm = 42.8424, GNorm = 1.1058, lr_0 = 3.2963e-04
Loss = 3.8613e-01, PNorm = 42.8544, GNorm = 1.7842, lr_0 = 3.2811e-04
Validation r2 = 0.567482
Epoch 25
Loss = 2.7813e-01, PNorm = 42.8670, GNorm = 0.9969, lr_0 = 3.2660e-04
Loss = 3.6910e-01, PNorm = 42.8796, GNorm = 1.5177, lr_0 = 3.2510e-04
Loss = 3.3213e-01, PNorm = 42.8952, GNorm = 1.5366, lr_0 = 3.2361e-04
Loss = 2.9740e-01, PNorm = 42.9092, GNorm = 1.8938, lr_0 = 3.2212e-04
Loss = 3.4179e-01, PNorm = 42.9172, GNorm = 1.3730, lr_0 = 3.2063e-04
Loss = 3.9773e-01, PNorm = 42.9302, GNorm = 1.8469, lr_0 = 3.1916e-04
Loss = 3.1721e-01, PNorm = 42.9420, GNorm = 3.0882, lr_0 = 3.1769e-04
Loss = 3.2368e-01, PNorm = 42.9502, GNorm = 1.5163, lr_0 = 3.1623e-04
Loss = 3.2265e-01, PNorm = 42.9612, GNorm = 1.9607, lr_0 = 3.1477e-04
Loss = 3.1920e-01, PNorm = 42.9715, GNorm = 1.6830, lr_0 = 3.1332e-04
Validation r2 = 0.554876
Epoch 26
Loss = 2.9278e-01, PNorm = 42.9840, GNorm = 1.6362, lr_0 = 3.1188e-04
Loss = 2.9024e-01, PNorm = 42.9953, GNorm = 1.8156, lr_0 = 3.1045e-04
Loss = 3.1524e-01, PNorm = 43.0049, GNorm = 1.3222, lr_0 = 3.0902e-04
Loss = 3.1100e-01, PNorm = 43.0154, GNorm = 1.6043, lr_0 = 3.0760e-04
Loss = 3.2792e-01, PNorm = 43.0280, GNorm = 1.4647, lr_0 = 3.0618e-04
Loss = 3.5658e-01, PNorm = 43.0404, GNorm = 2.5580, lr_0 = 3.0477e-04
Loss = 3.5690e-01, PNorm = 43.0536, GNorm = 1.4359, lr_0 = 3.0337e-04
Loss = 3.4729e-01, PNorm = 43.0688, GNorm = 1.4108, lr_0 = 3.0197e-04
Loss = 3.5504e-01, PNorm = 43.0812, GNorm = 1.8983, lr_0 = 3.0058e-04
Loss = 3.0249e-01, PNorm = 43.0926, GNorm = 1.6784, lr_0 = 2.9920e-04
Loss = 2.9853e-01, PNorm = 43.1068, GNorm = 1.0955, lr_0 = 2.9782e-04
Validation r2 = 0.560638
Epoch 27
Loss = 2.9603e-01, PNorm = 43.1175, GNorm = 2.7742, lr_0 = 2.9645e-04
Loss = 2.7501e-01, PNorm = 43.1259, GNorm = 1.3975, lr_0 = 2.9509e-04
Loss = 3.3570e-01, PNorm = 43.1373, GNorm = 1.9481, lr_0 = 2.9373e-04
Loss = 3.2137e-01, PNorm = 43.1490, GNorm = 1.4366, lr_0 = 2.9238e-04
Loss = 2.6989e-01, PNorm = 43.1567, GNorm = 1.6723, lr_0 = 2.9103e-04
Loss = 3.4441e-01, PNorm = 43.1623, GNorm = 1.4861, lr_0 = 2.8969e-04
Loss = 3.3044e-01, PNorm = 43.1719, GNorm = 1.7360, lr_0 = 2.8836e-04
Loss = 3.1364e-01, PNorm = 43.1835, GNorm = 1.2075, lr_0 = 2.8703e-04
Loss = 3.2817e-01, PNorm = 43.1923, GNorm = 2.2844, lr_0 = 2.8571e-04
Loss = 3.2200e-01, PNorm = 43.2015, GNorm = 1.4488, lr_0 = 2.8440e-04
Validation r2 = 0.562985
Epoch 28
Loss = 2.8910e-01, PNorm = 43.2142, GNorm = 1.2556, lr_0 = 2.8309e-04
Loss = 3.1969e-01, PNorm = 43.2255, GNorm = 2.0560, lr_0 = 2.8179e-04
Loss = 2.7206e-01, PNorm = 43.2362, GNorm = 1.7065, lr_0 = 2.8049e-04
Loss = 3.3275e-01, PNorm = 43.2498, GNorm = 2.2636, lr_0 = 2.7920e-04
Loss = 3.2404e-01, PNorm = 43.2606, GNorm = 1.1512, lr_0 = 2.7791e-04
Loss = 2.9906e-01, PNorm = 43.2745, GNorm = 1.1307, lr_0 = 2.7663e-04
Loss = 2.7762e-01, PNorm = 43.2843, GNorm = 1.5937, lr_0 = 2.7536e-04
Loss = 2.9608e-01, PNorm = 43.2941, GNorm = 2.3967, lr_0 = 2.7409e-04
Loss = 3.2112e-01, PNorm = 43.3002, GNorm = 1.3834, lr_0 = 2.7283e-04
Loss = 3.3641e-01, PNorm = 43.3084, GNorm = 1.5785, lr_0 = 2.7158e-04
Loss = 3.5490e-01, PNorm = 43.3188, GNorm = 1.8810, lr_0 = 2.7033e-04
Validation r2 = 0.554128
Epoch 29
Loss = 2.9827e-01, PNorm = 43.3278, GNorm = 1.4695, lr_0 = 2.6908e-04
Loss = 2.9522e-01, PNorm = 43.3354, GNorm = 1.1776, lr_0 = 2.6785e-04
Loss = 2.9495e-01, PNorm = 43.3430, GNorm = 1.4888, lr_0 = 2.6661e-04
Loss = 2.8835e-01, PNorm = 43.3512, GNorm = 0.9713, lr_0 = 2.6539e-04
Loss = 2.7932e-01, PNorm = 43.3639, GNorm = 1.6093, lr_0 = 2.6416e-04
Loss = 3.3410e-01, PNorm = 43.3734, GNorm = 1.9690, lr_0 = 2.6295e-04
Loss = 3.1934e-01, PNorm = 43.3831, GNorm = 2.2105, lr_0 = 2.6174e-04
Loss = 3.0136e-01, PNorm = 43.3932, GNorm = 1.8992, lr_0 = 2.6053e-04
Loss = 3.0927e-01, PNorm = 43.4045, GNorm = 1.4551, lr_0 = 2.5934e-04
Loss = 3.4113e-01, PNorm = 43.4142, GNorm = 1.5629, lr_0 = 2.5814e-04
Validation r2 = 0.545652
Epoch 30
Loss = 2.8775e-01, PNorm = 43.4236, GNorm = 1.1289, lr_0 = 2.5695e-04
Loss = 2.7994e-01, PNorm = 43.4324, GNorm = 1.4631, lr_0 = 2.5577e-04
Loss = 2.8230e-01, PNorm = 43.4416, GNorm = 3.0601, lr_0 = 2.5459e-04
Loss = 3.4221e-01, PNorm = 43.4507, GNorm = 1.8411, lr_0 = 2.5342e-04
Loss = 3.1122e-01, PNorm = 43.4640, GNorm = 2.5226, lr_0 = 2.5226e-04
Loss = 3.1068e-01, PNorm = 43.4761, GNorm = 2.6475, lr_0 = 2.5110e-04
Loss = 3.0556e-01, PNorm = 43.4817, GNorm = 2.1920, lr_0 = 2.4994e-04
Loss = 3.4666e-01, PNorm = 43.4873, GNorm = 2.2593, lr_0 = 2.4879e-04
Loss = 2.7481e-01, PNorm = 43.4954, GNorm = 1.3738, lr_0 = 2.4765e-04
Loss = 2.8730e-01, PNorm = 43.5036, GNorm = 1.6734, lr_0 = 2.4651e-04
Loss = 3.1716e-01, PNorm = 43.5101, GNorm = 1.3107, lr_0 = 2.4537e-04
Validation r2 = 0.581501
Epoch 31
Loss = 3.0463e-01, PNorm = 43.5246, GNorm = 1.0856, lr_0 = 2.4413e-04
Loss = 2.9589e-01, PNorm = 43.5360, GNorm = 1.4377, lr_0 = 2.4301e-04
Loss = 3.1758e-01, PNorm = 43.5456, GNorm = 1.6121, lr_0 = 2.4189e-04
Loss = 3.2319e-01, PNorm = 43.5536, GNorm = 2.5166, lr_0 = 2.4077e-04
Loss = 3.0105e-01, PNorm = 43.5626, GNorm = 1.4609, lr_0 = 2.3967e-04
Loss = 3.0310e-01, PNorm = 43.5705, GNorm = 1.4984, lr_0 = 2.3856e-04
Loss = 2.8974e-01, PNorm = 43.5766, GNorm = 1.5062, lr_0 = 2.3747e-04
Loss = 3.0550e-01, PNorm = 43.5837, GNorm = 1.3868, lr_0 = 2.3637e-04
Loss = 2.7461e-01, PNorm = 43.5893, GNorm = 1.8012, lr_0 = 2.3529e-04
Loss = 3.0003e-01, PNorm = 43.5984, GNorm = 1.1619, lr_0 = 2.3420e-04
Validation r2 = 0.572214
Epoch 32
Loss = 3.0317e-01, PNorm = 43.6107, GNorm = 2.1654, lr_0 = 2.3312e-04
Loss = 2.6801e-01, PNorm = 43.6198, GNorm = 1.6436, lr_0 = 2.3205e-04
Loss = 2.6175e-01, PNorm = 43.6273, GNorm = 1.4825, lr_0 = 2.3098e-04
Loss = 3.1802e-01, PNorm = 43.6340, GNorm = 1.6544, lr_0 = 2.2992e-04
Loss = 2.6540e-01, PNorm = 43.6427, GNorm = 1.3242, lr_0 = 2.2886e-04
Loss = 3.4815e-01, PNorm = 43.6478, GNorm = 2.4016, lr_0 = 2.2781e-04
Loss = 2.8853e-01, PNorm = 43.6564, GNorm = 1.6081, lr_0 = 2.2676e-04
Loss = 2.8488e-01, PNorm = 43.6659, GNorm = 1.5988, lr_0 = 2.2572e-04
Loss = 3.1601e-01, PNorm = 43.6723, GNorm = 1.3557, lr_0 = 2.2468e-04
Loss = 3.1984e-01, PNorm = 43.6792, GNorm = 2.3305, lr_0 = 2.2365e-04
Loss = 2.9180e-01, PNorm = 43.6864, GNorm = 1.4012, lr_0 = 2.2262e-04
Validation r2 = 0.569004
Epoch 33
Loss = 2.7672e-01, PNorm = 43.6961, GNorm = 1.7605, lr_0 = 2.2159e-04
Loss = 2.6383e-01, PNorm = 43.7044, GNorm = 1.6152, lr_0 = 2.2057e-04
Loss = 2.7731e-01, PNorm = 43.7086, GNorm = 1.0290, lr_0 = 2.1956e-04
Loss = 2.8865e-01, PNorm = 43.7182, GNorm = 1.6868, lr_0 = 2.1855e-04
Loss = 3.0549e-01, PNorm = 43.7250, GNorm = 2.4582, lr_0 = 2.1754e-04
Loss = 2.8414e-01, PNorm = 43.7315, GNorm = 1.6246, lr_0 = 2.1654e-04
Loss = 3.3167e-01, PNorm = 43.7382, GNorm = 1.4707, lr_0 = 2.1554e-04
Loss = 2.4426e-01, PNorm = 43.7465, GNorm = 1.2843, lr_0 = 2.1455e-04
Loss = 3.2165e-01, PNorm = 43.7552, GNorm = 1.5151, lr_0 = 2.1356e-04
Loss = 3.4403e-01, PNorm = 43.7601, GNorm = 2.3830, lr_0 = 2.1258e-04
Validation r2 = 0.570526
Epoch 34
Loss = 1.9630e-01, PNorm = 43.7619, GNorm = 1.6887, lr_0 = 2.1160e-04
Loss = 3.0289e-01, PNorm = 43.7691, GNorm = 1.6710, lr_0 = 2.1063e-04
Loss = 2.9340e-01, PNorm = 43.7786, GNorm = 1.3713, lr_0 = 2.0966e-04
Loss = 2.9105e-01, PNorm = 43.7855, GNorm = 1.1347, lr_0 = 2.0869e-04
Loss = 2.4908e-01, PNorm = 43.7930, GNorm = 1.4718, lr_0 = 2.0773e-04
Loss = 2.9288e-01, PNorm = 43.8004, GNorm = 1.9449, lr_0 = 2.0678e-04
Loss = 3.0118e-01, PNorm = 43.8070, GNorm = 2.0153, lr_0 = 2.0583e-04
Loss = 3.6709e-01, PNorm = 43.8149, GNorm = 1.1412, lr_0 = 2.0488e-04
Loss = 2.8837e-01, PNorm = 43.8241, GNorm = 1.3942, lr_0 = 2.0394e-04
Loss = 2.9492e-01, PNorm = 43.8296, GNorm = 1.6772, lr_0 = 2.0300e-04
Loss = 2.9984e-01, PNorm = 43.8351, GNorm = 1.4003, lr_0 = 2.0206e-04
Validation r2 = 0.574287
Epoch 35
Loss = 2.9137e-01, PNorm = 43.8411, GNorm = 1.2881, lr_0 = 2.0113e-04
Loss = 2.4257e-01, PNorm = 43.8477, GNorm = 1.8663, lr_0 = 2.0021e-04
Loss = 2.6730e-01, PNorm = 43.8549, GNorm = 1.8779, lr_0 = 1.9929e-04
Loss = 2.5326e-01, PNorm = 43.8620, GNorm = 2.1894, lr_0 = 1.9837e-04
Loss = 2.8304e-01, PNorm = 43.8670, GNorm = 1.9202, lr_0 = 1.9746e-04
Loss = 3.2419e-01, PNorm = 43.8729, GNorm = 2.0270, lr_0 = 1.9655e-04
Loss = 2.7741e-01, PNorm = 43.8808, GNorm = 1.5031, lr_0 = 1.9564e-04
Loss = 3.0792e-01, PNorm = 43.8881, GNorm = 1.5388, lr_0 = 1.9474e-04
Loss = 2.7637e-01, PNorm = 43.8941, GNorm = 1.3439, lr_0 = 1.9385e-04
Loss = 2.4996e-01, PNorm = 43.9006, GNorm = 1.6767, lr_0 = 1.9296e-04
Validation r2 = 0.571824
Epoch 36
Loss = 2.6539e-01, PNorm = 43.9082, GNorm = 1.3952, lr_0 = 1.9207e-04
Loss = 3.0019e-01, PNorm = 43.9154, GNorm = 2.2589, lr_0 = 1.9118e-04
Loss = 2.8878e-01, PNorm = 43.9208, GNorm = 1.1337, lr_0 = 1.9030e-04
Loss = 2.9572e-01, PNorm = 43.9258, GNorm = 1.2865, lr_0 = 1.8943e-04
Loss = 2.3049e-01, PNorm = 43.9324, GNorm = 1.7969, lr_0 = 1.8856e-04
Loss = 2.8523e-01, PNorm = 43.9387, GNorm = 1.9652, lr_0 = 1.8769e-04
Loss = 2.6665e-01, PNorm = 43.9433, GNorm = 1.4300, lr_0 = 1.8682e-04
Loss = 3.1747e-01, PNorm = 43.9500, GNorm = 1.1473, lr_0 = 1.8596e-04
Loss = 3.0630e-01, PNorm = 43.9576, GNorm = 3.0459, lr_0 = 1.8511e-04
Loss = 2.9022e-01, PNorm = 43.9637, GNorm = 1.2093, lr_0 = 1.8426e-04
Loss = 2.5508e-01, PNorm = 43.9714, GNorm = 1.9802, lr_0 = 1.8341e-04
Validation r2 = 0.572746
Epoch 37
Loss = 3.0105e-01, PNorm = 43.9785, GNorm = 1.9072, lr_0 = 1.8257e-04
Loss = 2.8733e-01, PNorm = 43.9844, GNorm = 1.5402, lr_0 = 1.8173e-04
Loss = 3.3043e-01, PNorm = 43.9903, GNorm = 1.2799, lr_0 = 1.8089e-04
Loss = 2.8633e-01, PNorm = 43.9975, GNorm = 1.3629, lr_0 = 1.8006e-04
Loss = 2.5299e-01, PNorm = 44.0032, GNorm = 1.4203, lr_0 = 1.7923e-04
Loss = 2.5588e-01, PNorm = 44.0074, GNorm = 1.1950, lr_0 = 1.7840e-04
Loss = 3.0158e-01, PNorm = 44.0120, GNorm = 1.3821, lr_0 = 1.7758e-04
Loss = 2.6565e-01, PNorm = 44.0198, GNorm = 1.5145, lr_0 = 1.7676e-04
Loss = 2.5622e-01, PNorm = 44.0242, GNorm = 1.3866, lr_0 = 1.7595e-04
Loss = 2.6206e-01, PNorm = 44.0280, GNorm = 1.7494, lr_0 = 1.7514e-04
Validation r2 = 0.582039
Epoch 38
Loss = 2.3621e-01, PNorm = 44.0313, GNorm = 1.3354, lr_0 = 1.7434e-04
Loss = 2.5789e-01, PNorm = 44.0365, GNorm = 1.6080, lr_0 = 1.7353e-04
Loss = 2.6624e-01, PNorm = 44.0420, GNorm = 0.9964, lr_0 = 1.7273e-04
Loss = 2.8994e-01, PNorm = 44.0468, GNorm = 2.0639, lr_0 = 1.7194e-04
Loss = 2.5020e-01, PNorm = 44.0523, GNorm = 1.1327, lr_0 = 1.7115e-04
Loss = 2.7262e-01, PNorm = 44.0576, GNorm = 1.8704, lr_0 = 1.7036e-04
Loss = 2.7216e-01, PNorm = 44.0621, GNorm = 1.3227, lr_0 = 1.6958e-04
Loss = 2.8608e-01, PNorm = 44.0663, GNorm = 1.1348, lr_0 = 1.6880e-04
Loss = 2.8719e-01, PNorm = 44.0710, GNorm = 1.5587, lr_0 = 1.6802e-04
Loss = 2.7384e-01, PNorm = 44.0756, GNorm = 1.1758, lr_0 = 1.6725e-04
Loss = 2.6570e-01, PNorm = 44.0806, GNorm = 1.5372, lr_0 = 1.6648e-04
Validation r2 = 0.580676
Epoch 39
Loss = 2.4521e-01, PNorm = 44.0852, GNorm = 1.9840, lr_0 = 1.6571e-04
Loss = 2.7710e-01, PNorm = 44.0906, GNorm = 1.6522, lr_0 = 1.6495e-04
Loss = 2.6664e-01, PNorm = 44.0955, GNorm = 1.5410, lr_0 = 1.6419e-04
Loss = 2.6667e-01, PNorm = 44.0997, GNorm = 1.5901, lr_0 = 1.6343e-04
Loss = 2.9359e-01, PNorm = 44.1055, GNorm = 1.4631, lr_0 = 1.6268e-04
Loss = 2.6538e-01, PNorm = 44.1091, GNorm = 3.1622, lr_0 = 1.6193e-04
Loss = 2.9894e-01, PNorm = 44.1150, GNorm = 2.2767, lr_0 = 1.6119e-04
Loss = 2.9473e-01, PNorm = 44.1203, GNorm = 1.4828, lr_0 = 1.6045e-04
Loss = 2.7867e-01, PNorm = 44.1262, GNorm = 1.2903, lr_0 = 1.5971e-04
Loss = 2.6950e-01, PNorm = 44.1318, GNorm = 1.2204, lr_0 = 1.5897e-04
Validation r2 = 0.571454
Epoch 40
Loss = 2.5405e-01, PNorm = 44.1374, GNorm = 1.6055, lr_0 = 1.5824e-04
Loss = 2.7342e-01, PNorm = 44.1412, GNorm = 1.5172, lr_0 = 1.5751e-04
Loss = 2.4555e-01, PNorm = 44.1448, GNorm = 1.2211, lr_0 = 1.5679e-04
Loss = 2.5737e-01, PNorm = 44.1500, GNorm = 1.1115, lr_0 = 1.5607e-04
Loss = 2.4800e-01, PNorm = 44.1569, GNorm = 1.8165, lr_0 = 1.5535e-04
Loss = 2.8177e-01, PNorm = 44.1631, GNorm = 1.4732, lr_0 = 1.5463e-04
Loss = 2.8855e-01, PNorm = 44.1671, GNorm = 1.4007, lr_0 = 1.5392e-04
Loss = 2.7555e-01, PNorm = 44.1710, GNorm = 1.3140, lr_0 = 1.5321e-04
Loss = 3.0520e-01, PNorm = 44.1743, GNorm = 1.6080, lr_0 = 1.5251e-04
Loss = 2.8650e-01, PNorm = 44.1800, GNorm = 2.5514, lr_0 = 1.5181e-04
Loss = 2.5458e-01, PNorm = 44.1870, GNorm = 1.7108, lr_0 = 1.5111e-04
Loss = 1.7318e-01, PNorm = 44.1877, GNorm = 1.1923, lr_0 = 1.5104e-04
Validation r2 = 0.572592
Epoch 41
Loss = 2.6348e-01, PNorm = 44.1950, GNorm = 1.3295, lr_0 = 1.5034e-04
Loss = 2.7212e-01, PNorm = 44.1984, GNorm = 1.2575, lr_0 = 1.4965e-04
Loss = 2.7875e-01, PNorm = 44.2016, GNorm = 1.7320, lr_0 = 1.4896e-04
Loss = 2.4610e-01, PNorm = 44.2056, GNorm = 1.1477, lr_0 = 1.4828e-04
Loss = 2.5371e-01, PNorm = 44.2093, GNorm = 1.4814, lr_0 = 1.4759e-04
Loss = 2.8186e-01, PNorm = 44.2126, GNorm = 1.2088, lr_0 = 1.4692e-04
Loss = 2.7084e-01, PNorm = 44.2180, GNorm = 1.5074, lr_0 = 1.4624e-04
Loss = 2.4435e-01, PNorm = 44.2243, GNorm = 1.3670, lr_0 = 1.4557e-04
Loss = 2.8243e-01, PNorm = 44.2293, GNorm = 1.5142, lr_0 = 1.4490e-04
Loss = 2.8095e-01, PNorm = 44.2346, GNorm = 1.1885, lr_0 = 1.4423e-04
Validation r2 = 0.591611
Epoch 42
Loss = 3.2644e-01, PNorm = 44.2396, GNorm = 1.7375, lr_0 = 1.4357e-04
Loss = 2.4969e-01, PNorm = 44.2445, GNorm = 1.8678, lr_0 = 1.4291e-04
Loss = 2.9241e-01, PNorm = 44.2475, GNorm = 1.4445, lr_0 = 1.4225e-04
Loss = 3.0754e-01, PNorm = 44.2532, GNorm = 1.1053, lr_0 = 1.4159e-04
Loss = 2.5675e-01, PNorm = 44.2587, GNorm = 1.5982, lr_0 = 1.4094e-04
Loss = 2.6981e-01, PNorm = 44.2624, GNorm = 1.1286, lr_0 = 1.4029e-04
Loss = 2.4502e-01, PNorm = 44.2654, GNorm = 1.3370, lr_0 = 1.3965e-04
Loss = 2.9216e-01, PNorm = 44.2695, GNorm = 1.6077, lr_0 = 1.3900e-04
Loss = 2.6010e-01, PNorm = 44.2734, GNorm = 2.1368, lr_0 = 1.3836e-04
Loss = 2.7621e-01, PNorm = 44.2772, GNorm = 2.0892, lr_0 = 1.3773e-04
Loss = 2.2247e-01, PNorm = 44.2793, GNorm = 1.0124, lr_0 = 1.3709e-04
Validation r2 = 0.582536
Epoch 43
Loss = 2.4246e-01, PNorm = 44.2830, GNorm = 1.3218, lr_0 = 1.3646e-04
Loss = 2.7507e-01, PNorm = 44.2863, GNorm = 1.9169, lr_0 = 1.3584e-04
Loss = 2.5909e-01, PNorm = 44.2896, GNorm = 1.3826, lr_0 = 1.3521e-04
Loss = 2.4639e-01, PNorm = 44.2933, GNorm = 1.7237, lr_0 = 1.3459e-04
Loss = 3.0128e-01, PNorm = 44.2989, GNorm = 1.5756, lr_0 = 1.3397e-04
Loss = 2.4780e-01, PNorm = 44.3033, GNorm = 1.5853, lr_0 = 1.3335e-04
Loss = 2.5484e-01, PNorm = 44.3089, GNorm = 1.5090, lr_0 = 1.3274e-04
Loss = 2.4948e-01, PNorm = 44.3126, GNorm = 1.6117, lr_0 = 1.3213e-04
Loss = 2.6582e-01, PNorm = 44.3162, GNorm = 1.8859, lr_0 = 1.3152e-04
Loss = 2.7403e-01, PNorm = 44.3187, GNorm = 1.1808, lr_0 = 1.3091e-04
Validation r2 = 0.595342
Epoch 44
Loss = 3.0126e-01, PNorm = 44.3226, GNorm = 1.5030, lr_0 = 1.3031e-04
Loss = 2.8323e-01, PNorm = 44.3288, GNorm = 1.5624, lr_0 = 1.2971e-04
Loss = 2.5308e-01, PNorm = 44.3333, GNorm = 1.3417, lr_0 = 1.2912e-04
Loss = 2.7440e-01, PNorm = 44.3350, GNorm = 1.3451, lr_0 = 1.2852e-04
Loss = 2.5009e-01, PNorm = 44.3380, GNorm = 1.1799, lr_0 = 1.2793e-04
Loss = 2.3968e-01, PNorm = 44.3428, GNorm = 1.1306, lr_0 = 1.2734e-04
Loss = 2.5076e-01, PNorm = 44.3467, GNorm = 1.4043, lr_0 = 1.2675e-04
Loss = 2.7566e-01, PNorm = 44.3501, GNorm = 1.5374, lr_0 = 1.2617e-04
Loss = 2.7525e-01, PNorm = 44.3515, GNorm = 1.3831, lr_0 = 1.2559e-04
Loss = 2.4195e-01, PNorm = 44.3562, GNorm = 1.0623, lr_0 = 1.2501e-04
Loss = 2.5880e-01, PNorm = 44.3595, GNorm = 1.4103, lr_0 = 1.2444e-04
Validation r2 = 0.589795
Epoch 45
Loss = 3.1047e-01, PNorm = 44.3638, GNorm = 1.7450, lr_0 = 1.2387e-04
Loss = 2.5397e-01, PNorm = 44.3676, GNorm = 1.7847, lr_0 = 1.2330e-04
Loss = 2.6632e-01, PNorm = 44.3724, GNorm = 1.4520, lr_0 = 1.2273e-04
Loss = 2.5166e-01, PNorm = 44.3764, GNorm = 1.5320, lr_0 = 1.2216e-04
Loss = 2.5879e-01, PNorm = 44.3792, GNorm = 1.5910, lr_0 = 1.2160e-04
Loss = 2.5820e-01, PNorm = 44.3816, GNorm = 1.4324, lr_0 = 1.2104e-04
Loss = 2.3399e-01, PNorm = 44.3854, GNorm = 1.7951, lr_0 = 1.2048e-04
Loss = 2.9280e-01, PNorm = 44.3884, GNorm = 1.4721, lr_0 = 1.1993e-04
Loss = 2.4930e-01, PNorm = 44.3920, GNorm = 1.2405, lr_0 = 1.1938e-04
Loss = 2.6937e-01, PNorm = 44.3959, GNorm = 1.5406, lr_0 = 1.1883e-04
Validation r2 = 0.576714
Epoch 46
Loss = 2.6357e-01, PNorm = 44.3999, GNorm = 1.2621, lr_0 = 1.1828e-04
Loss = 2.3377e-01, PNorm = 44.4012, GNorm = 1.4151, lr_0 = 1.1774e-04
Loss = 2.5260e-01, PNorm = 44.4036, GNorm = 1.4728, lr_0 = 1.1720e-04
Loss = 2.4741e-01, PNorm = 44.4085, GNorm = 1.7139, lr_0 = 1.1666e-04
Loss = 3.0309e-01, PNorm = 44.4129, GNorm = 1.5931, lr_0 = 1.1612e-04
Loss = 2.6300e-01, PNorm = 44.4165, GNorm = 1.2320, lr_0 = 1.1558e-04
Loss = 2.6284e-01, PNorm = 44.4195, GNorm = 1.2092, lr_0 = 1.1505e-04
Loss = 2.4839e-01, PNorm = 44.4220, GNorm = 1.5120, lr_0 = 1.1452e-04
Loss = 2.4692e-01, PNorm = 44.4252, GNorm = 1.4554, lr_0 = 1.1400e-04
Loss = 2.5073e-01, PNorm = 44.4293, GNorm = 1.6275, lr_0 = 1.1347e-04
Loss = 2.4188e-01, PNorm = 44.4341, GNorm = 1.7243, lr_0 = 1.1295e-04
Validation r2 = 0.589243
Epoch 47
Loss = 2.0574e-01, PNorm = 44.4378, GNorm = 1.2943, lr_0 = 1.1243e-04
Loss = 2.4515e-01, PNorm = 44.4424, GNorm = 1.5339, lr_0 = 1.1191e-04
Loss = 2.7140e-01, PNorm = 44.4457, GNorm = 1.2986, lr_0 = 1.1140e-04
Loss = 2.8066e-01, PNorm = 44.4479, GNorm = 1.2500, lr_0 = 1.1088e-04
Loss = 2.5675e-01, PNorm = 44.4506, GNorm = 1.1403, lr_0 = 1.1037e-04
Loss = 2.0974e-01, PNorm = 44.4550, GNorm = 1.2776, lr_0 = 1.0987e-04
Loss = 2.3127e-01, PNorm = 44.4578, GNorm = 0.9111, lr_0 = 1.0936e-04
Loss = 2.4995e-01, PNorm = 44.4604, GNorm = 1.4935, lr_0 = 1.0886e-04
Loss = 2.4848e-01, PNorm = 44.4633, GNorm = 1.6169, lr_0 = 1.0836e-04
Loss = 2.8773e-01, PNorm = 44.4661, GNorm = 1.5283, lr_0 = 1.0786e-04
Validation r2 = 0.588758
Epoch 48
Loss = 2.3748e-01, PNorm = 44.4695, GNorm = 2.4539, lr_0 = 1.0736e-04
Loss = 2.6026e-01, PNorm = 44.4741, GNorm = 1.5237, lr_0 = 1.0687e-04
Loss = 2.5730e-01, PNorm = 44.4770, GNorm = 1.7405, lr_0 = 1.0638e-04
Loss = 2.3980e-01, PNorm = 44.4790, GNorm = 1.0671, lr_0 = 1.0589e-04
Loss = 2.0523e-01, PNorm = 44.4812, GNorm = 1.3127, lr_0 = 1.0540e-04
Loss = 2.7534e-01, PNorm = 44.4843, GNorm = 1.4087, lr_0 = 1.0491e-04
Loss = 2.4834e-01, PNorm = 44.4857, GNorm = 1.6665, lr_0 = 1.0443e-04
Loss = 2.5634e-01, PNorm = 44.4890, GNorm = 1.9786, lr_0 = 1.0395e-04
Loss = 2.7761e-01, PNorm = 44.4922, GNorm = 1.5652, lr_0 = 1.0347e-04
Loss = 2.0237e-01, PNorm = 44.4960, GNorm = 1.2125, lr_0 = 1.0300e-04
Loss = 2.8647e-01, PNorm = 44.4997, GNorm = 1.4966, lr_0 = 1.0252e-04
Validation r2 = 0.587969
Epoch 49
Loss = 2.4085e-01, PNorm = 44.5029, GNorm = 1.8421, lr_0 = 1.0205e-04
Loss = 2.3992e-01, PNorm = 44.5059, GNorm = 1.3768, lr_0 = 1.0158e-04
Loss = 2.6878e-01, PNorm = 44.5089, GNorm = 1.4179, lr_0 = 1.0111e-04
Loss = 2.5233e-01, PNorm = 44.5112, GNorm = 1.5194, lr_0 = 1.0065e-04
Loss = 2.6216e-01, PNorm = 44.5140, GNorm = 1.2873, lr_0 = 1.0018e-04
Loss = 2.5622e-01, PNorm = 44.5174, GNorm = 1.3722, lr_0 = 1.0000e-04
Loss = 2.4222e-01, PNorm = 44.5204, GNorm = 1.6828, lr_0 = 1.0000e-04
Loss = 2.4284e-01, PNorm = 44.5229, GNorm = 1.5344, lr_0 = 1.0000e-04
Loss = 2.8196e-01, PNorm = 44.5244, GNorm = 1.4167, lr_0 = 1.0000e-04
Loss = 2.8504e-01, PNorm = 44.5252, GNorm = 1.3357, lr_0 = 1.0000e-04
Validation r2 = 0.592342
Model 0 best validation r2 = 0.595342 on epoch 43
Loading pretrained parameter "encoder.encoder.0.cached_zero_vector".
Loading pretrained parameter "encoder.encoder.0.W_i.weight".
Loading pretrained parameter "encoder.encoder.0.W_h.weight".
Loading pretrained parameter "encoder.encoder.0.W_o.weight".
Loading pretrained parameter "encoder.encoder.0.W_o.bias".
Loading pretrained parameter "ffn.1.weight".
Loading pretrained parameter "ffn.1.bias".
Loading pretrained parameter "ffn.4.weight".
Loading pretrained parameter "ffn.4.bias".
Model 0 test r2 = 0.616507
Ensemble test r2 = 0.616507
Fold 3
Splitting data with seed 3
Total size = 6,557 | train size = 5,245 | val size = 656 | test size = 656
Fitting scaler
Building model 0
MoleculeModel(
  (encoder): MPN(
    (encoder): ModuleList(
      (0): MPNEncoder(
        (dropout_layer): Dropout(p=0.1, inplace=False)
        (act_func): ReLU()
        (W_i): Linear(in_features=147, out_features=300, bias=False)
        (W_h): Linear(in_features=300, out_features=300, bias=False)
        (W_o): Linear(in_features=433, out_features=300, bias=True)
      )
    )
  )
  (ffn): Sequential(
    (0): Dropout(p=0.1, inplace=False)
    (1): Linear(in_features=300, out_features=300, bias=True)
    (2): ReLU()
    (3): Dropout(p=0.1, inplace=False)
    (4): Linear(in_features=300, out_features=1, bias=True)
  )
)
Number of parameters = 355,201
Epoch 0
Loss = 9.6032e-01, PNorm = 34.0099, GNorm = 1.9201, lr_0 = 1.4760e-04
Loss = 1.0235e+00, PNorm = 34.0103, GNorm = 2.0404, lr_0 = 1.9087e-04
Loss = 9.9786e-01, PNorm = 34.0118, GNorm = 3.7490, lr_0 = 2.3413e-04
Loss = 9.3747e-01, PNorm = 34.0146, GNorm = 2.6458, lr_0 = 2.7740e-04
Loss = 1.0201e+00, PNorm = 34.0199, GNorm = 10.3280, lr_0 = 3.2067e-04
Loss = 1.0206e+00, PNorm = 34.0267, GNorm = 4.7911, lr_0 = 3.6394e-04
Loss = 1.0676e+00, PNorm = 34.0336, GNorm = 1.4518, lr_0 = 4.0721e-04
Loss = 9.1554e-01, PNorm = 34.0444, GNorm = 2.2768, lr_0 = 4.5048e-04
Loss = 9.2685e-01, PNorm = 34.0574, GNorm = 2.0348, lr_0 = 4.9375e-04
Loss = 1.0708e+00, PNorm = 34.0701, GNorm = 9.2260, lr_0 = 5.3702e-04
Validation r2 = 0.074022
Epoch 1
Loss = 1.1744e+00, PNorm = 34.0846, GNorm = 0.8184, lr_0 = 5.8462e-04
Loss = 1.0685e+00, PNorm = 34.0990, GNorm = 3.7019, lr_0 = 6.2788e-04
Loss = 1.0589e+00, PNorm = 34.1187, GNorm = 0.9684, lr_0 = 6.7115e-04
Loss = 9.8900e-01, PNorm = 34.1428, GNorm = 0.9272, lr_0 = 7.1442e-04
Loss = 8.8943e-01, PNorm = 34.1688, GNorm = 1.9940, lr_0 = 7.5769e-04
Loss = 8.6709e-01, PNorm = 34.1993, GNorm = 1.0622, lr_0 = 8.0096e-04
Loss = 8.7831e-01, PNorm = 34.2306, GNorm = 2.0748, lr_0 = 8.4423e-04
Loss = 9.1316e-01, PNorm = 34.2701, GNorm = 0.9898, lr_0 = 8.8750e-04
Loss = 9.3322e-01, PNorm = 34.3068, GNorm = 0.7993, lr_0 = 9.3077e-04
Loss = 9.0291e-01, PNorm = 34.3494, GNorm = 0.5709, lr_0 = 9.7404e-04
Validation r2 = 0.119610
Epoch 2
Loss = 9.8369e-01, PNorm = 34.4023, GNorm = 1.2822, lr_0 = 9.9816e-04
Loss = 8.8330e-01, PNorm = 34.4716, GNorm = 5.8138, lr_0 = 9.9356e-04
Loss = 9.3565e-01, PNorm = 34.5396, GNorm = 2.2223, lr_0 = 9.8899e-04
Loss = 8.2158e-01, PNorm = 34.6054, GNorm = 1.0202, lr_0 = 9.8444e-04
Loss = 8.0979e-01, PNorm = 34.6695, GNorm = 2.0020, lr_0 = 9.7991e-04
Loss = 8.6585e-01, PNorm = 34.7199, GNorm = 0.9159, lr_0 = 9.7540e-04
Loss = 8.7634e-01, PNorm = 34.7778, GNorm = 1.0447, lr_0 = 9.7091e-04
Loss = 8.9953e-01, PNorm = 34.8285, GNorm = 1.8876, lr_0 = 9.6644e-04
Loss = 8.6570e-01, PNorm = 34.8845, GNorm = 2.3153, lr_0 = 9.6200e-04
Loss = 8.6316e-01, PNorm = 34.9357, GNorm = 1.8582, lr_0 = 9.5757e-04
Loss = 7.9447e-01, PNorm = 34.9809, GNorm = 0.7934, lr_0 = 9.5316e-04
Validation r2 = 0.228725
Epoch 3
Loss = 7.9537e-01, PNorm = 35.0254, GNorm = 1.1471, lr_0 = 9.4878e-04
Loss = 7.8967e-01, PNorm = 35.0849, GNorm = 0.8508, lr_0 = 9.4441e-04
Loss = 7.8343e-01, PNorm = 35.1350, GNorm = 1.8246, lr_0 = 9.4006e-04
Loss = 7.6134e-01, PNorm = 35.1879, GNorm = 3.3526, lr_0 = 9.3574e-04
Loss = 7.7874e-01, PNorm = 35.2327, GNorm = 4.2211, lr_0 = 9.3143e-04
Loss = 8.0304e-01, PNorm = 35.2829, GNorm = 1.2376, lr_0 = 9.2714e-04
Loss = 7.8226e-01, PNorm = 35.3349, GNorm = 1.6338, lr_0 = 9.2288e-04
Loss = 7.5767e-01, PNorm = 35.3861, GNorm = 2.0367, lr_0 = 9.1863e-04
Loss = 7.7075e-01, PNorm = 35.4378, GNorm = 2.6043, lr_0 = 9.1440e-04
Loss = 7.6029e-01, PNorm = 35.4854, GNorm = 1.4658, lr_0 = 9.1020e-04
Validation r2 = 0.299242
Epoch 4
Loss = 6.6784e-01, PNorm = 35.5372, GNorm = 2.4846, lr_0 = 9.0601e-04
Loss = 7.9350e-01, PNorm = 35.5903, GNorm = 1.3399, lr_0 = 9.0184e-04
Loss = 8.2243e-01, PNorm = 35.6489, GNorm = 2.1191, lr_0 = 8.9769e-04
Loss = 7.4782e-01, PNorm = 35.7017, GNorm = 1.5322, lr_0 = 8.9356e-04
Loss = 7.1354e-01, PNorm = 35.7485, GNorm = 2.1874, lr_0 = 8.8944e-04
Loss = 8.3836e-01, PNorm = 35.8084, GNorm = 0.7489, lr_0 = 8.8535e-04
Loss = 7.8119e-01, PNorm = 35.8642, GNorm = 2.0524, lr_0 = 8.8128e-04
Loss = 7.2221e-01, PNorm = 35.9164, GNorm = 1.4901, lr_0 = 8.7722e-04
Loss = 7.8421e-01, PNorm = 35.9608, GNorm = 1.8298, lr_0 = 8.7318e-04
Loss = 7.5648e-01, PNorm = 36.0132, GNorm = 1.1735, lr_0 = 8.6917e-04
Loss = 6.8553e-01, PNorm = 36.0737, GNorm = 3.4689, lr_0 = 8.6517e-04
Validation r2 = 0.319315
Epoch 5
Loss = 6.8035e-01, PNorm = 36.1280, GNorm = 2.1014, lr_0 = 8.6118e-04
Loss = 6.7465e-01, PNorm = 36.1762, GNorm = 2.2886, lr_0 = 8.5722e-04
Loss = 6.7083e-01, PNorm = 36.2328, GNorm = 1.2001, lr_0 = 8.5328e-04
Loss = 6.5308e-01, PNorm = 36.2899, GNorm = 1.3715, lr_0 = 8.4935e-04
Loss = 7.0088e-01, PNorm = 36.3443, GNorm = 0.7808, lr_0 = 8.4544e-04
Loss = 7.8448e-01, PNorm = 36.4061, GNorm = 2.5146, lr_0 = 8.4155e-04
Loss = 6.8759e-01, PNorm = 36.4547, GNorm = 1.0746, lr_0 = 8.3768e-04
Loss = 7.4624e-01, PNorm = 36.5112, GNorm = 1.0226, lr_0 = 8.3382e-04
Loss = 8.0141e-01, PNorm = 36.5584, GNorm = 2.6895, lr_0 = 8.2999e-04
Loss = 7.4742e-01, PNorm = 36.6161, GNorm = 1.7338, lr_0 = 8.2617e-04
Validation r2 = 0.354437
Epoch 6
Loss = 7.4070e-01, PNorm = 36.6624, GNorm = 1.3667, lr_0 = 8.2236e-04
Loss = 6.3792e-01, PNorm = 36.7061, GNorm = 2.8477, lr_0 = 8.1858e-04
Loss = 7.1778e-01, PNorm = 36.7668, GNorm = 2.9641, lr_0 = 8.1481e-04
Loss = 6.0078e-01, PNorm = 36.8131, GNorm = 1.9689, lr_0 = 8.1106e-04
Loss = 6.8777e-01, PNorm = 36.8670, GNorm = 1.1901, lr_0 = 8.0733e-04
Loss = 6.7989e-01, PNorm = 36.9225, GNorm = 3.2968, lr_0 = 8.0362e-04
Loss = 7.0928e-01, PNorm = 36.9805, GNorm = 3.1785, lr_0 = 7.9992e-04
Loss = 6.4323e-01, PNorm = 37.0360, GNorm = 1.1265, lr_0 = 7.9624e-04
Loss = 7.1273e-01, PNorm = 37.0922, GNorm = 2.2655, lr_0 = 7.9257e-04
Loss = 6.2344e-01, PNorm = 37.1275, GNorm = 1.1728, lr_0 = 7.8892e-04
Loss = 5.8490e-01, PNorm = 37.1754, GNorm = 0.9595, lr_0 = 7.8529e-04
Validation r2 = 0.376564
Epoch 7
Loss = 5.8364e-01, PNorm = 37.2176, GNorm = 1.5256, lr_0 = 7.8168e-04
Loss = 6.2841e-01, PNorm = 37.2655, GNorm = 1.6000, lr_0 = 7.7808e-04
Loss = 6.3240e-01, PNorm = 37.3150, GNorm = 1.2964, lr_0 = 7.7450e-04
Loss = 5.7753e-01, PNorm = 37.3650, GNorm = 1.6614, lr_0 = 7.7094e-04
Loss = 6.1059e-01, PNorm = 37.4181, GNorm = 1.8137, lr_0 = 7.6739e-04
Loss = 6.5190e-01, PNorm = 37.4778, GNorm = 0.9891, lr_0 = 7.6386e-04
Loss = 5.6097e-01, PNorm = 37.5282, GNorm = 2.0853, lr_0 = 7.6034e-04
Loss = 6.4820e-01, PNorm = 37.5859, GNorm = 2.5356, lr_0 = 7.5684e-04
Loss = 6.2036e-01, PNorm = 37.6354, GNorm = 1.3920, lr_0 = 7.5336e-04
Loss = 6.6382e-01, PNorm = 37.6809, GNorm = 1.3814, lr_0 = 7.4989e-04
Validation r2 = 0.399395
Epoch 8
Loss = 7.9027e-01, PNorm = 37.7279, GNorm = 1.4250, lr_0 = 7.4644e-04
Loss = 6.1357e-01, PNorm = 37.7929, GNorm = 3.2270, lr_0 = 7.4301e-04
Loss = 5.9130e-01, PNorm = 37.8414, GNorm = 1.0421, lr_0 = 7.3959e-04
Loss = 6.3611e-01, PNorm = 37.8881, GNorm = 2.5595, lr_0 = 7.3619e-04
Loss = 5.3925e-01, PNorm = 37.9331, GNorm = 3.1239, lr_0 = 7.3280e-04
Loss = 6.0825e-01, PNorm = 37.9699, GNorm = 1.4122, lr_0 = 7.2943e-04
Loss = 5.8433e-01, PNorm = 38.0181, GNorm = 0.9121, lr_0 = 7.2607e-04
Loss = 5.8157e-01, PNorm = 38.0673, GNorm = 2.6574, lr_0 = 7.2273e-04
Loss = 5.6443e-01, PNorm = 38.1067, GNorm = 1.4501, lr_0 = 7.1940e-04
Loss = 5.9322e-01, PNorm = 38.1560, GNorm = 1.6512, lr_0 = 7.1609e-04
Loss = 5.1811e-01, PNorm = 38.1983, GNorm = 1.6469, lr_0 = 7.1280e-04
Validation r2 = 0.425801
Epoch 9
Loss = 4.6526e-01, PNorm = 38.2423, GNorm = 0.8847, lr_0 = 7.0951e-04
Loss = 5.5954e-01, PNorm = 38.2873, GNorm = 2.7357, lr_0 = 7.0625e-04
Loss = 5.7392e-01, PNorm = 38.3377, GNorm = 1.0975, lr_0 = 7.0300e-04
Loss = 5.4379e-01, PNorm = 38.3917, GNorm = 1.1237, lr_0 = 6.9976e-04
Loss = 5.4844e-01, PNorm = 38.4413, GNorm = 2.2822, lr_0 = 6.9654e-04
Loss = 5.7502e-01, PNorm = 38.4933, GNorm = 1.1095, lr_0 = 6.9334e-04
Loss = 5.3320e-01, PNorm = 38.5407, GNorm = 1.1509, lr_0 = 6.9015e-04
Loss = 4.8833e-01, PNorm = 38.5854, GNorm = 1.5936, lr_0 = 6.8697e-04
Loss = 5.3570e-01, PNorm = 38.6227, GNorm = 1.5999, lr_0 = 6.8381e-04
Loss = 5.0629e-01, PNorm = 38.6625, GNorm = 1.3510, lr_0 = 6.8066e-04
Validation r2 = 0.424882
Epoch 10
Loss = 5.1127e-01, PNorm = 38.7017, GNorm = 3.2629, lr_0 = 6.7753e-04
Loss = 5.0645e-01, PNorm = 38.7536, GNorm = 3.5769, lr_0 = 6.7441e-04
Loss = 6.0423e-01, PNorm = 38.8030, GNorm = 2.2334, lr_0 = 6.7131e-04
Loss = 5.0452e-01, PNorm = 38.8591, GNorm = 2.5002, lr_0 = 6.6822e-04
Loss = 4.7816e-01, PNorm = 38.8964, GNorm = 1.3787, lr_0 = 6.6515e-04
Loss = 5.7044e-01, PNorm = 38.9372, GNorm = 3.2907, lr_0 = 6.6208e-04
Loss = 5.0889e-01, PNorm = 38.9797, GNorm = 1.6616, lr_0 = 6.5904e-04
Loss = 5.0691e-01, PNorm = 39.0192, GNorm = 2.8335, lr_0 = 6.5600e-04
Loss = 5.3754e-01, PNorm = 39.0600, GNorm = 2.0949, lr_0 = 6.5299e-04
Loss = 5.7876e-01, PNorm = 39.0994, GNorm = 1.0234, lr_0 = 6.4998e-04
Loss = 5.4585e-01, PNorm = 39.1482, GNorm = 1.3965, lr_0 = 6.4699e-04
Validation r2 = 0.423647
Epoch 11
Loss = 5.0606e-01, PNorm = 39.2068, GNorm = 2.3881, lr_0 = 6.4372e-04
Loss = 5.4492e-01, PNorm = 39.2505, GNorm = 1.3225, lr_0 = 6.4075e-04
Loss = 5.1917e-01, PNorm = 39.2966, GNorm = 1.0157, lr_0 = 6.3780e-04
Loss = 5.0209e-01, PNorm = 39.3403, GNorm = 1.2758, lr_0 = 6.3487e-04
Loss = 5.1256e-01, PNorm = 39.3850, GNorm = 1.3040, lr_0 = 6.3195e-04
Loss = 4.8969e-01, PNorm = 39.4287, GNorm = 2.7581, lr_0 = 6.2904e-04
Loss = 5.0660e-01, PNorm = 39.4519, GNorm = 1.1256, lr_0 = 6.2614e-04
Loss = 5.0964e-01, PNorm = 39.4849, GNorm = 2.0545, lr_0 = 6.2326e-04
Loss = 4.6332e-01, PNorm = 39.5242, GNorm = 1.1909, lr_0 = 6.2039e-04
Loss = 4.7773e-01, PNorm = 39.5519, GNorm = 1.7059, lr_0 = 6.1754e-04
Validation r2 = 0.480604
Epoch 12
Loss = 4.6496e-01, PNorm = 39.5832, GNorm = 2.0187, lr_0 = 6.1470e-04
Loss = 4.0496e-01, PNorm = 39.6225, GNorm = 1.3312, lr_0 = 6.1187e-04
Loss = 4.6514e-01, PNorm = 39.6527, GNorm = 1.3782, lr_0 = 6.0905e-04
Loss = 5.3183e-01, PNorm = 39.6900, GNorm = 2.6589, lr_0 = 6.0625e-04
Loss = 5.0308e-01, PNorm = 39.7246, GNorm = 1.0345, lr_0 = 6.0346e-04
Loss = 4.7125e-01, PNorm = 39.7590, GNorm = 1.5281, lr_0 = 6.0068e-04
Loss = 4.9920e-01, PNorm = 39.7959, GNorm = 1.1968, lr_0 = 5.9792e-04
Loss = 4.7996e-01, PNorm = 39.8287, GNorm = 2.4367, lr_0 = 5.9517e-04
Loss = 4.0444e-01, PNorm = 39.8620, GNorm = 1.2090, lr_0 = 5.9243e-04
Loss = 4.4609e-01, PNorm = 39.8859, GNorm = 1.6910, lr_0 = 5.8970e-04
Loss = 5.5443e-01, PNorm = 39.9103, GNorm = 1.9266, lr_0 = 5.8699e-04
Validation r2 = 0.484426
Epoch 13
Loss = 4.7043e-01, PNorm = 39.9414, GNorm = 1.8953, lr_0 = 5.8429e-04
Loss = 4.6980e-01, PNorm = 39.9787, GNorm = 1.5287, lr_0 = 5.8160e-04
Loss = 3.8833e-01, PNorm = 40.0110, GNorm = 1.5168, lr_0 = 5.7892e-04
Loss = 4.1382e-01, PNorm = 40.0405, GNorm = 3.1383, lr_0 = 5.7626e-04
Loss = 5.1503e-01, PNorm = 40.0649, GNorm = 1.7376, lr_0 = 5.7361e-04
Loss = 5.0455e-01, PNorm = 40.0974, GNorm = 1.4384, lr_0 = 5.7097e-04
Loss = 4.5457e-01, PNorm = 40.1288, GNorm = 2.3582, lr_0 = 5.6834e-04
Loss = 4.6160e-01, PNorm = 40.1573, GNorm = 2.0399, lr_0 = 5.6572e-04
Loss = 4.7033e-01, PNorm = 40.1890, GNorm = 2.6425, lr_0 = 5.6312e-04
Loss = 5.0719e-01, PNorm = 40.2073, GNorm = 1.4439, lr_0 = 5.6053e-04
Validation r2 = 0.500739
Epoch 14
Loss = 4.2316e-01, PNorm = 40.2392, GNorm = 2.1881, lr_0 = 5.5795e-04
Loss = 4.6882e-01, PNorm = 40.2736, GNorm = 2.4279, lr_0 = 5.5538e-04
Loss = 4.4676e-01, PNorm = 40.3055, GNorm = 1.2725, lr_0 = 5.5283e-04
Loss = 4.3508e-01, PNorm = 40.3393, GNorm = 2.4923, lr_0 = 5.5028e-04
Loss = 4.6192e-01, PNorm = 40.3687, GNorm = 2.8366, lr_0 = 5.4775e-04
Loss = 4.7048e-01, PNorm = 40.3971, GNorm = 1.3452, lr_0 = 5.4523e-04
Loss = 4.3344e-01, PNorm = 40.4295, GNorm = 1.4942, lr_0 = 5.4272e-04
Loss = 3.9250e-01, PNorm = 40.4510, GNorm = 1.7083, lr_0 = 5.4022e-04
Loss = 4.1081e-01, PNorm = 40.4785, GNorm = 2.1023, lr_0 = 5.3774e-04
Loss = 4.4948e-01, PNorm = 40.5139, GNorm = 1.4158, lr_0 = 5.3526e-04
Loss = 5.4259e-01, PNorm = 40.5425, GNorm = 1.8404, lr_0 = 5.3280e-04
Validation r2 = 0.489734
Epoch 15
Loss = 4.1207e-01, PNorm = 40.5672, GNorm = 1.3052, lr_0 = 5.3035e-04
Loss = 3.9566e-01, PNorm = 40.5959, GNorm = 3.6161, lr_0 = 5.2791e-04
Loss = 4.2056e-01, PNorm = 40.6202, GNorm = 1.0833, lr_0 = 5.2548e-04
Loss = 4.5312e-01, PNorm = 40.6425, GNorm = 1.2456, lr_0 = 5.2306e-04
Loss = 4.4631e-01, PNorm = 40.6588, GNorm = 1.2694, lr_0 = 5.2065e-04
Loss = 4.5826e-01, PNorm = 40.6853, GNorm = 1.8569, lr_0 = 5.1825e-04
Loss = 3.9611e-01, PNorm = 40.7208, GNorm = 1.3648, lr_0 = 5.1587e-04
Loss = 4.3138e-01, PNorm = 40.7375, GNorm = 1.5834, lr_0 = 5.1350e-04
Loss = 4.7397e-01, PNorm = 40.7640, GNorm = 1.4386, lr_0 = 5.1113e-04
Loss = 4.1753e-01, PNorm = 40.7964, GNorm = 1.9002, lr_0 = 5.0878e-04
Validation r2 = 0.510874
Epoch 16
Loss = 3.6014e-01, PNorm = 40.8172, GNorm = 1.4987, lr_0 = 5.0644e-04
Loss = 4.4326e-01, PNorm = 40.8378, GNorm = 1.2953, lr_0 = 5.0411e-04
Loss = 4.0296e-01, PNorm = 40.8688, GNorm = 1.4944, lr_0 = 5.0179e-04
Loss = 3.8682e-01, PNorm = 40.8845, GNorm = 1.5465, lr_0 = 4.9948e-04
Loss = 4.3392e-01, PNorm = 40.9067, GNorm = 1.4956, lr_0 = 4.9718e-04
Loss = 4.5454e-01, PNorm = 40.9378, GNorm = 1.4361, lr_0 = 4.9489e-04
Loss = 4.4888e-01, PNorm = 40.9684, GNorm = 1.5688, lr_0 = 4.9262e-04
Loss = 4.1752e-01, PNorm = 40.9922, GNorm = 1.5019, lr_0 = 4.9035e-04
Loss = 3.9207e-01, PNorm = 41.0184, GNorm = 1.1740, lr_0 = 4.8809e-04
Loss = 3.8486e-01, PNorm = 41.0393, GNorm = 2.8203, lr_0 = 4.8585e-04
Loss = 3.9374e-01, PNorm = 41.0581, GNorm = 1.9205, lr_0 = 4.8361e-04
Validation r2 = 0.531627
Epoch 17
Loss = 4.4253e-01, PNorm = 41.0793, GNorm = 2.1186, lr_0 = 4.8138e-04
Loss = 3.8175e-01, PNorm = 41.0987, GNorm = 1.4306, lr_0 = 4.7917e-04
Loss = 4.0947e-01, PNorm = 41.1190, GNorm = 2.4214, lr_0 = 4.7696e-04
Loss = 3.6674e-01, PNorm = 41.1430, GNorm = 1.1161, lr_0 = 4.7477e-04
Loss = 3.9047e-01, PNorm = 41.1663, GNorm = 1.6870, lr_0 = 4.7258e-04
Loss = 4.2828e-01, PNorm = 41.1887, GNorm = 1.1303, lr_0 = 4.7041e-04
Loss = 4.2370e-01, PNorm = 41.2080, GNorm = 1.0898, lr_0 = 4.6824e-04
Loss = 3.9415e-01, PNorm = 41.2301, GNorm = 1.0261, lr_0 = 4.6609e-04
Loss = 3.7821e-01, PNorm = 41.2490, GNorm = 1.1994, lr_0 = 4.6394e-04
Loss = 4.1436e-01, PNorm = 41.2726, GNorm = 1.7265, lr_0 = 4.6181e-04
Validation r2 = 0.523769
Epoch 18
Loss = 3.2908e-01, PNorm = 41.2996, GNorm = 1.5505, lr_0 = 4.5968e-04
Loss = 3.8340e-01, PNorm = 41.3252, GNorm = 1.9300, lr_0 = 4.5757e-04
Loss = 4.3195e-01, PNorm = 41.3482, GNorm = 1.7829, lr_0 = 4.5546e-04
Loss = 3.8588e-01, PNorm = 41.3721, GNorm = 1.2957, lr_0 = 4.5337e-04
Loss = 4.0653e-01, PNorm = 41.3932, GNorm = 1.6204, lr_0 = 4.5128e-04
Loss = 4.2532e-01, PNorm = 41.4152, GNorm = 4.1107, lr_0 = 4.4920e-04
Loss = 3.6444e-01, PNorm = 41.4350, GNorm = 2.7651, lr_0 = 4.4714e-04
Loss = 4.0647e-01, PNorm = 41.4567, GNorm = 2.1386, lr_0 = 4.4508e-04
Loss = 4.0549e-01, PNorm = 41.4782, GNorm = 3.0190, lr_0 = 4.4303e-04
Loss = 4.1245e-01, PNorm = 41.5020, GNorm = 1.6233, lr_0 = 4.4099e-04
Loss = 3.8518e-01, PNorm = 41.5229, GNorm = 2.3099, lr_0 = 4.3896e-04
Validation r2 = 0.533952
Epoch 19
Loss = 3.5348e-01, PNorm = 41.5433, GNorm = 1.8730, lr_0 = 4.3694e-04
Loss = 3.6105e-01, PNorm = 41.5549, GNorm = 1.0488, lr_0 = 4.3493e-04
Loss = 3.3902e-01, PNorm = 41.5721, GNorm = 2.3407, lr_0 = 4.3293e-04
Loss = 4.0256e-01, PNorm = 41.5907, GNorm = 1.6204, lr_0 = 4.3094e-04
Loss = 4.0923e-01, PNorm = 41.6134, GNorm = 1.3956, lr_0 = 4.2896e-04
Loss = 3.7226e-01, PNorm = 41.6290, GNorm = 2.0489, lr_0 = 4.2698e-04
Loss = 3.9595e-01, PNorm = 41.6463, GNorm = 1.4877, lr_0 = 4.2502e-04
Loss = 4.0072e-01, PNorm = 41.6668, GNorm = 1.8817, lr_0 = 4.2306e-04
Loss = 3.6643e-01, PNorm = 41.6866, GNorm = 1.9289, lr_0 = 4.2111e-04
Loss = 4.4160e-01, PNorm = 41.6999, GNorm = 1.8294, lr_0 = 4.1918e-04
Validation r2 = 0.541281
Epoch 20
Loss = 3.4077e-01, PNorm = 41.7172, GNorm = 1.3464, lr_0 = 4.1725e-04
Loss = 3.9753e-01, PNorm = 41.7372, GNorm = 3.6651, lr_0 = 4.1533e-04
Loss = 3.6142e-01, PNorm = 41.7606, GNorm = 1.7649, lr_0 = 4.1341e-04
Loss = 3.5221e-01, PNorm = 41.7744, GNorm = 2.3325, lr_0 = 4.1151e-04
Loss = 3.7556e-01, PNorm = 41.7932, GNorm = 1.0983, lr_0 = 4.0962e-04
Loss = 3.8730e-01, PNorm = 41.8149, GNorm = 1.9982, lr_0 = 4.0773e-04
Loss = 3.7816e-01, PNorm = 41.8274, GNorm = 1.6238, lr_0 = 4.0586e-04
Loss = 3.6026e-01, PNorm = 41.8420, GNorm = 1.6466, lr_0 = 4.0399e-04
Loss = 3.8114e-01, PNorm = 41.8609, GNorm = 2.4439, lr_0 = 4.0213e-04
Loss = 4.2228e-01, PNorm = 41.8811, GNorm = 2.0524, lr_0 = 4.0028e-04
Loss = 3.4512e-01, PNorm = 41.8991, GNorm = 1.3275, lr_0 = 3.9844e-04
Validation r2 = 0.550712
Epoch 21
Loss = 3.9128e-01, PNorm = 41.9164, GNorm = 1.5433, lr_0 = 3.9642e-04
Loss = 3.8459e-01, PNorm = 41.9339, GNorm = 1.5407, lr_0 = 3.9460e-04
Loss = 3.6245e-01, PNorm = 41.9536, GNorm = 2.0977, lr_0 = 3.9278e-04
Loss = 3.8312e-01, PNorm = 41.9732, GNorm = 1.6322, lr_0 = 3.9097e-04
Loss = 3.2686e-01, PNorm = 41.9935, GNorm = 1.3727, lr_0 = 3.8917e-04
Loss = 4.0631e-01, PNorm = 42.0096, GNorm = 1.5844, lr_0 = 3.8738e-04
Loss = 3.7617e-01, PNorm = 42.0265, GNorm = 2.5663, lr_0 = 3.8560e-04
Loss = 3.6337e-01, PNorm = 42.0421, GNorm = 1.5972, lr_0 = 3.8383e-04
Loss = 3.5939e-01, PNorm = 42.0611, GNorm = 2.0703, lr_0 = 3.8206e-04
Loss = 4.0275e-01, PNorm = 42.0721, GNorm = 2.8417, lr_0 = 3.8030e-04
Validation r2 = 0.525328
Epoch 22
Loss = 3.5782e-01, PNorm = 42.0881, GNorm = 2.2895, lr_0 = 3.7855e-04
Loss = 3.4216e-01, PNorm = 42.1073, GNorm = 1.5351, lr_0 = 3.7681e-04
Loss = 3.6097e-01, PNorm = 42.1269, GNorm = 1.3430, lr_0 = 3.7508e-04
Loss = 3.3630e-01, PNorm = 42.1371, GNorm = 1.2550, lr_0 = 3.7335e-04
Loss = 3.3413e-01, PNorm = 42.1514, GNorm = 1.9650, lr_0 = 3.7163e-04
Loss = 3.5919e-01, PNorm = 42.1678, GNorm = 1.3288, lr_0 = 3.6992e-04
Loss = 3.5555e-01, PNorm = 42.1816, GNorm = 1.3317, lr_0 = 3.6822e-04
Loss = 3.7905e-01, PNorm = 42.1987, GNorm = 3.1772, lr_0 = 3.6652e-04
Loss = 4.2150e-01, PNorm = 42.2140, GNorm = 2.6932, lr_0 = 3.6484e-04
Loss = 3.3981e-01, PNorm = 42.2290, GNorm = 1.2102, lr_0 = 3.6316e-04
Loss = 3.5121e-01, PNorm = 42.2402, GNorm = 1.4021, lr_0 = 3.6149e-04
Validation r2 = 0.551029
Epoch 23
Loss = 3.1440e-01, PNorm = 42.2570, GNorm = 0.8985, lr_0 = 3.5982e-04
Loss = 3.2231e-01, PNorm = 42.2705, GNorm = 2.2244, lr_0 = 3.5817e-04
Loss = 3.4627e-01, PNorm = 42.2819, GNorm = 2.0815, lr_0 = 3.5652e-04
Loss = 3.2158e-01, PNorm = 42.2991, GNorm = 1.2160, lr_0 = 3.5488e-04
Loss = 3.6603e-01, PNorm = 42.3151, GNorm = 1.1352, lr_0 = 3.5325e-04
Loss = 3.9501e-01, PNorm = 42.3295, GNorm = 1.6924, lr_0 = 3.5162e-04
Loss = 3.3590e-01, PNorm = 42.3454, GNorm = 1.5862, lr_0 = 3.5000e-04
Loss = 3.7495e-01, PNorm = 42.3604, GNorm = 3.5218, lr_0 = 3.4839e-04
Loss = 3.7372e-01, PNorm = 42.3744, GNorm = 2.5564, lr_0 = 3.4679e-04
Loss = 3.5293e-01, PNorm = 42.3908, GNorm = 1.0272, lr_0 = 3.4519e-04
Validation r2 = 0.554792
Epoch 24
Loss = 3.8008e-01, PNorm = 42.4067, GNorm = 1.5367, lr_0 = 3.4360e-04
Loss = 3.6844e-01, PNorm = 42.4182, GNorm = 2.0541, lr_0 = 3.4202e-04
Loss = 3.1898e-01, PNorm = 42.4311, GNorm = 1.1681, lr_0 = 3.4045e-04
Loss = 3.4502e-01, PNorm = 42.4504, GNorm = 1.3560, lr_0 = 3.3888e-04
Loss = 3.4835e-01, PNorm = 42.4645, GNorm = 1.6909, lr_0 = 3.3732e-04
Loss = 3.4824e-01, PNorm = 42.4824, GNorm = 0.9352, lr_0 = 3.3577e-04
Loss = 3.3244e-01, PNorm = 42.4969, GNorm = 1.9606, lr_0 = 3.3422e-04
Loss = 3.3446e-01, PNorm = 42.5123, GNorm = 1.7227, lr_0 = 3.3269e-04
Loss = 3.6272e-01, PNorm = 42.5236, GNorm = 1.2622, lr_0 = 3.3116e-04
Loss = 3.0668e-01, PNorm = 42.5365, GNorm = 1.5644, lr_0 = 3.2963e-04
Loss = 3.7453e-01, PNorm = 42.5500, GNorm = 1.1237, lr_0 = 3.2811e-04
Validation r2 = 0.572844
Epoch 25
Loss = 3.4363e-01, PNorm = 42.5619, GNorm = 2.3342, lr_0 = 3.2660e-04
Loss = 3.3211e-01, PNorm = 42.5749, GNorm = 1.5597, lr_0 = 3.2510e-04
Loss = 2.9484e-01, PNorm = 42.5904, GNorm = 1.0254, lr_0 = 3.2361e-04
Loss = 3.0917e-01, PNorm = 42.6013, GNorm = 1.2748, lr_0 = 3.2212e-04
Loss = 3.2827e-01, PNorm = 42.6095, GNorm = 1.2731, lr_0 = 3.2063e-04
Loss = 3.4225e-01, PNorm = 42.6192, GNorm = 0.8565, lr_0 = 3.1916e-04
Loss = 3.3006e-01, PNorm = 42.6354, GNorm = 1.3409, lr_0 = 3.1769e-04
Loss = 3.6452e-01, PNorm = 42.6484, GNorm = 1.6620, lr_0 = 3.1623e-04
Loss = 3.9191e-01, PNorm = 42.6599, GNorm = 1.9634, lr_0 = 3.1477e-04
Loss = 3.2811e-01, PNorm = 42.6763, GNorm = 1.6609, lr_0 = 3.1332e-04
Validation r2 = 0.559765
Epoch 26
Loss = 3.0103e-01, PNorm = 42.6881, GNorm = 1.6062, lr_0 = 3.1188e-04
Loss = 3.1433e-01, PNorm = 42.6936, GNorm = 1.3697, lr_0 = 3.1045e-04
Loss = 3.3703e-01, PNorm = 42.7065, GNorm = 1.4879, lr_0 = 3.0902e-04
Loss = 3.6859e-01, PNorm = 42.7240, GNorm = 1.9904, lr_0 = 3.0760e-04
Loss = 3.1526e-01, PNorm = 42.7394, GNorm = 1.3715, lr_0 = 3.0618e-04
Loss = 2.9110e-01, PNorm = 42.7483, GNorm = 1.3791, lr_0 = 3.0477e-04
Loss = 3.1609e-01, PNorm = 42.7590, GNorm = 1.3329, lr_0 = 3.0337e-04
Loss = 3.4298e-01, PNorm = 42.7700, GNorm = 1.5329, lr_0 = 3.0197e-04
Loss = 3.3876e-01, PNorm = 42.7838, GNorm = 1.9606, lr_0 = 3.0058e-04
Loss = 2.8711e-01, PNorm = 42.7951, GNorm = 1.9477, lr_0 = 2.9920e-04
Loss = 3.8018e-01, PNorm = 42.8036, GNorm = 2.2843, lr_0 = 2.9782e-04
Validation r2 = 0.568009
Epoch 27
Loss = 3.2113e-01, PNorm = 42.8169, GNorm = 1.3287, lr_0 = 2.9645e-04
Loss = 3.2841e-01, PNorm = 42.8271, GNorm = 1.2321, lr_0 = 2.9509e-04
Loss = 3.1402e-01, PNorm = 42.8387, GNorm = 1.4120, lr_0 = 2.9373e-04
Loss = 3.3220e-01, PNorm = 42.8515, GNorm = 1.9441, lr_0 = 2.9238e-04
Loss = 3.0981e-01, PNorm = 42.8603, GNorm = 1.3919, lr_0 = 2.9103e-04
Loss = 3.1451e-01, PNorm = 42.8681, GNorm = 1.4574, lr_0 = 2.8969e-04
Loss = 2.9258e-01, PNorm = 42.8795, GNorm = 1.4382, lr_0 = 2.8836e-04
Loss = 3.4900e-01, PNorm = 42.8902, GNorm = 1.2508, lr_0 = 2.8703e-04
Loss = 3.5199e-01, PNorm = 42.9008, GNorm = 1.8849, lr_0 = 2.8571e-04
Loss = 3.3510e-01, PNorm = 42.9106, GNorm = 1.9733, lr_0 = 2.8440e-04
Validation r2 = 0.567696
Epoch 28
Loss = 4.1374e-01, PNorm = 42.9239, GNorm = 1.5377, lr_0 = 2.8309e-04
Loss = 3.1392e-01, PNorm = 42.9364, GNorm = 1.2510, lr_0 = 2.8179e-04
Loss = 3.4483e-01, PNorm = 42.9460, GNorm = 2.0812, lr_0 = 2.8049e-04
Loss = 3.0124e-01, PNorm = 42.9555, GNorm = 0.9622, lr_0 = 2.7920e-04
Loss = 3.4367e-01, PNorm = 42.9665, GNorm = 1.4471, lr_0 = 2.7791e-04
Loss = 2.7530e-01, PNorm = 42.9775, GNorm = 1.9893, lr_0 = 2.7663e-04
Loss = 3.2740e-01, PNorm = 42.9861, GNorm = 1.4923, lr_0 = 2.7536e-04
Loss = 2.9810e-01, PNorm = 42.9944, GNorm = 1.3627, lr_0 = 2.7409e-04
Loss = 3.4212e-01, PNorm = 43.0050, GNorm = 1.9715, lr_0 = 2.7283e-04
Loss = 3.1009e-01, PNorm = 43.0147, GNorm = 1.3847, lr_0 = 2.7158e-04
Loss = 3.2008e-01, PNorm = 43.0210, GNorm = 3.1678, lr_0 = 2.7033e-04
Validation r2 = 0.575015
Epoch 29
Loss = 3.0260e-01, PNorm = 43.0298, GNorm = 1.0357, lr_0 = 2.6908e-04
Loss = 3.0275e-01, PNorm = 43.0426, GNorm = 1.3958, lr_0 = 2.6785e-04
Loss = 2.9673e-01, PNorm = 43.0543, GNorm = 1.0904, lr_0 = 2.6661e-04
Loss = 2.8140e-01, PNorm = 43.0629, GNorm = 1.2854, lr_0 = 2.6539e-04
Loss = 2.7236e-01, PNorm = 43.0726, GNorm = 1.4712, lr_0 = 2.6416e-04
Loss = 3.5328e-01, PNorm = 43.0829, GNorm = 1.5274, lr_0 = 2.6295e-04
Loss = 3.1859e-01, PNorm = 43.0905, GNorm = 1.1563, lr_0 = 2.6174e-04
Loss = 3.4306e-01, PNorm = 43.1022, GNorm = 1.4850, lr_0 = 2.6053e-04
Loss = 3.4254e-01, PNorm = 43.1107, GNorm = 1.4984, lr_0 = 2.5934e-04
Loss = 3.2911e-01, PNorm = 43.1183, GNorm = 1.6592, lr_0 = 2.5814e-04
Validation r2 = 0.583217
Epoch 30
Loss = 2.8280e-01, PNorm = 43.1276, GNorm = 1.3656, lr_0 = 2.5695e-04
Loss = 2.6825e-01, PNorm = 43.1355, GNorm = 1.1665, lr_0 = 2.5577e-04
Loss = 3.0490e-01, PNorm = 43.1449, GNorm = 1.1228, lr_0 = 2.5459e-04
Loss = 3.0630e-01, PNorm = 43.1547, GNorm = 2.1502, lr_0 = 2.5342e-04
Loss = 3.5162e-01, PNorm = 43.1645, GNorm = 1.4256, lr_0 = 2.5226e-04
Loss = 3.0874e-01, PNorm = 43.1749, GNorm = 1.2744, lr_0 = 2.5110e-04
Loss = 3.0761e-01, PNorm = 43.1840, GNorm = 1.7416, lr_0 = 2.4994e-04
Loss = 2.8839e-01, PNorm = 43.1892, GNorm = 1.3105, lr_0 = 2.4879e-04
Loss = 3.0737e-01, PNorm = 43.1996, GNorm = 1.5497, lr_0 = 2.4765e-04
Loss = 2.9980e-01, PNorm = 43.2088, GNorm = 1.2946, lr_0 = 2.4651e-04
Loss = 3.2619e-01, PNorm = 43.2183, GNorm = 1.2736, lr_0 = 2.4537e-04
Validation r2 = 0.571900
Epoch 31
Loss = 3.2793e-01, PNorm = 43.2302, GNorm = 1.4151, lr_0 = 2.4413e-04
Loss = 3.0008e-01, PNorm = 43.2394, GNorm = 1.4836, lr_0 = 2.4301e-04
Loss = 3.0745e-01, PNorm = 43.2465, GNorm = 2.6681, lr_0 = 2.4189e-04
Loss = 3.0447e-01, PNorm = 43.2534, GNorm = 1.9669, lr_0 = 2.4077e-04
Loss = 3.3084e-01, PNorm = 43.2631, GNorm = 1.3033, lr_0 = 2.3967e-04
Loss = 2.8235e-01, PNorm = 43.2721, GNorm = 1.3106, lr_0 = 2.3856e-04
Loss = 3.0904e-01, PNorm = 43.2802, GNorm = 2.1258, lr_0 = 2.3747e-04
Loss = 3.0924e-01, PNorm = 43.2881, GNorm = 1.3554, lr_0 = 2.3637e-04
Loss = 3.1333e-01, PNorm = 43.2971, GNorm = 1.4758, lr_0 = 2.3529e-04
Loss = 2.8181e-01, PNorm = 43.3051, GNorm = 2.5245, lr_0 = 2.3420e-04
Validation r2 = 0.573615
Epoch 32
Loss = 3.3699e-01, PNorm = 43.3137, GNorm = 2.4648, lr_0 = 2.3312e-04
Loss = 3.3491e-01, PNorm = 43.3263, GNorm = 1.3956, lr_0 = 2.3205e-04
Loss = 2.9428e-01, PNorm = 43.3343, GNorm = 2.0353, lr_0 = 2.3098e-04
Loss = 3.2635e-01, PNorm = 43.3409, GNorm = 1.1405, lr_0 = 2.2992e-04
Loss = 3.0056e-01, PNorm = 43.3526, GNorm = 1.5477, lr_0 = 2.2886e-04
Loss = 3.4820e-01, PNorm = 43.3599, GNorm = 1.7921, lr_0 = 2.2781e-04
Loss = 3.0713e-01, PNorm = 43.3677, GNorm = 1.7816, lr_0 = 2.2676e-04
Loss = 2.8736e-01, PNorm = 43.3751, GNorm = 1.5954, lr_0 = 2.2572e-04
Loss = 2.7174e-01, PNorm = 43.3844, GNorm = 1.8360, lr_0 = 2.2468e-04
Loss = 2.9818e-01, PNorm = 43.3912, GNorm = 1.6186, lr_0 = 2.2365e-04
Loss = 2.8947e-01, PNorm = 43.3964, GNorm = 1.7814, lr_0 = 2.2262e-04
Validation r2 = 0.592984
Epoch 33
Loss = 2.5963e-01, PNorm = 43.4068, GNorm = 1.7376, lr_0 = 2.2159e-04
Loss = 3.1338e-01, PNorm = 43.4169, GNorm = 1.2789, lr_0 = 2.2057e-04
Loss = 2.9404e-01, PNorm = 43.4257, GNorm = 1.5476, lr_0 = 2.1956e-04
Loss = 3.0355e-01, PNorm = 43.4293, GNorm = 2.1599, lr_0 = 2.1855e-04
Loss = 2.7703e-01, PNorm = 43.4368, GNorm = 1.5959, lr_0 = 2.1754e-04
Loss = 3.2316e-01, PNorm = 43.4457, GNorm = 1.2800, lr_0 = 2.1654e-04
Loss = 2.7580e-01, PNorm = 43.4536, GNorm = 1.3527, lr_0 = 2.1554e-04
Loss = 3.1108e-01, PNorm = 43.4584, GNorm = 2.2392, lr_0 = 2.1455e-04
Loss = 2.9487e-01, PNorm = 43.4650, GNorm = 1.2581, lr_0 = 2.1356e-04
Loss = 3.2610e-01, PNorm = 43.4737, GNorm = 1.6819, lr_0 = 2.1258e-04
Validation r2 = 0.594208
Epoch 34
Loss = 2.7876e-01, PNorm = 43.4810, GNorm = 1.3836, lr_0 = 2.1160e-04
Loss = 2.7605e-01, PNorm = 43.4871, GNorm = 1.7414, lr_0 = 2.1063e-04
Loss = 2.8296e-01, PNorm = 43.4942, GNorm = 1.3310, lr_0 = 2.0966e-04
Loss = 2.7947e-01, PNorm = 43.5002, GNorm = 2.3665, lr_0 = 2.0869e-04
Loss = 2.8758e-01, PNorm = 43.5067, GNorm = 1.2251, lr_0 = 2.0773e-04
Loss = 2.7980e-01, PNorm = 43.5140, GNorm = 1.6748, lr_0 = 2.0678e-04
Loss = 3.2726e-01, PNorm = 43.5207, GNorm = 1.7546, lr_0 = 2.0583e-04
Loss = 2.9136e-01, PNorm = 43.5288, GNorm = 1.2231, lr_0 = 2.0488e-04
Loss = 3.0631e-01, PNorm = 43.5367, GNorm = 2.1567, lr_0 = 2.0394e-04
Loss = 3.3580e-01, PNorm = 43.5429, GNorm = 2.6391, lr_0 = 2.0300e-04
Loss = 3.1998e-01, PNorm = 43.5473, GNorm = 2.0112, lr_0 = 2.0206e-04
Validation r2 = 0.587940
Epoch 35
Loss = 2.7177e-01, PNorm = 43.5571, GNorm = 1.3220, lr_0 = 2.0113e-04
Loss = 2.7416e-01, PNorm = 43.5645, GNorm = 1.5610, lr_0 = 2.0021e-04
Loss = 2.8785e-01, PNorm = 43.5697, GNorm = 1.2830, lr_0 = 1.9929e-04
Loss = 3.2603e-01, PNorm = 43.5765, GNorm = 1.2727, lr_0 = 1.9837e-04
Loss = 3.4085e-01, PNorm = 43.5836, GNorm = 2.1125, lr_0 = 1.9746e-04
Loss = 3.1956e-01, PNorm = 43.5934, GNorm = 1.7424, lr_0 = 1.9655e-04
Loss = 2.8039e-01, PNorm = 43.5991, GNorm = 1.9486, lr_0 = 1.9564e-04
Loss = 3.0002e-01, PNorm = 43.6030, GNorm = 1.4450, lr_0 = 1.9474e-04
Loss = 2.9272e-01, PNorm = 43.6103, GNorm = 1.3766, lr_0 = 1.9385e-04
Loss = 2.5189e-01, PNorm = 43.6173, GNorm = 1.1645, lr_0 = 1.9296e-04
Validation r2 = 0.589564
Epoch 36
Loss = 2.2708e-01, PNorm = 43.6215, GNorm = 1.4951, lr_0 = 1.9207e-04
Loss = 2.9315e-01, PNorm = 43.6277, GNorm = 1.5461, lr_0 = 1.9118e-04
Loss = 3.0993e-01, PNorm = 43.6357, GNorm = 1.2766, lr_0 = 1.9030e-04
Loss = 2.8153e-01, PNorm = 43.6420, GNorm = 1.6157, lr_0 = 1.8943e-04
Loss = 3.1605e-01, PNorm = 43.6481, GNorm = 1.4174, lr_0 = 1.8856e-04
Loss = 2.6504e-01, PNorm = 43.6550, GNorm = 1.2318, lr_0 = 1.8769e-04
Loss = 2.6725e-01, PNorm = 43.6610, GNorm = 1.2735, lr_0 = 1.8682e-04
Loss = 3.1431e-01, PNorm = 43.6676, GNorm = 1.4080, lr_0 = 1.8596e-04
Loss = 2.8503e-01, PNorm = 43.6725, GNorm = 1.5433, lr_0 = 1.8511e-04
Loss = 2.8365e-01, PNorm = 43.6773, GNorm = 2.8586, lr_0 = 1.8426e-04
Loss = 2.7817e-01, PNorm = 43.6812, GNorm = 1.7602, lr_0 = 1.8341e-04
Validation r2 = 0.589650
Epoch 37
Loss = 2.5335e-01, PNorm = 43.6870, GNorm = 1.3811, lr_0 = 1.8257e-04
Loss = 2.7419e-01, PNorm = 43.6931, GNorm = 1.5172, lr_0 = 1.8173e-04
Loss = 2.9004e-01, PNorm = 43.6988, GNorm = 2.4227, lr_0 = 1.8089e-04
Loss = 3.2221e-01, PNorm = 43.7040, GNorm = 1.6116, lr_0 = 1.8006e-04
Loss = 3.2245e-01, PNorm = 43.7100, GNorm = 2.9655, lr_0 = 1.7923e-04
Loss = 2.6949e-01, PNorm = 43.7162, GNorm = 1.2603, lr_0 = 1.7840e-04
Loss = 2.8720e-01, PNorm = 43.7217, GNorm = 1.9988, lr_0 = 1.7758e-04
Loss = 2.8549e-01, PNorm = 43.7283, GNorm = 1.1746, lr_0 = 1.7676e-04
Loss = 2.7004e-01, PNorm = 43.7355, GNorm = 2.4394, lr_0 = 1.7595e-04
Loss = 2.8885e-01, PNorm = 43.7394, GNorm = 1.7492, lr_0 = 1.7514e-04
Validation r2 = 0.591609
Epoch 38
Loss = 3.1447e-01, PNorm = 43.7462, GNorm = 1.6346, lr_0 = 1.7434e-04
Loss = 2.5994e-01, PNorm = 43.7542, GNorm = 1.5199, lr_0 = 1.7353e-04
Loss = 2.8523e-01, PNorm = 43.7587, GNorm = 1.5147, lr_0 = 1.7273e-04
Loss = 2.8891e-01, PNorm = 43.7632, GNorm = 1.4785, lr_0 = 1.7194e-04
Loss = 2.6479e-01, PNorm = 43.7677, GNorm = 1.3839, lr_0 = 1.7115e-04
Loss = 2.8235e-01, PNorm = 43.7754, GNorm = 1.2597, lr_0 = 1.7036e-04
Loss = 2.6678e-01, PNorm = 43.7809, GNorm = 1.5574, lr_0 = 1.6958e-04
Loss = 2.6858e-01, PNorm = 43.7860, GNorm = 1.8890, lr_0 = 1.6880e-04
Loss = 3.1513e-01, PNorm = 43.7891, GNorm = 1.1569, lr_0 = 1.6802e-04
Loss = 2.7331e-01, PNorm = 43.7940, GNorm = 1.4094, lr_0 = 1.6725e-04
Loss = 2.6924e-01, PNorm = 43.7996, GNorm = 2.2615, lr_0 = 1.6648e-04
Validation r2 = 0.599973
Epoch 39
Loss = 2.7273e-01, PNorm = 43.8046, GNorm = 1.0512, lr_0 = 1.6571e-04
Loss = 2.8358e-01, PNorm = 43.8120, GNorm = 1.6771, lr_0 = 1.6495e-04
Loss = 2.3261e-01, PNorm = 43.8182, GNorm = 1.6237, lr_0 = 1.6419e-04
Loss = 2.8121e-01, PNorm = 43.8221, GNorm = 2.2619, lr_0 = 1.6343e-04
Loss = 2.6716e-01, PNorm = 43.8264, GNorm = 1.4356, lr_0 = 1.6268e-04
Loss = 3.2920e-01, PNorm = 43.8319, GNorm = 1.7172, lr_0 = 1.6193e-04
Loss = 3.1133e-01, PNorm = 43.8374, GNorm = 1.5888, lr_0 = 1.6119e-04
Loss = 2.4102e-01, PNorm = 43.8432, GNorm = 1.1920, lr_0 = 1.6045e-04
Loss = 2.6030e-01, PNorm = 43.8489, GNorm = 1.4118, lr_0 = 1.5971e-04
Loss = 2.6804e-01, PNorm = 43.8532, GNorm = 1.3620, lr_0 = 1.5897e-04
Validation r2 = 0.590366
Epoch 40
Loss = 3.0728e-01, PNorm = 43.8562, GNorm = 1.6563, lr_0 = 1.5824e-04
Loss = 2.4630e-01, PNorm = 43.8625, GNorm = 1.2473, lr_0 = 1.5751e-04
Loss = 2.7595e-01, PNorm = 43.8678, GNorm = 2.3897, lr_0 = 1.5679e-04
Loss = 2.7245e-01, PNorm = 43.8720, GNorm = 1.4196, lr_0 = 1.5607e-04
Loss = 2.7936e-01, PNorm = 43.8777, GNorm = 1.5231, lr_0 = 1.5535e-04
Loss = 3.3180e-01, PNorm = 43.8826, GNorm = 1.1715, lr_0 = 1.5463e-04
Loss = 2.6948e-01, PNorm = 43.8877, GNorm = 2.0215, lr_0 = 1.5392e-04
Loss = 2.8097e-01, PNorm = 43.8916, GNorm = 2.0550, lr_0 = 1.5321e-04
Loss = 2.1675e-01, PNorm = 43.8970, GNorm = 1.0923, lr_0 = 1.5251e-04
Loss = 3.1020e-01, PNorm = 43.9036, GNorm = 1.3741, lr_0 = 1.5181e-04
Loss = 3.0413e-01, PNorm = 43.9110, GNorm = 2.3465, lr_0 = 1.5111e-04
Loss = 3.3098e-01, PNorm = 43.9114, GNorm = 3.1192, lr_0 = 1.5104e-04
Validation r2 = 0.601720
Epoch 41
Loss = 2.7790e-01, PNorm = 43.9159, GNorm = 1.4639, lr_0 = 1.5034e-04
Loss = 2.7639e-01, PNorm = 43.9217, GNorm = 1.4693, lr_0 = 1.4965e-04
Loss = 2.8277e-01, PNorm = 43.9284, GNorm = 1.8833, lr_0 = 1.4896e-04
Loss = 2.4261e-01, PNorm = 43.9348, GNorm = 1.2139, lr_0 = 1.4828e-04
Loss = 2.8150e-01, PNorm = 43.9391, GNorm = 1.8325, lr_0 = 1.4759e-04
Loss = 2.6717e-01, PNorm = 43.9425, GNorm = 1.7899, lr_0 = 1.4692e-04
Loss = 2.7921e-01, PNorm = 43.9465, GNorm = 1.3883, lr_0 = 1.4624e-04
Loss = 2.9125e-01, PNorm = 43.9538, GNorm = 1.5220, lr_0 = 1.4557e-04
Loss = 2.6814e-01, PNorm = 43.9593, GNorm = 1.9202, lr_0 = 1.4490e-04
Loss = 2.5712e-01, PNorm = 43.9619, GNorm = 1.2153, lr_0 = 1.4423e-04
Validation r2 = 0.598719
Epoch 42
Loss = 2.7920e-01, PNorm = 43.9666, GNorm = 1.7101, lr_0 = 1.4357e-04
Loss = 2.6726e-01, PNorm = 43.9730, GNorm = 1.3631, lr_0 = 1.4291e-04
Loss = 2.6080e-01, PNorm = 43.9765, GNorm = 1.3789, lr_0 = 1.4225e-04
Loss = 2.8337e-01, PNorm = 43.9798, GNorm = 1.8179, lr_0 = 1.4159e-04
Loss = 2.8671e-01, PNorm = 43.9839, GNorm = 1.3120, lr_0 = 1.4094e-04
Loss = 2.3911e-01, PNorm = 43.9897, GNorm = 1.6176, lr_0 = 1.4029e-04
Loss = 2.8220e-01, PNorm = 43.9954, GNorm = 1.5385, lr_0 = 1.3965e-04
Loss = 2.8570e-01, PNorm = 44.0006, GNorm = 1.5632, lr_0 = 1.3900e-04
Loss = 2.4563e-01, PNorm = 44.0056, GNorm = 1.5706, lr_0 = 1.3836e-04
Loss = 2.7458e-01, PNorm = 44.0083, GNorm = 1.9726, lr_0 = 1.3773e-04
Loss = 2.5096e-01, PNorm = 44.0101, GNorm = 1.3060, lr_0 = 1.3709e-04
Validation r2 = 0.607154
Epoch 43
Loss = 2.5922e-01, PNorm = 44.0133, GNorm = 1.7924, lr_0 = 1.3646e-04
Loss = 2.6285e-01, PNorm = 44.0180, GNorm = 1.2769, lr_0 = 1.3584e-04
Loss = 2.6186e-01, PNorm = 44.0203, GNorm = 1.3743, lr_0 = 1.3521e-04
Loss = 2.7021e-01, PNorm = 44.0238, GNorm = 1.1072, lr_0 = 1.3459e-04
Loss = 3.0323e-01, PNorm = 44.0291, GNorm = 2.5059, lr_0 = 1.3397e-04
Loss = 2.4330e-01, PNorm = 44.0310, GNorm = 2.0207, lr_0 = 1.3335e-04
Loss = 2.8066e-01, PNorm = 44.0348, GNorm = 2.4899, lr_0 = 1.3274e-04
Loss = 2.5095e-01, PNorm = 44.0396, GNorm = 1.7720, lr_0 = 1.3213e-04
Loss = 2.7907e-01, PNorm = 44.0440, GNorm = 1.5966, lr_0 = 1.3152e-04
Loss = 2.8353e-01, PNorm = 44.0489, GNorm = 1.4985, lr_0 = 1.3091e-04
Validation r2 = 0.598223
Epoch 44
Loss = 2.5243e-01, PNorm = 44.0548, GNorm = 2.0071, lr_0 = 1.3031e-04
Loss = 2.7545e-01, PNorm = 44.0594, GNorm = 1.4670, lr_0 = 1.2971e-04
Loss = 2.4860e-01, PNorm = 44.0616, GNorm = 1.3687, lr_0 = 1.2912e-04
Loss = 2.7595e-01, PNorm = 44.0652, GNorm = 1.3447, lr_0 = 1.2852e-04
Loss = 2.6013e-01, PNorm = 44.0700, GNorm = 1.2543, lr_0 = 1.2793e-04
Loss = 2.3722e-01, PNorm = 44.0733, GNorm = 1.8532, lr_0 = 1.2734e-04
Loss = 2.7805e-01, PNorm = 44.0765, GNorm = 1.2322, lr_0 = 1.2675e-04
Loss = 2.4545e-01, PNorm = 44.0819, GNorm = 1.2378, lr_0 = 1.2617e-04
Loss = 2.6571e-01, PNorm = 44.0857, GNorm = 1.7040, lr_0 = 1.2559e-04
Loss = 2.9348e-01, PNorm = 44.0889, GNorm = 1.8806, lr_0 = 1.2501e-04
Loss = 2.6074e-01, PNorm = 44.0926, GNorm = 1.2689, lr_0 = 1.2444e-04
Validation r2 = 0.609244
Epoch 45
Loss = 2.5738e-01, PNorm = 44.0955, GNorm = 1.3449, lr_0 = 1.2387e-04
Loss = 2.6043e-01, PNorm = 44.0981, GNorm = 1.7039, lr_0 = 1.2330e-04
Loss = 2.8067e-01, PNorm = 44.1005, GNorm = 1.4041, lr_0 = 1.2273e-04
Loss = 2.5240e-01, PNorm = 44.1035, GNorm = 1.1516, lr_0 = 1.2216e-04
Loss = 2.6505e-01, PNorm = 44.1094, GNorm = 1.6741, lr_0 = 1.2160e-04
Loss = 2.8308e-01, PNorm = 44.1138, GNorm = 1.2234, lr_0 = 1.2104e-04
Loss = 2.5716e-01, PNorm = 44.1165, GNorm = 1.8379, lr_0 = 1.2048e-04
Loss = 2.9007e-01, PNorm = 44.1191, GNorm = 1.3270, lr_0 = 1.1993e-04
Loss = 2.4941e-01, PNorm = 44.1246, GNorm = 1.2667, lr_0 = 1.1938e-04
Loss = 2.6027e-01, PNorm = 44.1286, GNorm = 1.4254, lr_0 = 1.1883e-04
Validation r2 = 0.607730
Epoch 46
Loss = 2.5780e-01, PNorm = 44.1292, GNorm = 1.2183, lr_0 = 1.1828e-04
Loss = 2.5235e-01, PNorm = 44.1317, GNorm = 1.3369, lr_0 = 1.1774e-04
Loss = 2.5023e-01, PNorm = 44.1348, GNorm = 1.3324, lr_0 = 1.1720e-04
Loss = 2.7273e-01, PNorm = 44.1400, GNorm = 1.0970, lr_0 = 1.1666e-04
Loss = 2.5212e-01, PNorm = 44.1445, GNorm = 1.8907, lr_0 = 1.1612e-04
Loss = 2.8490e-01, PNorm = 44.1487, GNorm = 1.5860, lr_0 = 1.1558e-04
Loss = 2.4649e-01, PNorm = 44.1516, GNorm = 1.4750, lr_0 = 1.1505e-04
Loss = 2.5551e-01, PNorm = 44.1547, GNorm = 2.3572, lr_0 = 1.1452e-04
Loss = 2.9770e-01, PNorm = 44.1593, GNorm = 1.6219, lr_0 = 1.1400e-04
Loss = 2.4699e-01, PNorm = 44.1634, GNorm = 1.6684, lr_0 = 1.1347e-04
Loss = 2.5238e-01, PNorm = 44.1663, GNorm = 1.3423, lr_0 = 1.1295e-04
Validation r2 = 0.605681
Epoch 47
Loss = 2.6195e-01, PNorm = 44.1694, GNorm = 1.2795, lr_0 = 1.1243e-04
Loss = 2.8899e-01, PNorm = 44.1737, GNorm = 1.5511, lr_0 = 1.1191e-04
Loss = 2.5712e-01, PNorm = 44.1770, GNorm = 1.2484, lr_0 = 1.1140e-04
Loss = 2.3125e-01, PNorm = 44.1804, GNorm = 1.8349, lr_0 = 1.1088e-04
Loss = 2.6162e-01, PNorm = 44.1824, GNorm = 1.2291, lr_0 = 1.1037e-04
Loss = 2.5249e-01, PNorm = 44.1855, GNorm = 1.2780, lr_0 = 1.0987e-04
Loss = 2.6467e-01, PNorm = 44.1889, GNorm = 1.4278, lr_0 = 1.0936e-04
Loss = 2.7905e-01, PNorm = 44.1931, GNorm = 0.9240, lr_0 = 1.0886e-04
Loss = 2.5415e-01, PNorm = 44.1968, GNorm = 1.4091, lr_0 = 1.0836e-04
Loss = 2.4192e-01, PNorm = 44.1998, GNorm = 1.3475, lr_0 = 1.0786e-04
Validation r2 = 0.610009
Epoch 48
Loss = 2.7582e-01, PNorm = 44.2029, GNorm = 1.1655, lr_0 = 1.0736e-04
Loss = 2.5783e-01, PNorm = 44.2066, GNorm = 1.7258, lr_0 = 1.0687e-04
Loss = 2.3151e-01, PNorm = 44.2106, GNorm = 1.5366, lr_0 = 1.0638e-04
Loss = 2.5822e-01, PNorm = 44.2150, GNorm = 1.4519, lr_0 = 1.0589e-04
Loss = 2.6722e-01, PNorm = 44.2179, GNorm = 1.4800, lr_0 = 1.0540e-04
Loss = 2.8351e-01, PNorm = 44.2206, GNorm = 1.1390, lr_0 = 1.0491e-04
Loss = 2.3193e-01, PNorm = 44.2226, GNorm = 1.2397, lr_0 = 1.0443e-04
Loss = 2.9090e-01, PNorm = 44.2269, GNorm = 1.4386, lr_0 = 1.0395e-04
Loss = 2.5353e-01, PNorm = 44.2307, GNorm = 1.3479, lr_0 = 1.0347e-04
Loss = 2.6513e-01, PNorm = 44.2336, GNorm = 1.3035, lr_0 = 1.0300e-04
Loss = 2.3777e-01, PNorm = 44.2339, GNorm = 1.5661, lr_0 = 1.0252e-04
Validation r2 = 0.605567
Epoch 49
Loss = 2.4589e-01, PNorm = 44.2353, GNorm = 1.8493, lr_0 = 1.0205e-04
Loss = 2.6255e-01, PNorm = 44.2392, GNorm = 1.2863, lr_0 = 1.0158e-04
Loss = 2.5690e-01, PNorm = 44.2426, GNorm = 2.4266, lr_0 = 1.0111e-04
Loss = 2.5330e-01, PNorm = 44.2460, GNorm = 1.7902, lr_0 = 1.0065e-04
Loss = 2.4561e-01, PNorm = 44.2493, GNorm = 1.4486, lr_0 = 1.0018e-04
Loss = 2.4169e-01, PNorm = 44.2528, GNorm = 1.5459, lr_0 = 1.0000e-04
Loss = 2.7236e-01, PNorm = 44.2564, GNorm = 1.2719, lr_0 = 1.0000e-04
Loss = 2.7879e-01, PNorm = 44.2583, GNorm = 1.2734, lr_0 = 1.0000e-04
Loss = 2.3801e-01, PNorm = 44.2613, GNorm = 1.3611, lr_0 = 1.0000e-04
Loss = 2.5382e-01, PNorm = 44.2657, GNorm = 1.5785, lr_0 = 1.0000e-04
Validation r2 = 0.606076
Model 0 best validation r2 = 0.610009 on epoch 47
Loading pretrained parameter "encoder.encoder.0.cached_zero_vector".
Loading pretrained parameter "encoder.encoder.0.W_i.weight".
Loading pretrained parameter "encoder.encoder.0.W_h.weight".
Loading pretrained parameter "encoder.encoder.0.W_o.weight".
Loading pretrained parameter "encoder.encoder.0.W_o.bias".
Loading pretrained parameter "ffn.1.weight".
Loading pretrained parameter "ffn.1.bias".
Loading pretrained parameter "ffn.4.weight".
Loading pretrained parameter "ffn.4.bias".
Model 0 test r2 = 0.564165
Ensemble test r2 = 0.564165
Fold 4
Splitting data with seed 4
Total size = 6,557 | train size = 5,245 | val size = 656 | test size = 656
Fitting scaler
Building model 0
MoleculeModel(
  (encoder): MPN(
    (encoder): ModuleList(
      (0): MPNEncoder(
        (dropout_layer): Dropout(p=0.1, inplace=False)
        (act_func): ReLU()
        (W_i): Linear(in_features=147, out_features=300, bias=False)
        (W_h): Linear(in_features=300, out_features=300, bias=False)
        (W_o): Linear(in_features=433, out_features=300, bias=True)
      )
    )
  )
  (ffn): Sequential(
    (0): Dropout(p=0.1, inplace=False)
    (1): Linear(in_features=300, out_features=300, bias=True)
    (2): ReLU()
    (3): Dropout(p=0.1, inplace=False)
    (4): Linear(in_features=300, out_features=1, bias=True)
  )
)
Number of parameters = 355,201
Epoch 0
Loss = 1.0812e+00, PNorm = 34.0099, GNorm = 2.3115, lr_0 = 1.4760e-04
Loss = 1.0819e+00, PNorm = 34.0105, GNorm = 2.1134, lr_0 = 1.9087e-04
Loss = 9.7188e-01, PNorm = 34.0112, GNorm = 3.4365, lr_0 = 2.3413e-04
Loss = 1.0520e+00, PNorm = 34.0140, GNorm = 1.9256, lr_0 = 2.7740e-04
Loss = 8.6777e-01, PNorm = 34.0187, GNorm = 2.6931, lr_0 = 3.2067e-04
Loss = 9.7016e-01, PNorm = 34.0238, GNorm = 3.2600, lr_0 = 3.6394e-04
Loss = 9.0892e-01, PNorm = 34.0309, GNorm = 2.0589, lr_0 = 4.0721e-04
Loss = 1.0118e+00, PNorm = 34.0390, GNorm = 1.4392, lr_0 = 4.5048e-04
Loss = 1.0120e+00, PNorm = 34.0496, GNorm = 1.1219, lr_0 = 4.9375e-04
Loss = 1.0183e+00, PNorm = 34.0668, GNorm = 0.9005, lr_0 = 5.3702e-04
Validation r2 = -0.007072
Epoch 1
Loss = 1.0689e+00, PNorm = 34.0813, GNorm = 2.0956, lr_0 = 5.8462e-04
Loss = 9.6878e-01, PNorm = 34.1011, GNorm = 1.0253, lr_0 = 6.2788e-04
Loss = 9.2760e-01, PNorm = 34.1224, GNorm = 0.6465, lr_0 = 6.7115e-04
Loss = 8.9914e-01, PNorm = 34.1492, GNorm = 0.7172, lr_0 = 7.1442e-04
Loss = 1.0063e+00, PNorm = 34.1861, GNorm = 4.1954, lr_0 = 7.5769e-04
Loss = 8.0486e-01, PNorm = 34.2295, GNorm = 1.6923, lr_0 = 8.0096e-04
Loss = 9.1010e-01, PNorm = 34.2713, GNorm = 2.5388, lr_0 = 8.4423e-04
Loss = 1.0141e+00, PNorm = 34.3117, GNorm = 5.1286, lr_0 = 8.8750e-04
Loss = 9.5196e-01, PNorm = 34.3605, GNorm = 2.4705, lr_0 = 9.3077e-04
Loss = 9.6079e-01, PNorm = 34.4026, GNorm = 1.2211, lr_0 = 9.7404e-04
Validation r2 = 0.077893
Epoch 2
Loss = 9.9426e-01, PNorm = 34.4513, GNorm = 0.5751, lr_0 = 9.9816e-04
Loss = 9.2260e-01, PNorm = 34.5001, GNorm = 1.0662, lr_0 = 9.9356e-04
Loss = 9.0354e-01, PNorm = 34.5402, GNorm = 0.9469, lr_0 = 9.8899e-04
Loss = 9.2808e-01, PNorm = 34.5901, GNorm = 0.6173, lr_0 = 9.8444e-04
Loss = 7.8390e-01, PNorm = 34.6470, GNorm = 1.4353, lr_0 = 9.7991e-04
Loss = 8.6842e-01, PNorm = 34.7084, GNorm = 0.6985, lr_0 = 9.7540e-04
Loss = 8.7385e-01, PNorm = 34.7671, GNorm = 0.7363, lr_0 = 9.7091e-04
Loss = 7.5584e-01, PNorm = 34.8162, GNorm = 1.9023, lr_0 = 9.6644e-04
Loss = 8.5241e-01, PNorm = 34.8625, GNorm = 1.3260, lr_0 = 9.6200e-04
Loss = 8.5495e-01, PNorm = 34.9186, GNorm = 0.9013, lr_0 = 9.5757e-04
Loss = 8.4299e-01, PNorm = 34.9744, GNorm = 0.6035, lr_0 = 9.5316e-04
Validation r2 = 0.171355
Epoch 3
Loss = 8.4416e-01, PNorm = 35.0404, GNorm = 0.5722, lr_0 = 9.4878e-04
Loss = 8.7212e-01, PNorm = 35.1025, GNorm = 0.8137, lr_0 = 9.4441e-04
Loss = 8.5365e-01, PNorm = 35.1539, GNorm = 1.0375, lr_0 = 9.4006e-04
Loss = 8.0413e-01, PNorm = 35.2026, GNorm = 1.4447, lr_0 = 9.3574e-04
Loss = 7.4452e-01, PNorm = 35.2512, GNorm = 1.3569, lr_0 = 9.3143e-04
Loss = 7.8653e-01, PNorm = 35.2985, GNorm = 1.8064, lr_0 = 9.2714e-04
Loss = 7.7137e-01, PNorm = 35.3603, GNorm = 0.6486, lr_0 = 9.2288e-04
Loss = 8.1786e-01, PNorm = 35.4238, GNorm = 1.1849, lr_0 = 9.1863e-04
Loss = 8.1814e-01, PNorm = 35.4767, GNorm = 0.8875, lr_0 = 9.1440e-04
Loss = 6.9654e-01, PNorm = 35.5267, GNorm = 1.0840, lr_0 = 9.1020e-04
Validation r2 = 0.101856
Epoch 4
Loss = 9.1252e-01, PNorm = 35.5871, GNorm = 3.3767, lr_0 = 9.0601e-04
Loss = 7.6102e-01, PNorm = 35.6511, GNorm = 1.0435, lr_0 = 9.0184e-04
Loss = 7.5448e-01, PNorm = 35.7072, GNorm = 0.5716, lr_0 = 8.9769e-04
Loss = 8.0026e-01, PNorm = 35.7640, GNorm = 0.9313, lr_0 = 8.9356e-04
Loss = 7.6808e-01, PNorm = 35.8079, GNorm = 2.8142, lr_0 = 8.8944e-04
Loss = 7.6602e-01, PNorm = 35.8620, GNorm = 1.9388, lr_0 = 8.8535e-04
Loss = 6.9768e-01, PNorm = 35.9292, GNorm = 1.3766, lr_0 = 8.8128e-04
Loss = 7.0747e-01, PNorm = 35.9957, GNorm = 2.3341, lr_0 = 8.7722e-04
Loss = 7.0816e-01, PNorm = 36.0555, GNorm = 2.3916, lr_0 = 8.7318e-04
Loss = 6.7953e-01, PNorm = 36.1009, GNorm = 2.2957, lr_0 = 8.6917e-04
Loss = 7.8589e-01, PNorm = 36.1621, GNorm = 1.0676, lr_0 = 8.6517e-04
Validation r2 = 0.247458
Epoch 5
Loss = 8.0171e-01, PNorm = 36.2310, GNorm = 1.1937, lr_0 = 8.6118e-04
Loss = 7.6124e-01, PNorm = 36.3048, GNorm = 1.4566, lr_0 = 8.5722e-04
Loss = 6.4179e-01, PNorm = 36.3651, GNorm = 0.7797, lr_0 = 8.5328e-04
Loss = 6.6331e-01, PNorm = 36.4205, GNorm = 0.9772, lr_0 = 8.4935e-04
Loss = 6.6141e-01, PNorm = 36.4792, GNorm = 2.9019, lr_0 = 8.4544e-04
Loss = 7.0433e-01, PNorm = 36.5424, GNorm = 1.8173, lr_0 = 8.4155e-04
Loss = 6.1561e-01, PNorm = 36.5920, GNorm = 0.6003, lr_0 = 8.3768e-04
Loss = 7.2746e-01, PNorm = 36.6466, GNorm = 0.9610, lr_0 = 8.3382e-04
Loss = 6.3110e-01, PNorm = 36.7053, GNorm = 1.6290, lr_0 = 8.2999e-04
Loss = 6.9832e-01, PNorm = 36.7609, GNorm = 2.6425, lr_0 = 8.2617e-04
Validation r2 = 0.321267
Epoch 6
Loss = 5.9298e-01, PNorm = 36.8174, GNorm = 1.1280, lr_0 = 8.2236e-04
Loss = 6.7448e-01, PNorm = 36.8731, GNorm = 2.0524, lr_0 = 8.1858e-04
Loss = 6.5720e-01, PNorm = 36.9338, GNorm = 1.2980, lr_0 = 8.1481e-04
Loss = 6.5553e-01, PNorm = 36.9962, GNorm = 2.0084, lr_0 = 8.1106e-04
Loss = 6.4056e-01, PNorm = 37.0493, GNorm = 2.6238, lr_0 = 8.0733e-04
Loss = 6.5984e-01, PNorm = 37.1040, GNorm = 1.6581, lr_0 = 8.0362e-04
Loss = 7.1909e-01, PNorm = 37.1586, GNorm = 3.1337, lr_0 = 7.9992e-04
Loss = 5.7754e-01, PNorm = 37.2192, GNorm = 1.1918, lr_0 = 7.9624e-04
Loss = 6.4653e-01, PNorm = 37.2835, GNorm = 1.2525, lr_0 = 7.9257e-04
Loss = 6.6040e-01, PNorm = 37.3464, GNorm = 1.2295, lr_0 = 7.8892e-04
Loss = 6.0068e-01, PNorm = 37.3986, GNorm = 1.1998, lr_0 = 7.8529e-04
Validation r2 = 0.350325
Epoch 7
Loss = 5.5843e-01, PNorm = 37.4461, GNorm = 0.8171, lr_0 = 7.8168e-04
Loss = 6.7191e-01, PNorm = 37.4962, GNorm = 1.5450, lr_0 = 7.7808e-04
Loss = 6.0266e-01, PNorm = 37.5466, GNorm = 3.8771, lr_0 = 7.7450e-04
Loss = 6.5738e-01, PNorm = 37.5997, GNorm = 2.0842, lr_0 = 7.7094e-04
Loss = 6.0214e-01, PNorm = 37.6574, GNorm = 1.0687, lr_0 = 7.6739e-04
Loss = 6.0534e-01, PNorm = 37.7028, GNorm = 0.8008, lr_0 = 7.6386e-04
Loss = 5.5944e-01, PNorm = 37.7485, GNorm = 2.1143, lr_0 = 7.6034e-04
Loss = 6.2714e-01, PNorm = 37.8013, GNorm = 2.0533, lr_0 = 7.5684e-04
Loss = 6.3101e-01, PNorm = 37.8515, GNorm = 1.2240, lr_0 = 7.5336e-04
Loss = 5.9578e-01, PNorm = 37.8948, GNorm = 1.9328, lr_0 = 7.4989e-04
Validation r2 = 0.348628
Epoch 8
Loss = 4.0133e-01, PNorm = 37.9452, GNorm = 0.9403, lr_0 = 7.4644e-04
Loss = 5.9519e-01, PNorm = 37.9931, GNorm = 1.6690, lr_0 = 7.4301e-04
Loss = 6.2550e-01, PNorm = 38.0491, GNorm = 1.5097, lr_0 = 7.3959e-04
Loss = 6.2481e-01, PNorm = 38.0959, GNorm = 2.8764, lr_0 = 7.3619e-04
Loss = 5.5839e-01, PNorm = 38.1523, GNorm = 1.8478, lr_0 = 7.3280e-04
Loss = 6.6362e-01, PNorm = 38.2061, GNorm = 1.6326, lr_0 = 7.2943e-04
Loss = 5.9979e-01, PNorm = 38.2446, GNorm = 1.4281, lr_0 = 7.2607e-04
Loss = 6.0705e-01, PNorm = 38.2949, GNorm = 1.2631, lr_0 = 7.2273e-04
Loss = 5.2994e-01, PNorm = 38.3387, GNorm = 2.0011, lr_0 = 7.1940e-04
Loss = 5.5553e-01, PNorm = 38.3839, GNorm = 1.5846, lr_0 = 7.1609e-04
Loss = 5.4947e-01, PNorm = 38.4371, GNorm = 0.8743, lr_0 = 7.1280e-04
Validation r2 = 0.386218
Epoch 9
Loss = 5.7371e-01, PNorm = 38.4847, GNorm = 3.8854, lr_0 = 7.0951e-04
Loss = 5.7964e-01, PNorm = 38.5367, GNorm = 1.4236, lr_0 = 7.0625e-04
Loss = 5.4678e-01, PNorm = 38.5914, GNorm = 1.8287, lr_0 = 7.0300e-04
Loss = 5.3235e-01, PNorm = 38.6278, GNorm = 1.9262, lr_0 = 6.9976e-04
Loss = 5.1169e-01, PNorm = 38.6720, GNorm = 1.2627, lr_0 = 6.9654e-04
Loss = 5.7467e-01, PNorm = 38.7169, GNorm = 2.1155, lr_0 = 6.9334e-04
Loss = 5.1304e-01, PNorm = 38.7623, GNorm = 1.8237, lr_0 = 6.9015e-04
Loss = 5.9595e-01, PNorm = 38.7995, GNorm = 1.4020, lr_0 = 6.8697e-04
Loss = 6.1845e-01, PNorm = 38.8393, GNorm = 2.2612, lr_0 = 6.8381e-04
Loss = 4.5863e-01, PNorm = 38.8780, GNorm = 1.9411, lr_0 = 6.8066e-04
Validation r2 = 0.418660
Epoch 10
Loss = 4.6882e-01, PNorm = 38.9038, GNorm = 1.0933, lr_0 = 6.7753e-04
Loss = 5.7775e-01, PNorm = 38.9494, GNorm = 2.5545, lr_0 = 6.7441e-04
Loss = 5.9698e-01, PNorm = 38.9912, GNorm = 2.5270, lr_0 = 6.7131e-04
Loss = 4.6787e-01, PNorm = 39.0273, GNorm = 2.1217, lr_0 = 6.6822e-04
Loss = 5.1266e-01, PNorm = 39.0706, GNorm = 2.3657, lr_0 = 6.6515e-04
Loss = 5.3929e-01, PNorm = 39.1147, GNorm = 1.6995, lr_0 = 6.6208e-04
Loss = 5.3560e-01, PNorm = 39.1557, GNorm = 1.3136, lr_0 = 6.5904e-04
Loss = 5.1405e-01, PNorm = 39.1997, GNorm = 0.8578, lr_0 = 6.5600e-04
Loss = 4.6629e-01, PNorm = 39.2358, GNorm = 1.0886, lr_0 = 6.5299e-04
Loss = 5.0225e-01, PNorm = 39.2683, GNorm = 1.5050, lr_0 = 6.4998e-04
Loss = 5.5084e-01, PNorm = 39.3059, GNorm = 1.4751, lr_0 = 6.4699e-04
Validation r2 = 0.423876
Epoch 11
Loss = 4.9888e-01, PNorm = 39.3512, GNorm = 1.9840, lr_0 = 6.4372e-04
Loss = 5.3528e-01, PNorm = 39.3875, GNorm = 1.1733, lr_0 = 6.4075e-04
Loss = 5.1129e-01, PNorm = 39.4364, GNorm = 1.2053, lr_0 = 6.3780e-04
Loss = 4.8569e-01, PNorm = 39.4750, GNorm = 1.2460, lr_0 = 6.3487e-04
Loss = 4.9540e-01, PNorm = 39.5130, GNorm = 1.7630, lr_0 = 6.3195e-04
Loss = 4.8060e-01, PNorm = 39.5455, GNorm = 1.3238, lr_0 = 6.2904e-04
Loss = 5.6613e-01, PNorm = 39.5885, GNorm = 1.0870, lr_0 = 6.2614e-04
Loss = 4.8563e-01, PNorm = 39.6221, GNorm = 1.1663, lr_0 = 6.2326e-04
Loss = 4.7585e-01, PNorm = 39.6540, GNorm = 1.2461, lr_0 = 6.2039e-04
Loss = 5.1459e-01, PNorm = 39.6827, GNorm = 1.9405, lr_0 = 6.1754e-04
Validation r2 = 0.457133
Epoch 12
Loss = 5.0434e-01, PNorm = 39.7190, GNorm = 1.2906, lr_0 = 6.1470e-04
Loss = 4.8503e-01, PNorm = 39.7490, GNorm = 0.8801, lr_0 = 6.1187e-04
Loss = 4.8508e-01, PNorm = 39.7938, GNorm = 1.4037, lr_0 = 6.0905e-04
Loss = 5.0609e-01, PNorm = 39.8335, GNorm = 1.6600, lr_0 = 6.0625e-04
Loss = 4.7217e-01, PNorm = 39.8574, GNorm = 1.6556, lr_0 = 6.0346e-04
Loss = 4.8944e-01, PNorm = 39.8857, GNorm = 1.1215, lr_0 = 6.0068e-04
Loss = 4.6176e-01, PNorm = 39.9203, GNorm = 1.9356, lr_0 = 5.9792e-04
Loss = 4.9701e-01, PNorm = 39.9536, GNorm = 1.0384, lr_0 = 5.9517e-04
Loss = 4.6140e-01, PNorm = 39.9869, GNorm = 1.2534, lr_0 = 5.9243e-04
Loss = 4.8845e-01, PNorm = 40.0165, GNorm = 1.3003, lr_0 = 5.8970e-04
Loss = 5.3242e-01, PNorm = 40.0563, GNorm = 1.2346, lr_0 = 5.8699e-04
Validation r2 = 0.460896
Epoch 13
Loss = 3.6623e-01, PNorm = 40.0951, GNorm = 1.2385, lr_0 = 5.8429e-04
Loss = 4.7469e-01, PNorm = 40.1285, GNorm = 1.9480, lr_0 = 5.8160e-04
Loss = 4.6951e-01, PNorm = 40.1611, GNorm = 1.6911, lr_0 = 5.7892e-04
Loss = 4.5073e-01, PNorm = 40.1909, GNorm = 1.2843, lr_0 = 5.7626e-04
Loss = 4.8879e-01, PNorm = 40.2272, GNorm = 1.7706, lr_0 = 5.7361e-04
Loss = 4.7110e-01, PNorm = 40.2502, GNorm = 1.8415, lr_0 = 5.7097e-04
Loss = 5.1558e-01, PNorm = 40.2826, GNorm = 1.5001, lr_0 = 5.6834e-04
Loss = 4.5069e-01, PNorm = 40.3119, GNorm = 3.0929, lr_0 = 5.6572e-04
Loss = 4.6851e-01, PNorm = 40.3425, GNorm = 1.1979, lr_0 = 5.6312e-04
Loss = 4.8877e-01, PNorm = 40.3712, GNorm = 2.5676, lr_0 = 5.6053e-04
Validation r2 = 0.492019
Epoch 14
Loss = 4.3858e-01, PNorm = 40.4037, GNorm = 1.1964, lr_0 = 5.5795e-04
Loss = 4.7472e-01, PNorm = 40.4494, GNorm = 3.0477, lr_0 = 5.5538e-04
Loss = 5.0375e-01, PNorm = 40.4807, GNorm = 2.0249, lr_0 = 5.5283e-04
Loss = 3.8266e-01, PNorm = 40.5051, GNorm = 1.7504, lr_0 = 5.5028e-04
Loss = 4.8936e-01, PNorm = 40.5363, GNorm = 1.7387, lr_0 = 5.4775e-04
Loss = 4.7021e-01, PNorm = 40.5666, GNorm = 2.3279, lr_0 = 5.4523e-04
Loss = 4.4931e-01, PNorm = 40.5953, GNorm = 1.5781, lr_0 = 5.4272e-04
Loss = 4.2897e-01, PNorm = 40.6208, GNorm = 1.2736, lr_0 = 5.4022e-04
Loss = 4.4810e-01, PNorm = 40.6446, GNorm = 2.5351, lr_0 = 5.3774e-04
Loss = 4.3852e-01, PNorm = 40.6675, GNorm = 1.1535, lr_0 = 5.3526e-04
Loss = 4.0564e-01, PNorm = 40.6965, GNorm = 1.1267, lr_0 = 5.3280e-04
Validation r2 = 0.502829
Epoch 15
Loss = 4.3800e-01, PNorm = 40.7229, GNorm = 1.9636, lr_0 = 5.3035e-04
Loss = 3.7510e-01, PNorm = 40.7474, GNorm = 1.2834, lr_0 = 5.2791e-04
Loss = 4.5454e-01, PNorm = 40.7743, GNorm = 1.3395, lr_0 = 5.2548e-04
Loss = 4.1435e-01, PNorm = 40.8015, GNorm = 1.0455, lr_0 = 5.2306e-04
Loss = 4.1135e-01, PNorm = 40.8288, GNorm = 1.2896, lr_0 = 5.2065e-04
Loss = 4.7098e-01, PNorm = 40.8606, GNorm = 1.5992, lr_0 = 5.1825e-04
Loss = 4.5156e-01, PNorm = 40.8825, GNorm = 1.6559, lr_0 = 5.1587e-04
Loss = 4.2432e-01, PNorm = 40.9074, GNorm = 1.3524, lr_0 = 5.1350e-04
Loss = 4.2605e-01, PNorm = 40.9357, GNorm = 1.5316, lr_0 = 5.1113e-04
Loss = 5.0385e-01, PNorm = 40.9631, GNorm = 3.3156, lr_0 = 5.0878e-04
Validation r2 = 0.501684
Epoch 16
Loss = 3.9900e-01, PNorm = 40.9833, GNorm = 1.1207, lr_0 = 5.0644e-04
Loss = 4.8455e-01, PNorm = 41.0045, GNorm = 1.8796, lr_0 = 5.0411e-04
Loss = 4.2249e-01, PNorm = 41.0368, GNorm = 1.6560, lr_0 = 5.0179e-04
Loss = 4.3620e-01, PNorm = 41.0629, GNorm = 1.2988, lr_0 = 4.9948e-04
Loss = 4.5549e-01, PNorm = 41.0936, GNorm = 1.3266, lr_0 = 4.9718e-04
Loss = 3.9954e-01, PNorm = 41.1197, GNorm = 1.4005, lr_0 = 4.9489e-04
Loss = 3.7480e-01, PNorm = 41.1449, GNorm = 2.3594, lr_0 = 4.9262e-04
Loss = 4.3540e-01, PNorm = 41.1685, GNorm = 1.2310, lr_0 = 4.9035e-04
Loss = 4.3424e-01, PNorm = 41.1837, GNorm = 1.3449, lr_0 = 4.8809e-04
Loss = 4.2288e-01, PNorm = 41.2082, GNorm = 1.3799, lr_0 = 4.8585e-04
Loss = 3.5983e-01, PNorm = 41.2316, GNorm = 1.2989, lr_0 = 4.8361e-04
Validation r2 = 0.518489
Epoch 17
Loss = 3.9483e-01, PNorm = 41.2485, GNorm = 1.9102, lr_0 = 4.8138e-04
Loss = 3.8802e-01, PNorm = 41.2732, GNorm = 1.7997, lr_0 = 4.7917e-04
Loss = 3.8809e-01, PNorm = 41.2919, GNorm = 1.9219, lr_0 = 4.7696e-04
Loss = 4.2038e-01, PNorm = 41.3233, GNorm = 1.2815, lr_0 = 4.7477e-04
Loss = 4.3633e-01, PNorm = 41.3552, GNorm = 1.8027, lr_0 = 4.7258e-04
Loss = 4.1410e-01, PNorm = 41.3797, GNorm = 1.5340, lr_0 = 4.7041e-04
Loss = 4.3520e-01, PNorm = 41.4015, GNorm = 1.7210, lr_0 = 4.6824e-04
Loss = 4.3051e-01, PNorm = 41.4241, GNorm = 1.3883, lr_0 = 4.6609e-04
Loss = 3.8558e-01, PNorm = 41.4470, GNorm = 1.6500, lr_0 = 4.6394e-04
Loss = 3.7868e-01, PNorm = 41.4672, GNorm = 1.1652, lr_0 = 4.6181e-04
Validation r2 = 0.507882
Epoch 18
Loss = 4.4528e-01, PNorm = 41.4883, GNorm = 1.6831, lr_0 = 4.5968e-04
Loss = 4.1069e-01, PNorm = 41.5159, GNorm = 1.0120, lr_0 = 4.5757e-04
Loss = 3.6862e-01, PNorm = 41.5377, GNorm = 1.2915, lr_0 = 4.5546e-04
Loss = 3.9693e-01, PNorm = 41.5592, GNorm = 1.6177, lr_0 = 4.5337e-04
Loss = 3.9743e-01, PNorm = 41.5857, GNorm = 2.3227, lr_0 = 4.5128e-04
Loss = 3.9194e-01, PNorm = 41.6077, GNorm = 2.5849, lr_0 = 4.4920e-04
Loss = 3.9471e-01, PNorm = 41.6265, GNorm = 1.5291, lr_0 = 4.4714e-04
Loss = 4.2075e-01, PNorm = 41.6458, GNorm = 1.0959, lr_0 = 4.4508e-04
Loss = 3.8894e-01, PNorm = 41.6639, GNorm = 1.5370, lr_0 = 4.4303e-04
Loss = 3.8427e-01, PNorm = 41.6832, GNorm = 2.4921, lr_0 = 4.4099e-04
Loss = 4.0406e-01, PNorm = 41.6989, GNorm = 0.8881, lr_0 = 4.3896e-04
Validation r2 = 0.508334
Epoch 19
Loss = 4.2305e-01, PNorm = 41.7246, GNorm = 2.4922, lr_0 = 4.3694e-04
Loss = 3.4790e-01, PNorm = 41.7542, GNorm = 2.0989, lr_0 = 4.3493e-04
Loss = 3.7067e-01, PNorm = 41.7735, GNorm = 1.3639, lr_0 = 4.3293e-04
Loss = 3.9114e-01, PNorm = 41.7897, GNorm = 1.9966, lr_0 = 4.3094e-04
Loss = 3.9860e-01, PNorm = 41.8100, GNorm = 1.5831, lr_0 = 4.2896e-04
Loss = 4.2430e-01, PNorm = 41.8377, GNorm = 0.8739, lr_0 = 4.2698e-04
Loss = 3.7054e-01, PNorm = 41.8596, GNorm = 2.5577, lr_0 = 4.2502e-04
Loss = 3.5489e-01, PNorm = 41.8790, GNorm = 1.3414, lr_0 = 4.2306e-04
Loss = 4.2221e-01, PNorm = 41.9027, GNorm = 1.5903, lr_0 = 4.2111e-04
Loss = 3.7834e-01, PNorm = 41.9215, GNorm = 1.3711, lr_0 = 4.1918e-04
Validation r2 = 0.541808
Epoch 20
Loss = 3.5207e-01, PNorm = 41.9415, GNorm = 2.1568, lr_0 = 4.1725e-04
Loss = 3.6663e-01, PNorm = 41.9664, GNorm = 1.4803, lr_0 = 4.1533e-04
Loss = 3.4237e-01, PNorm = 41.9900, GNorm = 1.0646, lr_0 = 4.1341e-04
Loss = 3.4463e-01, PNorm = 42.0048, GNorm = 1.6252, lr_0 = 4.1151e-04
Loss = 3.4786e-01, PNorm = 42.0220, GNorm = 1.5466, lr_0 = 4.0962e-04
Loss = 4.4232e-01, PNorm = 42.0392, GNorm = 1.7776, lr_0 = 4.0773e-04
Loss = 3.9332e-01, PNorm = 42.0613, GNorm = 2.9039, lr_0 = 4.0586e-04
Loss = 3.8392e-01, PNorm = 42.0812, GNorm = 1.3348, lr_0 = 4.0399e-04
Loss = 3.0756e-01, PNorm = 42.1001, GNorm = 1.3981, lr_0 = 4.0213e-04
Loss = 3.7652e-01, PNorm = 42.1131, GNorm = 1.4262, lr_0 = 4.0028e-04
Loss = 3.7831e-01, PNorm = 42.1271, GNorm = 1.6670, lr_0 = 3.9844e-04
Validation r2 = 0.513805
Epoch 21
Loss = 3.6306e-01, PNorm = 42.1431, GNorm = 1.5183, lr_0 = 3.9642e-04
Loss = 3.4381e-01, PNorm = 42.1648, GNorm = 1.6778, lr_0 = 3.9460e-04
Loss = 3.7185e-01, PNorm = 42.1805, GNorm = 2.2363, lr_0 = 3.9278e-04
Loss = 3.7857e-01, PNorm = 42.1995, GNorm = 3.1812, lr_0 = 3.9097e-04
Loss = 3.5602e-01, PNorm = 42.2198, GNorm = 1.3589, lr_0 = 3.8917e-04
Loss = 3.6803e-01, PNorm = 42.2380, GNorm = 1.7479, lr_0 = 3.8738e-04
Loss = 3.8541e-01, PNorm = 42.2542, GNorm = 1.2788, lr_0 = 3.8560e-04
Loss = 3.7490e-01, PNorm = 42.2694, GNorm = 1.6051, lr_0 = 3.8383e-04
Loss = 3.9059e-01, PNorm = 42.2829, GNorm = 1.6519, lr_0 = 3.8206e-04
Loss = 3.3618e-01, PNorm = 42.2958, GNorm = 1.2425, lr_0 = 3.8030e-04
Validation r2 = 0.552601
Epoch 22
Loss = 3.3912e-01, PNorm = 42.3112, GNorm = 1.6545, lr_0 = 3.7855e-04
Loss = 3.5863e-01, PNorm = 42.3280, GNorm = 2.0217, lr_0 = 3.7681e-04
Loss = 3.1464e-01, PNorm = 42.3386, GNorm = 1.1912, lr_0 = 3.7508e-04
Loss = 3.8034e-01, PNorm = 42.3568, GNorm = 2.4462, lr_0 = 3.7335e-04
Loss = 3.4176e-01, PNorm = 42.3743, GNorm = 2.2158, lr_0 = 3.7163e-04
Loss = 3.6100e-01, PNorm = 42.3926, GNorm = 1.4789, lr_0 = 3.6992e-04
Loss = 3.6781e-01, PNorm = 42.4115, GNorm = 1.9015, lr_0 = 3.6822e-04
Loss = 3.7305e-01, PNorm = 42.4275, GNorm = 1.7942, lr_0 = 3.6652e-04
Loss = 3.4602e-01, PNorm = 42.4410, GNorm = 1.0916, lr_0 = 3.6484e-04
Loss = 3.6710e-01, PNorm = 42.4553, GNorm = 1.6545, lr_0 = 3.6316e-04
Loss = 3.6053e-01, PNorm = 42.4715, GNorm = 2.1180, lr_0 = 3.6149e-04
Validation r2 = 0.530593
Epoch 23
Loss = 3.4801e-01, PNorm = 42.4899, GNorm = 3.3388, lr_0 = 3.5982e-04
Loss = 3.4269e-01, PNorm = 42.5126, GNorm = 1.8141, lr_0 = 3.5817e-04
Loss = 3.4294e-01, PNorm = 42.5223, GNorm = 1.3865, lr_0 = 3.5652e-04
Loss = 3.4794e-01, PNorm = 42.5346, GNorm = 1.4045, lr_0 = 3.5488e-04
Loss = 3.9813e-01, PNorm = 42.5509, GNorm = 2.8474, lr_0 = 3.5325e-04
Loss = 3.9608e-01, PNorm = 42.5734, GNorm = 2.4502, lr_0 = 3.5162e-04
Loss = 3.7651e-01, PNorm = 42.5886, GNorm = 1.3765, lr_0 = 3.5000e-04
Loss = 3.5855e-01, PNorm = 42.6050, GNorm = 1.5024, lr_0 = 3.4839e-04
Loss = 3.9409e-01, PNorm = 42.6220, GNorm = 1.4836, lr_0 = 3.4679e-04
Loss = 3.2871e-01, PNorm = 42.6361, GNorm = 1.5162, lr_0 = 3.4519e-04
Validation r2 = 0.549943
Epoch 24
Loss = 3.4548e-01, PNorm = 42.6498, GNorm = 1.1946, lr_0 = 3.4360e-04
Loss = 3.7122e-01, PNorm = 42.6671, GNorm = 1.8932, lr_0 = 3.4202e-04
Loss = 3.4965e-01, PNorm = 42.6815, GNorm = 1.1728, lr_0 = 3.4045e-04
Loss = 3.7732e-01, PNorm = 42.6980, GNorm = 2.6592, lr_0 = 3.3888e-04
Loss = 3.7497e-01, PNorm = 42.7116, GNorm = 2.0069, lr_0 = 3.3732e-04
Loss = 3.4109e-01, PNorm = 42.7307, GNorm = 1.7034, lr_0 = 3.3577e-04
Loss = 3.3244e-01, PNorm = 42.7461, GNorm = 1.6353, lr_0 = 3.3422e-04
Loss = 3.1247e-01, PNorm = 42.7567, GNorm = 1.1550, lr_0 = 3.3269e-04
Loss = 3.6378e-01, PNorm = 42.7701, GNorm = 1.2921, lr_0 = 3.3116e-04
Loss = 3.1932e-01, PNorm = 42.7792, GNorm = 1.5026, lr_0 = 3.2963e-04
Loss = 3.0208e-01, PNorm = 42.7895, GNorm = 1.6528, lr_0 = 3.2811e-04
Validation r2 = 0.553639
Epoch 25
Loss = 3.0234e-01, PNorm = 42.7983, GNorm = 1.4473, lr_0 = 3.2660e-04
Loss = 3.1897e-01, PNorm = 42.8131, GNorm = 1.0826, lr_0 = 3.2510e-04
Loss = 3.1632e-01, PNorm = 42.8243, GNorm = 1.7285, lr_0 = 3.2361e-04
Loss = 3.5954e-01, PNorm = 42.8360, GNorm = 1.4792, lr_0 = 3.2212e-04
Loss = 3.4257e-01, PNorm = 42.8503, GNorm = 1.8773, lr_0 = 3.2063e-04
Loss = 3.8141e-01, PNorm = 42.8628, GNorm = 2.3025, lr_0 = 3.1916e-04
Loss = 2.9378e-01, PNorm = 42.8774, GNorm = 1.3170, lr_0 = 3.1769e-04
Loss = 3.5536e-01, PNorm = 42.8884, GNorm = 1.4187, lr_0 = 3.1623e-04
Loss = 3.8389e-01, PNorm = 42.8991, GNorm = 1.7245, lr_0 = 3.1477e-04
Loss = 3.3910e-01, PNorm = 42.9161, GNorm = 1.7412, lr_0 = 3.1332e-04
Validation r2 = 0.554192
Epoch 26
Loss = 3.1246e-01, PNorm = 42.9310, GNorm = 1.4581, lr_0 = 3.1188e-04
Loss = 3.3482e-01, PNorm = 42.9410, GNorm = 1.7687, lr_0 = 3.1045e-04
Loss = 3.4481e-01, PNorm = 42.9521, GNorm = 1.8175, lr_0 = 3.0902e-04
Loss = 3.1282e-01, PNorm = 42.9638, GNorm = 1.7287, lr_0 = 3.0760e-04
Loss = 3.1685e-01, PNorm = 42.9777, GNorm = 1.1460, lr_0 = 3.0618e-04
Loss = 2.9919e-01, PNorm = 42.9900, GNorm = 2.1752, lr_0 = 3.0477e-04
Loss = 2.9333e-01, PNorm = 43.0024, GNorm = 1.1808, lr_0 = 3.0337e-04
Loss = 3.9180e-01, PNorm = 43.0178, GNorm = 1.1542, lr_0 = 3.0197e-04
Loss = 3.7040e-01, PNorm = 43.0284, GNorm = 1.7755, lr_0 = 3.0058e-04
Loss = 3.7090e-01, PNorm = 43.0411, GNorm = 1.3095, lr_0 = 2.9920e-04
Loss = 3.1897e-01, PNorm = 43.0555, GNorm = 1.5865, lr_0 = 2.9782e-04
Validation r2 = 0.570214
Epoch 27
Loss = 3.3071e-01, PNorm = 43.0689, GNorm = 1.3819, lr_0 = 2.9645e-04
Loss = 2.9653e-01, PNorm = 43.0816, GNorm = 1.8092, lr_0 = 2.9509e-04
Loss = 3.0795e-01, PNorm = 43.0899, GNorm = 1.5145, lr_0 = 2.9373e-04
Loss = 3.3519e-01, PNorm = 43.1011, GNorm = 1.4090, lr_0 = 2.9238e-04
Loss = 3.2972e-01, PNorm = 43.1150, GNorm = 1.9605, lr_0 = 2.9103e-04
Loss = 3.2402e-01, PNorm = 43.1269, GNorm = 1.6757, lr_0 = 2.8969e-04
Loss = 3.1503e-01, PNorm = 43.1386, GNorm = 1.3373, lr_0 = 2.8836e-04
Loss = 3.3798e-01, PNorm = 43.1503, GNorm = 1.2896, lr_0 = 2.8703e-04
Loss = 3.3203e-01, PNorm = 43.1627, GNorm = 2.0586, lr_0 = 2.8571e-04
Loss = 3.1407e-01, PNorm = 43.1721, GNorm = 1.8593, lr_0 = 2.8440e-04
Validation r2 = 0.570431
Epoch 28
Loss = 3.2679e-01, PNorm = 43.1827, GNorm = 2.1276, lr_0 = 2.8309e-04
Loss = 2.8411e-01, PNorm = 43.1944, GNorm = 1.5169, lr_0 = 2.8179e-04
Loss = 2.9882e-01, PNorm = 43.2038, GNorm = 1.1700, lr_0 = 2.8049e-04
Loss = 2.7593e-01, PNorm = 43.2126, GNorm = 0.8403, lr_0 = 2.7920e-04
Loss = 3.3119e-01, PNorm = 43.2272, GNorm = 1.2035, lr_0 = 2.7791e-04
Loss = 2.8483e-01, PNorm = 43.2400, GNorm = 1.2751, lr_0 = 2.7663e-04
Loss = 3.4585e-01, PNorm = 43.2470, GNorm = 1.2218, lr_0 = 2.7536e-04
Loss = 3.2664e-01, PNorm = 43.2557, GNorm = 1.8769, lr_0 = 2.7409e-04
Loss = 3.4593e-01, PNorm = 43.2640, GNorm = 1.4665, lr_0 = 2.7283e-04
Loss = 3.0838e-01, PNorm = 43.2742, GNorm = 1.1602, lr_0 = 2.7158e-04
Loss = 3.1199e-01, PNorm = 43.2859, GNorm = 1.0187, lr_0 = 2.7033e-04
Validation r2 = 0.579452
Epoch 29
Loss = 3.0217e-01, PNorm = 43.2926, GNorm = 1.3909, lr_0 = 2.6908e-04
Loss = 3.3106e-01, PNorm = 43.3044, GNorm = 1.6472, lr_0 = 2.6785e-04
Loss = 2.9872e-01, PNorm = 43.3148, GNorm = 1.5812, lr_0 = 2.6661e-04
Loss = 2.9370e-01, PNorm = 43.3249, GNorm = 1.4240, lr_0 = 2.6539e-04
Loss = 3.0835e-01, PNorm = 43.3355, GNorm = 1.3301, lr_0 = 2.6416e-04
Loss = 3.3256e-01, PNorm = 43.3426, GNorm = 1.4565, lr_0 = 2.6295e-04
Loss = 3.5770e-01, PNorm = 43.3545, GNorm = 1.3476, lr_0 = 2.6174e-04
Loss = 2.6964e-01, PNorm = 43.3651, GNorm = 1.6377, lr_0 = 2.6053e-04
Loss = 2.9975e-01, PNorm = 43.3742, GNorm = 2.3468, lr_0 = 2.5934e-04
Loss = 3.0285e-01, PNorm = 43.3798, GNorm = 1.5524, lr_0 = 2.5814e-04
Validation r2 = 0.588896
Epoch 30
Loss = 3.0570e-01, PNorm = 43.3870, GNorm = 2.1800, lr_0 = 2.5695e-04
Loss = 3.1445e-01, PNorm = 43.4014, GNorm = 1.1862, lr_0 = 2.5577e-04
Loss = 3.0078e-01, PNorm = 43.4157, GNorm = 1.3047, lr_0 = 2.5459e-04
Loss = 3.1005e-01, PNorm = 43.4282, GNorm = 1.4540, lr_0 = 2.5342e-04
Loss = 3.1751e-01, PNorm = 43.4383, GNorm = 1.4056, lr_0 = 2.5226e-04
Loss = 2.8157e-01, PNorm = 43.4454, GNorm = 1.2321, lr_0 = 2.5110e-04
Loss = 2.8377e-01, PNorm = 43.4511, GNorm = 1.6402, lr_0 = 2.4994e-04
Loss = 3.1834e-01, PNorm = 43.4560, GNorm = 1.2647, lr_0 = 2.4879e-04
Loss = 3.4564e-01, PNorm = 43.4632, GNorm = 2.8146, lr_0 = 2.4765e-04
Loss = 3.2760e-01, PNorm = 43.4706, GNorm = 1.5771, lr_0 = 2.4651e-04
Loss = 2.9963e-01, PNorm = 43.4798, GNorm = 1.7147, lr_0 = 2.4537e-04
Validation r2 = 0.569832
Epoch 31
Loss = 3.1761e-01, PNorm = 43.4841, GNorm = 1.2455, lr_0 = 2.4413e-04
Loss = 3.2350e-01, PNorm = 43.4938, GNorm = 1.6320, lr_0 = 2.4301e-04
Loss = 3.2224e-01, PNorm = 43.5071, GNorm = 1.9327, lr_0 = 2.4189e-04
Loss = 2.8374e-01, PNorm = 43.5162, GNorm = 1.4779, lr_0 = 2.4077e-04
Loss = 2.5365e-01, PNorm = 43.5257, GNorm = 1.0231, lr_0 = 2.3967e-04
Loss = 2.8117e-01, PNorm = 43.5365, GNorm = 1.2255, lr_0 = 2.3856e-04
Loss = 2.8369e-01, PNorm = 43.5460, GNorm = 1.6235, lr_0 = 2.3747e-04
Loss = 3.1022e-01, PNorm = 43.5535, GNorm = 2.4187, lr_0 = 2.3637e-04
Loss = 3.4620e-01, PNorm = 43.5604, GNorm = 1.3362, lr_0 = 2.3529e-04
Loss = 2.8698e-01, PNorm = 43.5672, GNorm = 1.4746, lr_0 = 2.3420e-04
Validation r2 = 0.593455
Epoch 32
Loss = 2.7809e-01, PNorm = 43.5745, GNorm = 1.1358, lr_0 = 2.3312e-04
Loss = 2.9718e-01, PNorm = 43.5867, GNorm = 1.5475, lr_0 = 2.3205e-04
Loss = 2.9896e-01, PNorm = 43.5992, GNorm = 1.3350, lr_0 = 2.3098e-04
Loss = 2.8212e-01, PNorm = 43.6069, GNorm = 1.3876, lr_0 = 2.2992e-04
Loss = 2.6070e-01, PNorm = 43.6151, GNorm = 1.0724, lr_0 = 2.2886e-04
Loss = 2.8286e-01, PNorm = 43.6250, GNorm = 0.9618, lr_0 = 2.2781e-04
Loss = 3.3153e-01, PNorm = 43.6304, GNorm = 1.3070, lr_0 = 2.2676e-04
Loss = 3.4239e-01, PNorm = 43.6378, GNorm = 1.4202, lr_0 = 2.2572e-04
Loss = 3.0051e-01, PNorm = 43.6451, GNorm = 1.6121, lr_0 = 2.2468e-04
Loss = 3.3794e-01, PNorm = 43.6516, GNorm = 1.1006, lr_0 = 2.2365e-04
Loss = 2.7294e-01, PNorm = 43.6598, GNorm = 1.3201, lr_0 = 2.2262e-04
Validation r2 = 0.585687
Epoch 33
Loss = 2.8712e-01, PNorm = 43.6657, GNorm = 2.1404, lr_0 = 2.2159e-04
Loss = 2.8013e-01, PNorm = 43.6752, GNorm = 1.1901, lr_0 = 2.2057e-04
Loss = 2.6000e-01, PNorm = 43.6795, GNorm = 2.0588, lr_0 = 2.1956e-04
Loss = 3.2495e-01, PNorm = 43.6849, GNorm = 1.5024, lr_0 = 2.1855e-04
Loss = 2.8620e-01, PNorm = 43.6922, GNorm = 1.4322, lr_0 = 2.1754e-04
Loss = 2.9998e-01, PNorm = 43.6991, GNorm = 1.8768, lr_0 = 2.1654e-04
Loss = 2.8969e-01, PNorm = 43.7060, GNorm = 0.9795, lr_0 = 2.1554e-04
Loss = 2.9700e-01, PNorm = 43.7150, GNorm = 1.3733, lr_0 = 2.1455e-04
Loss = 3.2159e-01, PNorm = 43.7230, GNorm = 1.0524, lr_0 = 2.1356e-04
Loss = 2.7001e-01, PNorm = 43.7317, GNorm = 1.5353, lr_0 = 2.1258e-04
Validation r2 = 0.580188
Epoch 34
Loss = 1.9458e-01, PNorm = 43.7405, GNorm = 1.1657, lr_0 = 2.1160e-04
Loss = 3.1958e-01, PNorm = 43.7490, GNorm = 1.2412, lr_0 = 2.1063e-04
Loss = 2.7327e-01, PNorm = 43.7551, GNorm = 1.2736, lr_0 = 2.0966e-04
Loss = 3.0141e-01, PNorm = 43.7617, GNorm = 2.1022, lr_0 = 2.0869e-04
Loss = 3.0253e-01, PNorm = 43.7701, GNorm = 1.4113, lr_0 = 2.0773e-04
Loss = 2.7292e-01, PNorm = 43.7789, GNorm = 1.5091, lr_0 = 2.0678e-04
Loss = 2.6233e-01, PNorm = 43.7836, GNorm = 1.3892, lr_0 = 2.0583e-04
Loss = 2.9830e-01, PNorm = 43.7900, GNorm = 1.5056, lr_0 = 2.0488e-04
Loss = 2.7777e-01, PNorm = 43.7974, GNorm = 1.7579, lr_0 = 2.0394e-04
Loss = 3.1055e-01, PNorm = 43.8046, GNorm = 1.4311, lr_0 = 2.0300e-04
Loss = 3.2392e-01, PNorm = 43.8127, GNorm = 1.6579, lr_0 = 2.0206e-04
Validation r2 = 0.580844
Epoch 35
Loss = 3.1208e-01, PNorm = 43.8203, GNorm = 1.3390, lr_0 = 2.0113e-04
Loss = 3.0638e-01, PNorm = 43.8277, GNorm = 1.4626, lr_0 = 2.0021e-04
Loss = 2.7238e-01, PNorm = 43.8354, GNorm = 1.6954, lr_0 = 1.9929e-04
Loss = 2.9216e-01, PNorm = 43.8417, GNorm = 1.8132, lr_0 = 1.9837e-04
Loss = 2.6298e-01, PNorm = 43.8484, GNorm = 1.4630, lr_0 = 1.9746e-04
Loss = 2.5681e-01, PNorm = 43.8553, GNorm = 1.3833, lr_0 = 1.9655e-04
Loss = 2.9305e-01, PNorm = 43.8589, GNorm = 1.4101, lr_0 = 1.9564e-04
Loss = 2.7620e-01, PNorm = 43.8643, GNorm = 1.9002, lr_0 = 1.9474e-04
Loss = 2.3368e-01, PNorm = 43.8716, GNorm = 2.1443, lr_0 = 1.9385e-04
Loss = 3.3923e-01, PNorm = 43.8768, GNorm = 1.2277, lr_0 = 1.9296e-04
Validation r2 = 0.595727
Epoch 36
Loss = 2.1565e-01, PNorm = 43.8864, GNorm = 0.8891, lr_0 = 1.9207e-04
Loss = 2.6411e-01, PNorm = 43.8936, GNorm = 1.2438, lr_0 = 1.9118e-04
Loss = 2.7140e-01, PNorm = 43.9006, GNorm = 2.2451, lr_0 = 1.9030e-04
Loss = 2.6172e-01, PNorm = 43.9079, GNorm = 2.2613, lr_0 = 1.8943e-04
Loss = 2.7299e-01, PNorm = 43.9126, GNorm = 1.7277, lr_0 = 1.8856e-04
Loss = 2.6501e-01, PNorm = 43.9166, GNorm = 1.0445, lr_0 = 1.8769e-04
Loss = 2.8781e-01, PNorm = 43.9232, GNorm = 1.3398, lr_0 = 1.8682e-04
Loss = 3.3328e-01, PNorm = 43.9302, GNorm = 1.4394, lr_0 = 1.8596e-04
Loss = 3.0884e-01, PNorm = 43.9369, GNorm = 1.8088, lr_0 = 1.8511e-04
Loss = 2.9622e-01, PNorm = 43.9430, GNorm = 1.5568, lr_0 = 1.8426e-04
Loss = 3.3353e-01, PNorm = 43.9500, GNorm = 1.6697, lr_0 = 1.8341e-04
Validation r2 = 0.583825
Epoch 37
Loss = 2.7298e-01, PNorm = 43.9551, GNorm = 1.6114, lr_0 = 1.8257e-04
Loss = 2.7169e-01, PNorm = 43.9590, GNorm = 1.2974, lr_0 = 1.8173e-04
Loss = 2.5263e-01, PNorm = 43.9646, GNorm = 2.1642, lr_0 = 1.8089e-04
Loss = 2.7589e-01, PNorm = 43.9741, GNorm = 1.0835, lr_0 = 1.8006e-04
Loss = 2.8836e-01, PNorm = 43.9833, GNorm = 1.3658, lr_0 = 1.7923e-04
Loss = 2.8907e-01, PNorm = 43.9901, GNorm = 2.3780, lr_0 = 1.7840e-04
Loss = 2.7696e-01, PNorm = 43.9948, GNorm = 1.6619, lr_0 = 1.7758e-04
Loss = 2.7134e-01, PNorm = 44.0006, GNorm = 1.1306, lr_0 = 1.7676e-04
Loss = 2.9321e-01, PNorm = 44.0068, GNorm = 1.0240, lr_0 = 1.7595e-04
Loss = 2.9460e-01, PNorm = 44.0127, GNorm = 1.3259, lr_0 = 1.7514e-04
Validation r2 = 0.590986
Epoch 38
Loss = 2.6211e-01, PNorm = 44.0194, GNorm = 1.4140, lr_0 = 1.7434e-04
Loss = 2.8114e-01, PNorm = 44.0254, GNorm = 1.3617, lr_0 = 1.7353e-04
Loss = 2.8155e-01, PNorm = 44.0329, GNorm = 1.6132, lr_0 = 1.7273e-04
Loss = 2.5960e-01, PNorm = 44.0388, GNorm = 1.1090, lr_0 = 1.7194e-04
Loss = 2.8161e-01, PNorm = 44.0448, GNorm = 2.0138, lr_0 = 1.7115e-04
Loss = 3.2874e-01, PNorm = 44.0505, GNorm = 1.8051, lr_0 = 1.7036e-04
Loss = 2.9014e-01, PNorm = 44.0529, GNorm = 1.3388, lr_0 = 1.6958e-04
Loss = 2.4860e-01, PNorm = 44.0559, GNorm = 1.1846, lr_0 = 1.6880e-04
Loss = 2.7636e-01, PNorm = 44.0602, GNorm = 1.2080, lr_0 = 1.6802e-04
Loss = 2.8182e-01, PNorm = 44.0648, GNorm = 1.1312, lr_0 = 1.6725e-04
Loss = 2.7203e-01, PNorm = 44.0703, GNorm = 2.0717, lr_0 = 1.6648e-04
Validation r2 = 0.598420
Epoch 39
Loss = 2.7528e-01, PNorm = 44.0769, GNorm = 1.6545, lr_0 = 1.6571e-04
Loss = 2.6622e-01, PNorm = 44.0823, GNorm = 1.0263, lr_0 = 1.6495e-04
Loss = 2.5934e-01, PNorm = 44.0867, GNorm = 1.3511, lr_0 = 1.6419e-04
Loss = 2.5347e-01, PNorm = 44.0922, GNorm = 1.5640, lr_0 = 1.6343e-04
Loss = 2.5470e-01, PNorm = 44.0982, GNorm = 1.3887, lr_0 = 1.6268e-04
Loss = 2.8373e-01, PNorm = 44.1007, GNorm = 1.7268, lr_0 = 1.6193e-04
Loss = 2.3420e-01, PNorm = 44.1057, GNorm = 1.4062, lr_0 = 1.6119e-04
Loss = 2.9791e-01, PNorm = 44.1121, GNorm = 1.6186, lr_0 = 1.6045e-04
Loss = 3.3940e-01, PNorm = 44.1150, GNorm = 1.6083, lr_0 = 1.5971e-04
Loss = 3.0645e-01, PNorm = 44.1198, GNorm = 1.6897, lr_0 = 1.5897e-04
Validation r2 = 0.597980
Epoch 40
Loss = 2.6715e-01, PNorm = 44.1262, GNorm = 2.6558, lr_0 = 1.5824e-04
Loss = 2.5080e-01, PNorm = 44.1317, GNorm = 1.2434, lr_0 = 1.5751e-04
Loss = 3.0714e-01, PNorm = 44.1354, GNorm = 1.5541, lr_0 = 1.5679e-04
Loss = 2.4552e-01, PNorm = 44.1416, GNorm = 1.1577, lr_0 = 1.5607e-04
Loss = 3.0768e-01, PNorm = 44.1461, GNorm = 1.8943, lr_0 = 1.5535e-04
Loss = 2.8355e-01, PNorm = 44.1496, GNorm = 1.3881, lr_0 = 1.5463e-04
Loss = 2.8145e-01, PNorm = 44.1531, GNorm = 1.5426, lr_0 = 1.5392e-04
Loss = 2.4100e-01, PNorm = 44.1580, GNorm = 1.3756, lr_0 = 1.5321e-04
Loss = 2.8818e-01, PNorm = 44.1637, GNorm = 1.4087, lr_0 = 1.5251e-04
Loss = 2.8439e-01, PNorm = 44.1671, GNorm = 1.0428, lr_0 = 1.5181e-04
Loss = 2.5900e-01, PNorm = 44.1712, GNorm = 2.1950, lr_0 = 1.5111e-04
Loss = 2.5358e-01, PNorm = 44.1716, GNorm = 1.5119, lr_0 = 1.5104e-04
Validation r2 = 0.602092
Epoch 41
Loss = 2.6396e-01, PNorm = 44.1754, GNorm = 1.5154, lr_0 = 1.5034e-04
Loss = 2.8136e-01, PNorm = 44.1803, GNorm = 1.2553, lr_0 = 1.4965e-04
Loss = 2.8815e-01, PNorm = 44.1855, GNorm = 1.2180, lr_0 = 1.4896e-04
Loss = 2.8332e-01, PNorm = 44.1906, GNorm = 1.4923, lr_0 = 1.4828e-04
Loss = 3.0603e-01, PNorm = 44.1936, GNorm = 1.8828, lr_0 = 1.4759e-04
Loss = 2.8786e-01, PNorm = 44.1973, GNorm = 1.1229, lr_0 = 1.4692e-04
Loss = 2.9725e-01, PNorm = 44.2020, GNorm = 1.5216, lr_0 = 1.4624e-04
Loss = 2.5842e-01, PNorm = 44.2052, GNorm = 2.0760, lr_0 = 1.4557e-04
Loss = 2.5734e-01, PNorm = 44.2097, GNorm = 1.3038, lr_0 = 1.4490e-04
Loss = 2.7513e-01, PNorm = 44.2160, GNorm = 1.3103, lr_0 = 1.4423e-04
Validation r2 = 0.596832
Epoch 42
Loss = 2.4434e-01, PNorm = 44.2231, GNorm = 1.3129, lr_0 = 1.4357e-04
Loss = 2.5985e-01, PNorm = 44.2291, GNorm = 1.0812, lr_0 = 1.4291e-04
Loss = 2.7101e-01, PNorm = 44.2320, GNorm = 1.4915, lr_0 = 1.4225e-04
Loss = 3.0453e-01, PNorm = 44.2355, GNorm = 2.0523, lr_0 = 1.4159e-04
Loss = 2.3317e-01, PNorm = 44.2390, GNorm = 1.0956, lr_0 = 1.4094e-04
Loss = 2.5801e-01, PNorm = 44.2436, GNorm = 1.6043, lr_0 = 1.4029e-04
Loss = 2.7508e-01, PNorm = 44.2492, GNorm = 1.9101, lr_0 = 1.3965e-04
Loss = 2.8318e-01, PNorm = 44.2556, GNorm = 1.5930, lr_0 = 1.3900e-04
Loss = 2.5015e-01, PNorm = 44.2623, GNorm = 2.4526, lr_0 = 1.3836e-04
Loss = 2.7569e-01, PNorm = 44.2666, GNorm = 1.0569, lr_0 = 1.3773e-04
Loss = 3.1105e-01, PNorm = 44.2696, GNorm = 1.4876, lr_0 = 1.3709e-04
Validation r2 = 0.602642
Epoch 43
Loss = 2.5651e-01, PNorm = 44.2748, GNorm = 1.8467, lr_0 = 1.3646e-04
Loss = 2.6175e-01, PNorm = 44.2797, GNorm = 1.1805, lr_0 = 1.3584e-04
Loss = 2.5877e-01, PNorm = 44.2839, GNorm = 1.2245, lr_0 = 1.3521e-04
Loss = 2.5506e-01, PNorm = 44.2875, GNorm = 1.7109, lr_0 = 1.3459e-04
Loss = 2.5320e-01, PNorm = 44.2905, GNorm = 1.2159, lr_0 = 1.3397e-04
Loss = 2.7853e-01, PNorm = 44.2939, GNorm = 1.2644, lr_0 = 1.3335e-04
Loss = 2.6209e-01, PNorm = 44.2986, GNorm = 1.3057, lr_0 = 1.3274e-04
Loss = 2.9219e-01, PNorm = 44.3033, GNorm = 1.9150, lr_0 = 1.3213e-04
Loss = 2.9327e-01, PNorm = 44.3081, GNorm = 1.1852, lr_0 = 1.3152e-04
Loss = 2.7954e-01, PNorm = 44.3127, GNorm = 1.4304, lr_0 = 1.3091e-04
Validation r2 = 0.602116
Epoch 44
Loss = 2.4855e-01, PNorm = 44.3172, GNorm = 1.4852, lr_0 = 1.3031e-04
Loss = 2.5174e-01, PNorm = 44.3212, GNorm = 1.6896, lr_0 = 1.2971e-04
Loss = 2.3608e-01, PNorm = 44.3255, GNorm = 1.4577, lr_0 = 1.2912e-04
Loss = 2.3483e-01, PNorm = 44.3304, GNorm = 1.1269, lr_0 = 1.2852e-04
Loss = 2.9974e-01, PNorm = 44.3342, GNorm = 2.0163, lr_0 = 1.2793e-04
Loss = 2.9026e-01, PNorm = 44.3379, GNorm = 1.4758, lr_0 = 1.2734e-04
Loss = 2.6590e-01, PNorm = 44.3420, GNorm = 1.6849, lr_0 = 1.2675e-04
Loss = 2.7541e-01, PNorm = 44.3462, GNorm = 1.7336, lr_0 = 1.2617e-04
Loss = 2.6206e-01, PNorm = 44.3512, GNorm = 1.6329, lr_0 = 1.2559e-04
Loss = 2.7760e-01, PNorm = 44.3548, GNorm = 2.0112, lr_0 = 1.2501e-04
Loss = 2.7202e-01, PNorm = 44.3577, GNorm = 1.1893, lr_0 = 1.2444e-04
Validation r2 = 0.598214
Epoch 45
Loss = 2.8578e-01, PNorm = 44.3597, GNorm = 1.4498, lr_0 = 1.2387e-04
Loss = 2.3797e-01, PNorm = 44.3642, GNorm = 2.0197, lr_0 = 1.2330e-04
Loss = 2.6231e-01, PNorm = 44.3679, GNorm = 1.4293, lr_0 = 1.2273e-04
Loss = 2.4621e-01, PNorm = 44.3728, GNorm = 1.6673, lr_0 = 1.2216e-04
Loss = 2.5664e-01, PNorm = 44.3767, GNorm = 1.5755, lr_0 = 1.2160e-04
Loss = 2.4173e-01, PNorm = 44.3811, GNorm = 1.5018, lr_0 = 1.2104e-04
Loss = 2.5302e-01, PNorm = 44.3853, GNorm = 2.6270, lr_0 = 1.2048e-04
Loss = 2.8964e-01, PNorm = 44.3886, GNorm = 2.1865, lr_0 = 1.1993e-04
Loss = 2.5492e-01, PNorm = 44.3912, GNorm = 1.9355, lr_0 = 1.1938e-04
Loss = 2.6654e-01, PNorm = 44.3958, GNorm = 2.1446, lr_0 = 1.1883e-04
Validation r2 = 0.605862
Epoch 46
Loss = 2.2033e-01, PNorm = 44.3999, GNorm = 2.1553, lr_0 = 1.1828e-04
Loss = 2.8110e-01, PNorm = 44.4037, GNorm = 1.9879, lr_0 = 1.1774e-04
Loss = 2.5061e-01, PNorm = 44.4071, GNorm = 1.3024, lr_0 = 1.1720e-04
Loss = 2.6588e-01, PNorm = 44.4121, GNorm = 2.3619, lr_0 = 1.1666e-04
Loss = 2.3961e-01, PNorm = 44.4164, GNorm = 1.8301, lr_0 = 1.1612e-04
Loss = 2.9630e-01, PNorm = 44.4196, GNorm = 2.0171, lr_0 = 1.1558e-04
Loss = 2.7802e-01, PNorm = 44.4231, GNorm = 1.6318, lr_0 = 1.1505e-04
Loss = 2.6196e-01, PNorm = 44.4258, GNorm = 1.4677, lr_0 = 1.1452e-04
Loss = 2.3671e-01, PNorm = 44.4288, GNorm = 1.2205, lr_0 = 1.1400e-04
Loss = 2.4271e-01, PNorm = 44.4317, GNorm = 1.4895, lr_0 = 1.1347e-04
Loss = 2.6285e-01, PNorm = 44.4332, GNorm = 1.7171, lr_0 = 1.1295e-04
Validation r2 = 0.602112
Epoch 47
Loss = 2.5610e-01, PNorm = 44.4372, GNorm = 1.4859, lr_0 = 1.1243e-04
Loss = 2.2090e-01, PNorm = 44.4412, GNorm = 1.2184, lr_0 = 1.1191e-04
Loss = 2.7174e-01, PNorm = 44.4436, GNorm = 1.7383, lr_0 = 1.1140e-04
Loss = 2.5097e-01, PNorm = 44.4451, GNorm = 1.4877, lr_0 = 1.1088e-04
Loss = 2.8350e-01, PNorm = 44.4497, GNorm = 1.5291, lr_0 = 1.1037e-04
Loss = 2.6340e-01, PNorm = 44.4539, GNorm = 1.2383, lr_0 = 1.0987e-04
Loss = 2.3023e-01, PNorm = 44.4575, GNorm = 1.8882, lr_0 = 1.0936e-04
Loss = 2.9413e-01, PNorm = 44.4604, GNorm = 1.5919, lr_0 = 1.0886e-04
Loss = 2.7586e-01, PNorm = 44.4629, GNorm = 1.5058, lr_0 = 1.0836e-04
Loss = 2.4251e-01, PNorm = 44.4662, GNorm = 1.2912, lr_0 = 1.0786e-04
Validation r2 = 0.604855
Epoch 48
Loss = 2.1992e-01, PNorm = 44.4709, GNorm = 1.4558, lr_0 = 1.0736e-04
Loss = 2.3497e-01, PNorm = 44.4746, GNorm = 1.6079, lr_0 = 1.0687e-04
Loss = 2.7552e-01, PNorm = 44.4776, GNorm = 1.3415, lr_0 = 1.0638e-04
Loss = 2.5579e-01, PNorm = 44.4801, GNorm = 1.1644, lr_0 = 1.0589e-04
Loss = 2.5017e-01, PNorm = 44.4840, GNorm = 1.7897, lr_0 = 1.0540e-04
Loss = 2.6455e-01, PNorm = 44.4884, GNorm = 1.6199, lr_0 = 1.0491e-04
Loss = 2.6179e-01, PNorm = 44.4927, GNorm = 1.4577, lr_0 = 1.0443e-04
Loss = 2.5965e-01, PNorm = 44.4952, GNorm = 1.4401, lr_0 = 1.0395e-04
Loss = 2.6995e-01, PNorm = 44.4982, GNorm = 2.4463, lr_0 = 1.0347e-04
Loss = 2.6237e-01, PNorm = 44.5015, GNorm = 2.3021, lr_0 = 1.0300e-04
Loss = 2.4879e-01, PNorm = 44.5037, GNorm = 1.3448, lr_0 = 1.0252e-04
Validation r2 = 0.605304
Epoch 49
Loss = 2.4485e-01, PNorm = 44.5053, GNorm = 1.9620, lr_0 = 1.0205e-04
Loss = 2.7119e-01, PNorm = 44.5087, GNorm = 2.1583, lr_0 = 1.0158e-04
Loss = 2.3140e-01, PNorm = 44.5117, GNorm = 1.5800, lr_0 = 1.0111e-04
Loss = 2.6490e-01, PNorm = 44.5137, GNorm = 1.7662, lr_0 = 1.0065e-04
Loss = 2.8067e-01, PNorm = 44.5164, GNorm = 1.3106, lr_0 = 1.0018e-04
Loss = 2.7071e-01, PNorm = 44.5192, GNorm = 2.3600, lr_0 = 1.0000e-04
Loss = 2.7548e-01, PNorm = 44.5226, GNorm = 2.5209, lr_0 = 1.0000e-04
Loss = 2.3565e-01, PNorm = 44.5259, GNorm = 1.6792, lr_0 = 1.0000e-04
Loss = 2.2830e-01, PNorm = 44.5274, GNorm = 0.9605, lr_0 = 1.0000e-04
Loss = 2.4385e-01, PNorm = 44.5294, GNorm = 1.4359, lr_0 = 1.0000e-04
Validation r2 = 0.606469
Model 0 best validation r2 = 0.606469 on epoch 49
Loading pretrained parameter "encoder.encoder.0.cached_zero_vector".
Loading pretrained parameter "encoder.encoder.0.W_i.weight".
Loading pretrained parameter "encoder.encoder.0.W_h.weight".
Loading pretrained parameter "encoder.encoder.0.W_o.weight".
Loading pretrained parameter "encoder.encoder.0.W_o.bias".
Loading pretrained parameter "ffn.1.weight".
Loading pretrained parameter "ffn.1.bias".
Loading pretrained parameter "ffn.4.weight".
Loading pretrained parameter "ffn.4.bias".
Model 0 test r2 = 0.662616
Ensemble test r2 = 0.662616
5-fold cross validation
	Seed 0 ==> test r2 = 0.628943
	Seed 1 ==> test r2 = 0.619170
	Seed 2 ==> test r2 = 0.616507
	Seed 3 ==> test r2 = 0.564165
	Seed 4 ==> test r2 = 0.662616
Overall test r2 = 0.618280 +/- 0.031660
Elapsed time = 1:18:03
Command line
python /home/maria/anaconda3/envs/crem_ml/lib/python3.7/site-packages/ipykernel_launcher.py -f /home/maria/.local/share/jupyter/runtime/kernel-36e411c2-b361-467e-8e06-666ea8cc6895.json
Args
{'activation': 'ReLU',
 'adding_h': False,
 'aggregation': 'mean',
 'aggregation_norm': 100,
 'atom_descriptor_scaling': True,
 'atom_descriptors': None,
 'atom_descriptors_path': None,
 'atom_descriptors_size': 0,
 'atom_features_size': 0,
 'atom_messages': False,
 'batch_size': 50,
 'bias': False,
 'bias_solvent': False,
 'bond_feature_scaling': True,
 'bond_features_path': None,
 'bond_features_size': 0,
 'cache_cutoff': 10000,
 'checkpoint_dir': None,
 'checkpoint_frzn': None,
 'checkpoint_path': None,
 'checkpoint_paths': None,
 'class_balance': False,
 'config_path': None,
 'crossval_index_dir': None,
 'crossval_index_file': None,
 'crossval_index_sets': None,
 'cuda': False,
 'data_path': './files_pdgfr_vegfr_write_sdfs/chembl_1913_Hs.smi',
 'data_weights_path': None,
 'dataset_type': 'regression',
 'depth': 3,
 'depth_solvent': 3,
 'device': device(type='cpu'),
 'dropout': 0.1,
 'empty_cache': False,
 'ensemble_size': 1,
 'epochs': 30,
 'evidential_regularization': 0,
 'explicit_h': True,
 'extra_metrics': [],
 'features_generator': None,
 'features_only': False,
 'features_path': None,
 'features_scaling': True,
 'features_size': None,
 'ffn_hidden_size': 300,
 'ffn_num_layers': 2,
 'final_lr': 0.0001,
 'folds_file': None,
 'freeze_first_only': False,
 'frzn_ffn_layers': 0,
 'gpu': None,
 'grad_clip': None,
 'hidden_size': 300,
 'hidden_size_solvent': 300,
 'ignore_columns': None,
 'init_lr': 0.0001,
 'log_frequency': 10,
 'loss_function': 'mse',
 'max_data_size': None,
 'max_lr': 0.001,
 'metric': 'r2',
 'metrics': ['r2'],
 'minimize_score': False,
 'mpn_shared': False,
 'multiclass_num_classes': 3,
 'no_atom_descriptor_scaling': False,
 'no_bond_features_scaling': False,
 'no_cache_mol': False,
 'no_cuda': False,
 'no_features_scaling': False,
 'num_folds': 5,
 'num_lrs': 1,
 'num_tasks': 1,
 'num_workers': 8,
 'number_of_molecules': 1,
 'overwrite_default_atom_features': False,
 'overwrite_default_bond_features': False,
 'phase_features_path': None,
 'pytorch_seed': 0,
 'quiet': False,
 'reaction': False,
 'reaction_mode': 'reac_diff',
 'reaction_solvent': False,
 'resume_experiment': False,
 'save_dir': '1913_checkpoints',
 'save_preds': False,
 'save_smiles_splits': False,
 'seed': 0,
 'separate_test_atom_descriptors_path': None,
 'separate_test_bond_features_path': None,
 'separate_test_features_path': None,
 'separate_test_path': None,
 'separate_test_phase_features_path': None,
 'separate_val_atom_descriptors_path': None,
 'separate_val_bond_features_path': None,
 'separate_val_features_path': None,
 'separate_val_path': None,
 'separate_val_phase_features_path': None,
 'show_individual_scores': False,
 'smiles_columns': ['SMILES'],
 'spectra_activation': 'exp',
 'spectra_phase_mask_path': None,
 'spectra_target_floor': 1e-08,
 'split_key_molecule': 0,
 'split_sizes': [0.8, 0.1, 0.1],
 'split_type': 'random',
 'target_columns': None,
 'target_weights': None,
 'task_names': ['activity'],
 'test': False,
 'test_fold_index': None,
 'train_data_size': None,
 'undirected': False,
 'use_input_features': False,
 'val_fold_index': None,
 'warmup_epochs': 2.0}
Setting molecule featurization parameters to default.
Loading data
Number of tasks = 1
Fold 0
Splitting data with seed 0
Total size = 948 | train size = 758 | val size = 95 | test size = 95
Fitting scaler
Building model 0
MoleculeModel(
  (encoder): MPN(
    (encoder): ModuleList(
      (0): MPNEncoder(
        (dropout_layer): Dropout(p=0.1, inplace=False)
        (act_func): ReLU()
        (W_i): Linear(in_features=147, out_features=300, bias=False)
        (W_h): Linear(in_features=300, out_features=300, bias=False)
        (W_o): Linear(in_features=433, out_features=300, bias=True)
      )
    )
  )
  (ffn): Sequential(
    (0): Dropout(p=0.1, inplace=False)
    (1): Linear(in_features=300, out_features=300, bias=True)
    (2): ReLU()
    (3): Dropout(p=0.1, inplace=False)
    (4): Linear(in_features=300, out_features=1, bias=True)
  )
)
Number of parameters = 355,201
Epoch 0
Loss = 1.0229e+00, PNorm = 34.0112, GNorm = 1.6606, lr_0 = 4.3000e-04
Validation r2 = -0.102793
Epoch 1
Loss = 1.0248e+00, PNorm = 34.0177, GNorm = 3.2549, lr_0 = 7.6000e-04
Loss = 1.0252e+00, PNorm = 34.0359, GNorm = 0.7522, lr_0 = 9.8910e-04
Loss = 1.4725e+00, PNorm = 34.0383, GNorm = 5.0110, lr_0 = 9.8369e-04
Validation r2 = 0.043714
Epoch 2
Loss = 9.9698e-01, PNorm = 34.0674, GNorm = 0.7641, lr_0 = 9.3121e-04
Validation r2 = 0.060147
Epoch 3
Loss = 9.7159e-01, PNorm = 34.0983, GNorm = 2.3305, lr_0 = 8.7671e-04
Loss = 9.7032e-01, PNorm = 34.1321, GNorm = 4.9382, lr_0 = 8.2994e-04
Loss = 7.2952e-01, PNorm = 34.1358, GNorm = 2.8334, lr_0 = 8.2540e-04
Validation r2 = 0.115243
Epoch 4
Loss = 9.6224e-01, PNorm = 34.1801, GNorm = 3.8901, lr_0 = 7.8137e-04
Validation r2 = 0.105395
Epoch 5
Loss = 9.3323e-01, PNorm = 34.2322, GNorm = 1.1048, lr_0 = 7.3564e-04
Loss = 9.0367e-01, PNorm = 34.2822, GNorm = 0.8441, lr_0 = 6.9640e-04
Loss = 8.6993e-01, PNorm = 34.2876, GNorm = 2.1503, lr_0 = 6.9259e-04
Validation r2 = 0.139017
Epoch 6
Loss = 9.0751e-01, PNorm = 34.3429, GNorm = 1.2369, lr_0 = 6.5564e-04
Validation r2 = 0.235603
Epoch 7
Loss = 9.7704e-01, PNorm = 34.4045, GNorm = 5.3532, lr_0 = 6.2066e-04
Loss = 8.5618e-01, PNorm = 34.4569, GNorm = 0.9389, lr_0 = 5.8755e-04
Validation r2 = 0.191750
Epoch 8
Loss = 7.9488e-01, PNorm = 34.5176, GNorm = 1.0137, lr_0 = 5.5317e-04
Validation r2 = 0.334785
Epoch 9
Loss = 6.6266e-01, PNorm = 34.5866, GNorm = 1.5820, lr_0 = 5.2079e-04
Loss = 6.5479e-01, PNorm = 34.6515, GNorm = 3.4781, lr_0 = 4.9301e-04
Validation r2 = 0.192947
Epoch 10
Loss = 6.8292e-01, PNorm = 34.7120, GNorm = 2.6101, lr_0 = 4.6416e-04
Validation r2 = 0.260453
Epoch 11
Loss = 7.2847e-01, PNorm = 34.7640, GNorm = 1.6847, lr_0 = 4.3699e-04
Loss = 6.4008e-01, PNorm = 34.8098, GNorm = 3.0457, lr_0 = 4.1368e-04
Validation r2 = 0.462739
Epoch 12
Loss = 5.8586e-01, PNorm = 34.8532, GNorm = 2.7440, lr_0 = 3.8947e-04
Validation r2 = 0.481246
Epoch 13
Loss = 4.9965e-01, PNorm = 34.8866, GNorm = 2.7566, lr_0 = 3.6869e-04
Loss = 5.3162e-01, PNorm = 34.9135, GNorm = 5.7411, lr_0 = 3.4903e-04
Validation r2 = 0.476684
Epoch 14
Loss = 5.5768e-01, PNorm = 34.9349, GNorm = 1.0431, lr_0 = 3.2860e-04
Validation r2 = 0.488272
Epoch 15
Loss = 4.6777e-01, PNorm = 34.9605, GNorm = 1.9627, lr_0 = 3.0937e-04
Loss = 4.9980e-01, PNorm = 34.9818, GNorm = 2.5418, lr_0 = 2.9286e-04
Validation r2 = 0.491343
Epoch 16
Loss = 5.1263e-01, PNorm = 34.9982, GNorm = 4.4598, lr_0 = 2.7573e-04
Validation r2 = 0.510654
Epoch 17
Loss = 5.9341e-01, PNorm = 35.0113, GNorm = 1.6498, lr_0 = 2.5959e-04
Loss = 4.2471e-01, PNorm = 35.0285, GNorm = 1.8467, lr_0 = 2.4574e-04
Validation r2 = 0.533802
Epoch 18
Loss = 5.0484e-01, PNorm = 35.0423, GNorm = 0.9597, lr_0 = 2.3136e-04
Validation r2 = 0.502919
Epoch 19
Loss = 4.1386e-01, PNorm = 35.0543, GNorm = 3.1919, lr_0 = 2.1902e-04
Loss = 4.2964e-01, PNorm = 35.0692, GNorm = 1.3240, lr_0 = 2.0733e-04
Validation r2 = 0.548191
Epoch 20
Loss = 4.4731e-01, PNorm = 35.0837, GNorm = 1.9768, lr_0 = 1.9520e-04
Validation r2 = 0.544011
Epoch 21
Loss = 4.4910e-01, PNorm = 35.0956, GNorm = 2.3100, lr_0 = 1.8377e-04
Loss = 3.9601e-01, PNorm = 35.1052, GNorm = 2.9576, lr_0 = 1.7397e-04
Validation r2 = 0.504214
Epoch 22
Loss = 3.7587e-01, PNorm = 35.1131, GNorm = 2.9047, lr_0 = 1.6379e-04
Validation r2 = 0.549182
Epoch 23
Loss = 4.2897e-01, PNorm = 35.1240, GNorm = 3.0759, lr_0 = 1.5420e-04
Loss = 3.9627e-01, PNorm = 35.1338, GNorm = 1.6345, lr_0 = 1.4598e-04
Validation r2 = 0.551930
Epoch 24
Loss = 4.0228e-01, PNorm = 35.1396, GNorm = 2.7513, lr_0 = 1.3743e-04
Validation r2 = 0.558495
Epoch 25
Loss = 3.2356e-01, PNorm = 35.1453, GNorm = 1.3046, lr_0 = 1.3010e-04
Loss = 4.2888e-01, PNorm = 35.1500, GNorm = 4.4930, lr_0 = 1.2316e-04
Validation r2 = 0.559197
Epoch 26
Loss = 4.1356e-01, PNorm = 35.1565, GNorm = 1.3139, lr_0 = 1.1595e-04
Validation r2 = 0.554898
Epoch 27
Loss = 3.8748e-01, PNorm = 35.1625, GNorm = 2.2409, lr_0 = 1.0917e-04
Loss = 3.7476e-01, PNorm = 35.1680, GNorm = 1.4915, lr_0 = 1.0334e-04
Validation r2 = 0.550767
Epoch 28
Loss = 3.8025e-01, PNorm = 35.1718, GNorm = 3.2331, lr_0 = 1.0000e-04
Validation r2 = 0.560161
Epoch 29
Loss = 3.9372e-01, PNorm = 35.1763, GNorm = 1.9436, lr_0 = 1.0000e-04
Loss = 4.1658e-01, PNorm = 35.1795, GNorm = 1.1050, lr_0 = 1.0000e-04
Validation r2 = 0.558088
Model 0 best validation r2 = 0.560161 on epoch 28
Loading pretrained parameter "encoder.encoder.0.cached_zero_vector".
Loading pretrained parameter "encoder.encoder.0.W_i.weight".
Loading pretrained parameter "encoder.encoder.0.W_h.weight".
Loading pretrained parameter "encoder.encoder.0.W_o.weight".
Loading pretrained parameter "encoder.encoder.0.W_o.bias".
Loading pretrained parameter "ffn.1.weight".
Loading pretrained parameter "ffn.1.bias".
Loading pretrained parameter "ffn.4.weight".
Loading pretrained parameter "ffn.4.bias".
Model 0 test r2 = 0.440370
Ensemble test r2 = 0.440370
Fold 1
Splitting data with seed 1
Total size = 948 | train size = 758 | val size = 95 | test size = 95
Fitting scaler
Building model 0
MoleculeModel(
  (encoder): MPN(
    (encoder): ModuleList(
      (0): MPNEncoder(
        (dropout_layer): Dropout(p=0.1, inplace=False)
        (act_func): ReLU()
        (W_i): Linear(in_features=147, out_features=300, bias=False)
        (W_h): Linear(in_features=300, out_features=300, bias=False)
        (W_o): Linear(in_features=433, out_features=300, bias=True)
      )
    )
  )
  (ffn): Sequential(
    (0): Dropout(p=0.1, inplace=False)
    (1): Linear(in_features=300, out_features=300, bias=True)
    (2): ReLU()
    (3): Dropout(p=0.1, inplace=False)
    (4): Linear(in_features=300, out_features=1, bias=True)
  )
)
Number of parameters = 355,201
Epoch 0
Loss = 1.0759e+00, PNorm = 34.0101, GNorm = 2.1899, lr_0 = 4.3000e-04
Validation r2 = -0.020160
Epoch 1
Loss = 9.6623e-01, PNorm = 34.0209, GNorm = 1.5737, lr_0 = 7.6000e-04
Loss = 1.1318e+00, PNorm = 34.0392, GNorm = 2.0681, lr_0 = 9.8910e-04
Loss = 1.1430e+00, PNorm = 34.0416, GNorm = 6.1309, lr_0 = 9.8369e-04
Validation r2 = -0.007458
Epoch 2
Loss = 1.0318e+00, PNorm = 34.0680, GNorm = 0.9772, lr_0 = 9.3121e-04
Validation r2 = -0.101229
Epoch 3
Loss = 9.9585e-01, PNorm = 34.0954, GNorm = 1.6474, lr_0 = 8.7671e-04
Loss = 9.7020e-01, PNorm = 34.1188, GNorm = 0.9989, lr_0 = 8.2994e-04
Loss = 6.0324e-01, PNorm = 34.1213, GNorm = 1.0069, lr_0 = 8.2540e-04
Validation r2 = 0.024355
Epoch 4
Loss = 9.3815e-01, PNorm = 34.1549, GNorm = 0.6306, lr_0 = 7.8137e-04
Validation r2 = 0.044040
Epoch 5
Loss = 8.7224e-01, PNorm = 34.1983, GNorm = 0.9965, lr_0 = 7.3564e-04
Loss = 8.7608e-01, PNorm = 34.2426, GNorm = 0.8312, lr_0 = 6.9640e-04
Loss = 8.0966e-01, PNorm = 34.2483, GNorm = 2.8737, lr_0 = 6.9259e-04
Validation r2 = 0.059869
Epoch 6
Loss = 7.9098e-01, PNorm = 34.2985, GNorm = 1.3961, lr_0 = 6.5564e-04
Validation r2 = 0.023218
Epoch 7
Loss = 8.4773e-01, PNorm = 34.3552, GNorm = 3.7701, lr_0 = 6.2066e-04
Loss = 7.8150e-01, PNorm = 34.4089, GNorm = 5.5060, lr_0 = 5.8755e-04
Validation r2 = 0.070484
Epoch 8
Loss = 8.7408e-01, PNorm = 34.4604, GNorm = 3.1119, lr_0 = 5.5317e-04
Validation r2 = 0.125911
Epoch 9
Loss = 6.2749e-01, PNorm = 34.5105, GNorm = 4.4220, lr_0 = 5.2079e-04
Loss = 7.9001e-01, PNorm = 34.5576, GNorm = 5.8862, lr_0 = 4.9301e-04
Validation r2 = 0.153519
Epoch 10
Loss = 7.6806e-01, PNorm = 34.6085, GNorm = 6.7153, lr_0 = 4.6416e-04
Validation r2 = 0.149235
Epoch 11
Loss = 6.7255e-01, PNorm = 34.6592, GNorm = 1.1654, lr_0 = 4.3699e-04
Loss = 6.0324e-01, PNorm = 34.7029, GNorm = 1.1823, lr_0 = 4.1368e-04
Validation r2 = 0.245896
Epoch 12
Loss = 5.7677e-01, PNorm = 34.7409, GNorm = 1.1945, lr_0 = 3.8947e-04
Validation r2 = 0.318900
Epoch 13
Loss = 4.8539e-01, PNorm = 34.7768, GNorm = 8.8687, lr_0 = 3.6869e-04
Loss = 5.6021e-01, PNorm = 34.8061, GNorm = 2.4884, lr_0 = 3.4903e-04
Validation r2 = 0.361115
Epoch 14
Loss = 5.1815e-01, PNorm = 34.8323, GNorm = 3.8715, lr_0 = 3.2860e-04
Validation r2 = 0.354328
Epoch 15
Loss = 4.3903e-01, PNorm = 34.8544, GNorm = 0.9814, lr_0 = 3.0937e-04
Loss = 5.2370e-01, PNorm = 34.8737, GNorm = 6.2834, lr_0 = 2.9286e-04
Validation r2 = 0.324969
Epoch 16
Loss = 4.5972e-01, PNorm = 34.8951, GNorm = 4.8435, lr_0 = 2.7573e-04
Validation r2 = 0.386478
Epoch 17
Loss = 4.4104e-01, PNorm = 34.9101, GNorm = 2.1890, lr_0 = 2.5959e-04
Loss = 4.9586e-01, PNorm = 34.9259, GNorm = 2.4108, lr_0 = 2.4574e-04
Validation r2 = 0.430843
Epoch 18
Loss = 3.9162e-01, PNorm = 34.9435, GNorm = 2.8971, lr_0 = 2.3136e-04
Validation r2 = 0.428802
Epoch 19
Loss = 4.5837e-01, PNorm = 34.9542, GNorm = 5.9843, lr_0 = 2.1902e-04
Loss = 4.6751e-01, PNorm = 34.9649, GNorm = 2.6238, lr_0 = 2.0733e-04
Validation r2 = 0.421878
Epoch 20
Loss = 4.0117e-01, PNorm = 34.9770, GNorm = 2.1589, lr_0 = 1.9520e-04
Validation r2 = 0.410251
Epoch 21
Loss = 3.2843e-01, PNorm = 34.9896, GNorm = 4.6706, lr_0 = 1.8377e-04
Loss = 4.4557e-01, PNorm = 34.9991, GNorm = 7.4348, lr_0 = 1.7397e-04
Validation r2 = 0.422254
Epoch 22
Loss = 4.9721e-01, PNorm = 35.0072, GNorm = 7.6823, lr_0 = 1.6379e-04
Validation r2 = 0.435094
Epoch 23
Loss = 3.4022e-01, PNorm = 35.0152, GNorm = 1.8567, lr_0 = 1.5420e-04
Loss = 4.3076e-01, PNorm = 35.0231, GNorm = 4.3986, lr_0 = 1.4598e-04
Validation r2 = 0.430249
Epoch 24
Loss = 4.4836e-01, PNorm = 35.0308, GNorm = 2.5343, lr_0 = 1.3743e-04
Validation r2 = 0.463668
Epoch 25
Loss = 4.9916e-01, PNorm = 35.0374, GNorm = 1.7115, lr_0 = 1.3010e-04
Loss = 4.1953e-01, PNorm = 35.0425, GNorm = 3.4702, lr_0 = 1.2316e-04
Validation r2 = 0.470397
Epoch 26
Loss = 4.2894e-01, PNorm = 35.0503, GNorm = 7.4112, lr_0 = 1.1595e-04
Validation r2 = 0.467231
Epoch 27
Loss = 6.4463e-01, PNorm = 35.0561, GNorm = 5.8411, lr_0 = 1.0917e-04
Loss = 3.7743e-01, PNorm = 35.0608, GNorm = 1.2856, lr_0 = 1.0334e-04
Validation r2 = 0.477965
Epoch 28
Loss = 3.9767e-01, PNorm = 35.0659, GNorm = 4.2119, lr_0 = 1.0000e-04
Validation r2 = 0.480612
Epoch 29
Loss = 2.8000e-01, PNorm = 35.0704, GNorm = 3.4080, lr_0 = 1.0000e-04
Loss = 3.9067e-01, PNorm = 35.0739, GNorm = 1.7524, lr_0 = 1.0000e-04
Validation r2 = 0.477418
Model 0 best validation r2 = 0.480612 on epoch 28
Loading pretrained parameter "encoder.encoder.0.cached_zero_vector".
Loading pretrained parameter "encoder.encoder.0.W_i.weight".
Loading pretrained parameter "encoder.encoder.0.W_h.weight".
Loading pretrained parameter "encoder.encoder.0.W_o.weight".
Loading pretrained parameter "encoder.encoder.0.W_o.bias".
Loading pretrained parameter "ffn.1.weight".
Loading pretrained parameter "ffn.1.bias".
Loading pretrained parameter "ffn.4.weight".
Loading pretrained parameter "ffn.4.bias".
Model 0 test r2 = 0.444475
Ensemble test r2 = 0.444475
Fold 2
Splitting data with seed 2
Total size = 948 | train size = 758 | val size = 95 | test size = 95
Fitting scaler
Building model 0
MoleculeModel(
  (encoder): MPN(
    (encoder): ModuleList(
      (0): MPNEncoder(
        (dropout_layer): Dropout(p=0.1, inplace=False)
        (act_func): ReLU()
        (W_i): Linear(in_features=147, out_features=300, bias=False)
        (W_h): Linear(in_features=300, out_features=300, bias=False)
        (W_o): Linear(in_features=433, out_features=300, bias=True)
      )
    )
  )
  (ffn): Sequential(
    (0): Dropout(p=0.1, inplace=False)
    (1): Linear(in_features=300, out_features=300, bias=True)
    (2): ReLU()
    (3): Dropout(p=0.1, inplace=False)
    (4): Linear(in_features=300, out_features=1, bias=True)
  )
)
Number of parameters = 355,201
Epoch 0
Loss = 1.0032e+00, PNorm = 34.0117, GNorm = 3.0709, lr_0 = 4.3000e-04
Validation r2 = -0.067913
Epoch 1
Loss = 9.9384e-01, PNorm = 34.0212, GNorm = 4.2575, lr_0 = 7.6000e-04
Loss = 1.0238e+00, PNorm = 34.0408, GNorm = 1.5409, lr_0 = 9.8910e-04
Loss = 3.7022e-01, PNorm = 34.0433, GNorm = 4.1824, lr_0 = 9.8369e-04
Validation r2 = -0.051724
Epoch 2
Loss = 9.9352e-01, PNorm = 34.0710, GNorm = 1.8734, lr_0 = 9.3121e-04
Validation r2 = -0.025300
Epoch 3
Loss = 1.0086e+00, PNorm = 34.1074, GNorm = 1.4936, lr_0 = 8.7671e-04
Loss = 8.7064e-01, PNorm = 34.1496, GNorm = 1.8259, lr_0 = 8.2994e-04
Loss = 6.6847e-01, PNorm = 34.1544, GNorm = 2.8331, lr_0 = 8.2540e-04
Validation r2 = -0.155619
Epoch 4
Loss = 9.6601e-01, PNorm = 34.1939, GNorm = 1.6178, lr_0 = 7.8137e-04
Validation r2 = 0.048129
Epoch 5
Loss = 8.5826e-01, PNorm = 34.2350, GNorm = 1.6957, lr_0 = 7.3564e-04
Loss = 9.1326e-01, PNorm = 34.2776, GNorm = 1.5387, lr_0 = 6.9640e-04
Loss = 9.8009e-01, PNorm = 34.2817, GNorm = 7.0339, lr_0 = 6.9259e-04
Validation r2 = 0.011763
Epoch 6
Loss = 8.2291e-01, PNorm = 34.3332, GNorm = 0.8022, lr_0 = 6.5564e-04
Validation r2 = 0.077929
Epoch 7
Loss = 8.1483e-01, PNorm = 34.3881, GNorm = 1.3016, lr_0 = 6.2066e-04
Loss = 7.3991e-01, PNorm = 34.4382, GNorm = 1.0937, lr_0 = 5.8755e-04
Validation r2 = -0.099965
Epoch 8
Loss = 8.3359e-01, PNorm = 34.4863, GNorm = 1.6491, lr_0 = 5.5317e-04
Validation r2 = 0.095225
Epoch 9
Loss = 7.0534e-01, PNorm = 34.5373, GNorm = 3.3162, lr_0 = 5.2079e-04
Loss = 7.2962e-01, PNorm = 34.5849, GNorm = 1.1260, lr_0 = 4.9301e-04
Validation r2 = 0.147436
Epoch 10
Loss = 6.7058e-01, PNorm = 34.6438, GNorm = 1.7627, lr_0 = 4.6416e-04
Validation r2 = -0.034878
Epoch 11
Loss = 6.3280e-01, PNorm = 34.6908, GNorm = 1.2461, lr_0 = 4.3699e-04
Loss = 6.3132e-01, PNorm = 34.7262, GNorm = 2.6555, lr_0 = 4.1368e-04
Validation r2 = 0.136059
Epoch 12
Loss = 5.2174e-01, PNorm = 34.7700, GNorm = 4.6661, lr_0 = 3.8947e-04
Validation r2 = 0.224016
Epoch 13
Loss = 5.5430e-01, PNorm = 34.8048, GNorm = 4.6756, lr_0 = 3.6869e-04
Loss = 5.1733e-01, PNorm = 34.8338, GNorm = 2.9271, lr_0 = 3.4903e-04
Validation r2 = 0.126867
Epoch 14
Loss = 4.7515e-01, PNorm = 34.8604, GNorm = 2.3102, lr_0 = 3.2860e-04
Validation r2 = 0.111066
Epoch 15
Loss = 6.8227e-01, PNorm = 34.8869, GNorm = 16.2520, lr_0 = 3.0937e-04
Loss = 5.1125e-01, PNorm = 34.9116, GNorm = 4.6705, lr_0 = 2.9286e-04
Validation r2 = 0.220844
Epoch 16
Loss = 4.5283e-01, PNorm = 34.9332, GNorm = 1.0233, lr_0 = 2.7573e-04
Validation r2 = 0.195307
Epoch 17
Loss = 4.8078e-01, PNorm = 34.9548, GNorm = 1.3282, lr_0 = 2.5959e-04
Loss = 4.2224e-01, PNorm = 34.9710, GNorm = 1.7312, lr_0 = 2.4574e-04
Validation r2 = 0.184422
Epoch 18
Loss = 4.6143e-01, PNorm = 34.9912, GNorm = 2.6365, lr_0 = 2.3136e-04
Validation r2 = 0.172639
Epoch 19
Loss = 4.8154e-01, PNorm = 35.0038, GNorm = 4.4175, lr_0 = 2.1902e-04
Loss = 4.1645e-01, PNorm = 35.0147, GNorm = 2.5597, lr_0 = 2.0733e-04
Validation r2 = 0.176853
Epoch 20
Loss = 4.8931e-01, PNorm = 35.0289, GNorm = 6.4299, lr_0 = 1.9520e-04
Validation r2 = 0.179454
Epoch 21
Command line
python /home/maria/anaconda3/envs/crem_ml/lib/python3.7/site-packages/ipykernel_launcher.py -f /home/maria/.local/share/jupyter/runtime/kernel-36e411c2-b361-467e-8e06-666ea8cc6895.json
Args
{'activation': 'ReLU',
 'adding_h': False,
 'aggregation': 'mean',
 'aggregation_norm': 100,
 'atom_descriptor_scaling': True,
 'atom_descriptors': None,
 'atom_descriptors_path': None,
 'atom_descriptors_size': 0,
 'atom_features_size': 0,
 'atom_messages': False,
 'batch_size': 50,
 'bias': False,
 'bias_solvent': False,
 'bond_feature_scaling': True,
 'bond_features_path': None,
 'bond_features_size': 0,
 'cache_cutoff': 10000,
 'checkpoint_dir': None,
 'checkpoint_frzn': None,
 'checkpoint_path': None,
 'checkpoint_paths': None,
 'class_balance': False,
 'config_path': None,
 'crossval_index_dir': None,
 'crossval_index_file': None,
 'crossval_index_sets': None,
 'cuda': False,
 'data_path': './files_pdgfr_vegfr_write_sdfs/chembl_1913.smi',
 'data_weights_path': None,
 'dataset_type': 'regression',
 'depth': 3,
 'depth_solvent': 3,
 'device': device(type='cpu'),
 'dropout': 0.1,
 'empty_cache': False,
 'ensemble_size': 1,
 'epochs': 50,
 'evidential_regularization': 0,
 'explicit_h': False,
 'extra_metrics': [],
 'features_generator': None,
 'features_only': False,
 'features_path': None,
 'features_scaling': True,
 'features_size': None,
 'ffn_hidden_size': 300,
 'ffn_num_layers': 2,
 'final_lr': 0.0001,
 'folds_file': None,
 'freeze_first_only': False,
 'frzn_ffn_layers': 0,
 'gpu': None,
 'grad_clip': None,
 'hidden_size': 300,
 'hidden_size_solvent': 300,
 'ignore_columns': None,
 'init_lr': 0.0001,
 'log_frequency': 10,
 'loss_function': 'mse',
 'max_data_size': None,
 'max_lr': 0.001,
 'metric': 'r2',
 'metrics': ['r2'],
 'minimize_score': False,
 'mpn_shared': False,
 'multiclass_num_classes': 3,
 'no_atom_descriptor_scaling': False,
 'no_bond_features_scaling': False,
 'no_cache_mol': False,
 'no_cuda': False,
 'no_features_scaling': False,
 'num_folds': 5,
 'num_lrs': 1,
 'num_tasks': 1,
 'num_workers': 8,
 'number_of_molecules': 1,
 'overwrite_default_atom_features': False,
 'overwrite_default_bond_features': False,
 'phase_features_path': None,
 'pytorch_seed': 0,
 'quiet': False,
 'reaction': False,
 'reaction_mode': 'reac_diff',
 'reaction_solvent': False,
 'resume_experiment': False,
 'save_dir': '1913_checkpoints_drop_01',
 'save_preds': False,
 'save_smiles_splits': False,
 'seed': 0,
 'separate_test_atom_descriptors_path': None,
 'separate_test_bond_features_path': None,
 'separate_test_features_path': None,
 'separate_test_path': None,
 'separate_test_phase_features_path': None,
 'separate_val_atom_descriptors_path': None,
 'separate_val_bond_features_path': None,
 'separate_val_features_path': None,
 'separate_val_path': None,
 'separate_val_phase_features_path': None,
 'show_individual_scores': False,
 'smiles_columns': ['SMILES'],
 'spectra_activation': 'exp',
 'spectra_phase_mask_path': None,
 'spectra_target_floor': 1e-08,
 'split_key_molecule': 0,
 'split_sizes': [0.8, 0.1, 0.1],
 'split_type': 'random',
 'target_columns': None,
 'target_weights': None,
 'task_names': ['activity'],
 'test': False,
 'test_fold_index': None,
 'train_data_size': None,
 'undirected': False,
 'use_input_features': False,
 'val_fold_index': None,
 'warmup_epochs': 2.0}
Setting molecule featurization parameters to default.
Loading data
Number of tasks = 1
Fold 0
Splitting data with seed 0
Total size = 948 | train size = 758 | val size = 95 | test size = 95
Fitting scaler
Building model 0
MoleculeModel(
  (encoder): MPN(
    (encoder): ModuleList(
      (0): MPNEncoder(
        (dropout_layer): Dropout(p=0.1, inplace=False)
        (act_func): ReLU()
        (W_i): Linear(in_features=147, out_features=300, bias=False)
        (W_h): Linear(in_features=300, out_features=300, bias=False)
        (W_o): Linear(in_features=433, out_features=300, bias=True)
      )
    )
  )
  (ffn): Sequential(
    (0): Dropout(p=0.1, inplace=False)
    (1): Linear(in_features=300, out_features=300, bias=True)
    (2): ReLU()
    (3): Dropout(p=0.1, inplace=False)
    (4): Linear(in_features=300, out_features=1, bias=True)
  )
)
Number of parameters = 355,201
Epoch 0
Loss = 1.0229e+00, PNorm = 34.0112, GNorm = 1.6606, lr_0 = 4.3000e-04
Validation r2 = -0.102793
Epoch 1
Loss = 1.0248e+00, PNorm = 34.0177, GNorm = 3.2549, lr_0 = 7.6000e-04
Loss = 1.0252e+00, PNorm = 34.0359, GNorm = 0.7522, lr_0 = 9.9362e-04
Loss = 1.4727e+00, PNorm = 34.0383, GNorm = 5.0121, lr_0 = 9.9045e-04
Validation r2 = 0.043719
Epoch 2
Loss = 9.9697e-01, PNorm = 34.0681, GNorm = 0.7276, lr_0 = 9.5928e-04
Validation r2 = 0.063049
Epoch 3
Loss = 9.7075e-01, PNorm = 34.1007, GNorm = 2.3614, lr_0 = 9.2612e-04
Loss = 9.7362e-01, PNorm = 34.1371, GNorm = 5.0930, lr_0 = 8.9697e-04
Loss = 7.2997e-01, PNorm = 34.1411, GNorm = 2.9046, lr_0 = 8.9411e-04
Validation r2 = 0.119232
Epoch 4
Loss = 9.5526e-01, PNorm = 34.1909, GNorm = 3.7031, lr_0 = 8.6596e-04
Validation r2 = 0.084960
Epoch 5
Loss = 9.3708e-01, PNorm = 34.2515, GNorm = 1.4010, lr_0 = 8.3603e-04
Loss = 8.9763e-01, PNorm = 34.3107, GNorm = 0.9297, lr_0 = 8.0972e-04
Loss = 9.0293e-01, PNorm = 34.3170, GNorm = 2.4245, lr_0 = 8.0713e-04
Validation r2 = 0.147915
Epoch 6
Loss = 8.8703e-01, PNorm = 34.3875, GNorm = 1.3510, lr_0 = 7.8173e-04
Validation r2 = 0.187034
Epoch 7
Loss = 9.2127e-01, PNorm = 34.4666, GNorm = 2.5578, lr_0 = 7.5712e-04
Loss = 8.8800e-01, PNorm = 34.5294, GNorm = 1.3195, lr_0 = 7.3329e-04
Validation r2 = 0.231459
Epoch 8
Loss = 7.9890e-01, PNorm = 34.6024, GNorm = 1.1229, lr_0 = 7.0795e-04
Validation r2 = 0.315842
Epoch 9
Loss = 6.5848e-01, PNorm = 34.6838, GNorm = 1.3146, lr_0 = 6.8347e-04
Loss = 6.5342e-01, PNorm = 34.7636, GNorm = 3.7001, lr_0 = 6.6196e-04
Validation r2 = 0.284918
Epoch 10
Loss = 6.7337e-01, PNorm = 34.8419, GNorm = 1.3283, lr_0 = 6.3908e-04
Validation r2 = 0.304572
Epoch 11
Loss = 7.0492e-01, PNorm = 34.9171, GNorm = 1.9291, lr_0 = 6.1699e-04
Loss = 6.0342e-01, PNorm = 34.9804, GNorm = 3.0700, lr_0 = 5.9757e-04
Validation r2 = 0.465651
Epoch 12
Loss = 5.9782e-01, PNorm = 35.0381, GNorm = 2.4024, lr_0 = 5.7691e-04
Validation r2 = 0.470437
Epoch 13
Loss = 5.0125e-01, PNorm = 35.0812, GNorm = 1.8454, lr_0 = 5.5876e-04
Loss = 5.3372e-01, PNorm = 35.1239, GNorm = 4.0612, lr_0 = 5.4117e-04
Validation r2 = 0.481682
Epoch 14
Loss = 5.4170e-01, PNorm = 35.1638, GNorm = 1.0089, lr_0 = 5.2246e-04
Validation r2 = 0.466532
Epoch 15
Loss = 4.6091e-01, PNorm = 35.2046, GNorm = 1.3902, lr_0 = 5.0440e-04
Loss = 5.0404e-01, PNorm = 35.2335, GNorm = 2.5490, lr_0 = 4.8853e-04
Validation r2 = 0.487144
Epoch 16
Loss = 5.0211e-01, PNorm = 35.2643, GNorm = 1.5308, lr_0 = 4.7164e-04
Validation r2 = 0.512802
Epoch 17
Loss = 5.7593e-01, PNorm = 35.2951, GNorm = 1.3329, lr_0 = 4.5534e-04
Loss = 4.0446e-01, PNorm = 35.3288, GNorm = 1.6095, lr_0 = 4.4101e-04
Validation r2 = 0.525158
Epoch 18
Loss = 4.7415e-01, PNorm = 35.3532, GNorm = 2.0135, lr_0 = 4.2576e-04
Validation r2 = 0.543956
Epoch 19
Loss = 3.7607e-01, PNorm = 35.3786, GNorm = 1.7020, lr_0 = 4.1236e-04
Loss = 4.3625e-01, PNorm = 35.4084, GNorm = 1.7791, lr_0 = 3.9938e-04
Validation r2 = 0.551864
Epoch 20
Loss = 4.2402e-01, PNorm = 35.4380, GNorm = 3.7557, lr_0 = 3.8558e-04
Validation r2 = 0.569288
Epoch 21
Loss = 4.2864e-01, PNorm = 35.4628, GNorm = 3.1227, lr_0 = 3.7225e-04
Loss = 3.6479e-01, PNorm = 35.4850, GNorm = 2.1496, lr_0 = 3.6053e-04
Validation r2 = 0.526732
Epoch 22
Loss = 3.4834e-01, PNorm = 35.5075, GNorm = 2.2787, lr_0 = 3.4807e-04
Validation r2 = 0.560946
Epoch 23
Loss = 3.8575e-01, PNorm = 35.5325, GNorm = 1.0700, lr_0 = 3.3604e-04
Loss = 3.6934e-01, PNorm = 35.5523, GNorm = 2.3058, lr_0 = 3.2546e-04
Validation r2 = 0.577990
Epoch 24
Loss = 3.7691e-01, PNorm = 35.5683, GNorm = 0.9061, lr_0 = 3.1421e-04
Validation r2 = 0.582362
Epoch 25
Loss = 3.0008e-01, PNorm = 35.5866, GNorm = 1.5425, lr_0 = 3.0432e-04
Loss = 3.8340e-01, PNorm = 35.6031, GNorm = 1.1777, lr_0 = 2.9474e-04
Validation r2 = 0.586701
Epoch 26
Loss = 3.6943e-01, PNorm = 35.6233, GNorm = 1.1686, lr_0 = 2.8456e-04
Validation r2 = 0.561815
Epoch 27
Loss = 3.2902e-01, PNorm = 35.6386, GNorm = 2.7290, lr_0 = 2.7472e-04
Loss = 3.3519e-01, PNorm = 35.6530, GNorm = 2.1509, lr_0 = 2.6607e-04
Validation r2 = 0.583179
Epoch 28
Loss = 3.3019e-01, PNorm = 35.6683, GNorm = 0.9211, lr_0 = 2.5688e-04
Validation r2 = 0.569666
Epoch 29
Loss = 3.7929e-01, PNorm = 35.6844, GNorm = 4.1350, lr_0 = 2.4800e-04
Loss = 3.6312e-01, PNorm = 35.6977, GNorm = 1.0718, lr_0 = 2.4019e-04
Validation r2 = 0.609054
Epoch 30
Loss = 3.5124e-01, PNorm = 35.7128, GNorm = 3.2477, lr_0 = 2.3189e-04
Validation r2 = 0.599673
Epoch 31
Loss = 4.7750e-01, PNorm = 35.7269, GNorm = 2.4708, lr_0 = 2.2387e-04
Loss = 3.1498e-01, PNorm = 35.7374, GNorm = 0.8521, lr_0 = 2.1683e-04
Validation r2 = 0.603863
Epoch 32
Loss = 3.3109e-01, PNorm = 35.7455, GNorm = 1.7499, lr_0 = 2.1000e-04
Loss = 3.2432e-01, PNorm = 35.7577, GNorm = 1.4464, lr_0 = 2.0339e-04
Loss = 1.3755e+00, PNorm = 35.7587, GNorm = 7.2219, lr_0 = 2.0274e-04
Validation r2 = 0.606132
Epoch 33
Loss = 3.3190e-01, PNorm = 35.7698, GNorm = 2.7780, lr_0 = 1.9636e-04
Validation r2 = 0.599643
Epoch 34
Loss = 2.9927e-01, PNorm = 35.7814, GNorm = 0.9838, lr_0 = 1.8957e-04
Loss = 3.3886e-01, PNorm = 35.7913, GNorm = 2.1936, lr_0 = 1.8361e-04
Loss = 3.1430e-01, PNorm = 35.7925, GNorm = 5.1221, lr_0 = 1.8302e-04
Validation r2 = 0.601886
Epoch 35
Loss = 3.2335e-01, PNorm = 35.8032, GNorm = 0.9215, lr_0 = 1.7726e-04
Validation r2 = 0.605140
Epoch 36
Loss = 3.0563e-01, PNorm = 35.8126, GNorm = 2.0826, lr_0 = 1.7113e-04
Loss = 3.2939e-01, PNorm = 35.8207, GNorm = 2.1768, lr_0 = 1.6575e-04
Loss = 4.8010e-01, PNorm = 35.8214, GNorm = 3.9365, lr_0 = 1.6522e-04
Validation r2 = 0.588595
Epoch 37
Loss = 3.0405e-01, PNorm = 35.8296, GNorm = 1.2372, lr_0 = 1.6002e-04
Validation r2 = 0.607828
Epoch 38
Loss = 3.1358e-01, PNorm = 35.8364, GNorm = 5.0197, lr_0 = 1.5498e-04
Loss = 3.4600e-01, PNorm = 35.8439, GNorm = 2.3220, lr_0 = 1.5010e-04
Validation r2 = 0.600957
Epoch 39
Loss = 3.0696e-01, PNorm = 35.8529, GNorm = 1.1748, lr_0 = 1.4491e-04
Validation r2 = 0.583093
Epoch 40
Loss = 3.4414e-01, PNorm = 35.8617, GNorm = 3.2370, lr_0 = 1.3991e-04
Loss = 3.0169e-01, PNorm = 35.8674, GNorm = 1.1279, lr_0 = 1.3550e-04
Validation r2 = 0.592100
Epoch 41
Loss = 3.0663e-01, PNorm = 35.8761, GNorm = 2.8447, lr_0 = 1.3082e-04
Validation r2 = 0.592583
Epoch 42
Loss = 2.5204e-01, PNorm = 35.8850, GNorm = 2.1687, lr_0 = 1.2630e-04
Loss = 3.3509e-01, PNorm = 35.8903, GNorm = 1.2223, lr_0 = 1.2232e-04
Validation r2 = 0.588887
Epoch 43
Loss = 3.0425e-01, PNorm = 35.8964, GNorm = 1.2518, lr_0 = 1.1809e-04
Validation r2 = 0.594479
Epoch 44
Loss = 3.6810e-01, PNorm = 35.9011, GNorm = 1.5312, lr_0 = 1.1438e-04
Loss = 2.9729e-01, PNorm = 35.9068, GNorm = 3.4431, lr_0 = 1.1078e-04
Validation r2 = 0.604184
Epoch 45
Loss = 2.8355e-01, PNorm = 35.9126, GNorm = 1.3960, lr_0 = 1.0695e-04
Validation r2 = 0.604694
Epoch 46
Loss = 3.0199e-01, PNorm = 35.9185, GNorm = 2.1679, lr_0 = 1.0325e-04
Loss = 2.8539e-01, PNorm = 35.9233, GNorm = 1.1708, lr_0 = 1.0000e-04
Validation r2 = 0.608594
Epoch 47
Loss = 2.8200e-01, PNorm = 35.9293, GNorm = 1.5312, lr_0 = 1.0000e-04
Validation r2 = 0.596570
Epoch 48
Loss = 3.7925e-01, PNorm = 35.9339, GNorm = 1.6780, lr_0 = 1.0000e-04
Loss = 2.6923e-01, PNorm = 35.9385, GNorm = 0.8283, lr_0 = 1.0000e-04
Validation r2 = 0.605865
Epoch 49
Loss = 2.8563e-01, PNorm = 35.9444, GNorm = 0.8572, lr_0 = 1.0000e-04
Validation r2 = 0.608148
Model 0 best validation r2 = 0.609054 on epoch 29
Loading pretrained parameter "encoder.encoder.0.cached_zero_vector".
Loading pretrained parameter "encoder.encoder.0.W_i.weight".
Loading pretrained parameter "encoder.encoder.0.W_h.weight".
Loading pretrained parameter "encoder.encoder.0.W_o.weight".
Loading pretrained parameter "encoder.encoder.0.W_o.bias".
Loading pretrained parameter "ffn.1.weight".
Loading pretrained parameter "ffn.1.bias".
Loading pretrained parameter "ffn.4.weight".
Loading pretrained parameter "ffn.4.bias".
Model 0 test r2 = 0.443595
Ensemble test r2 = 0.443595
Fold 1
Splitting data with seed 1
Total size = 948 | train size = 758 | val size = 95 | test size = 95
Fitting scaler
Building model 0
MoleculeModel(
  (encoder): MPN(
    (encoder): ModuleList(
      (0): MPNEncoder(
        (dropout_layer): Dropout(p=0.1, inplace=False)
        (act_func): ReLU()
        (W_i): Linear(in_features=147, out_features=300, bias=False)
        (W_h): Linear(in_features=300, out_features=300, bias=False)
        (W_o): Linear(in_features=433, out_features=300, bias=True)
      )
    )
  )
  (ffn): Sequential(
    (0): Dropout(p=0.1, inplace=False)
    (1): Linear(in_features=300, out_features=300, bias=True)
    (2): ReLU()
    (3): Dropout(p=0.1, inplace=False)
    (4): Linear(in_features=300, out_features=1, bias=True)
  )
)
Number of parameters = 355,201
Epoch 0
Loss = 1.0759e+00, PNorm = 34.0101, GNorm = 2.1899, lr_0 = 4.3000e-04
Validation r2 = -0.020160
Epoch 1
Loss = 9.6623e-01, PNorm = 34.0209, GNorm = 1.5737, lr_0 = 7.6000e-04
Loss = 1.1318e+00, PNorm = 34.0392, GNorm = 2.0681, lr_0 = 9.9362e-04
Loss = 1.1435e+00, PNorm = 34.0416, GNorm = 6.1339, lr_0 = 9.9045e-04
Validation r2 = -0.007505
Epoch 2
Loss = 1.0319e+00, PNorm = 34.0686, GNorm = 0.9462, lr_0 = 9.5928e-04
Validation r2 = -0.106490
Epoch 3
Loss = 9.9351e-01, PNorm = 34.0977, GNorm = 1.4340, lr_0 = 9.2612e-04
Loss = 9.7148e-01, PNorm = 34.1244, GNorm = 1.0997, lr_0 = 8.9697e-04
Loss = 5.9846e-01, PNorm = 34.1272, GNorm = 0.8800, lr_0 = 8.9411e-04
Validation r2 = 0.023165
Epoch 4
Loss = 9.3631e-01, PNorm = 34.1655, GNorm = 0.5281, lr_0 = 8.6596e-04
Validation r2 = 0.039107
Epoch 5
Loss = 8.7198e-01, PNorm = 34.2158, GNorm = 0.8068, lr_0 = 8.3603e-04
Loss = 8.6780e-01, PNorm = 34.2705, GNorm = 0.9769, lr_0 = 8.0972e-04
Loss = 7.7789e-01, PNorm = 34.2775, GNorm = 2.6838, lr_0 = 8.0713e-04
Validation r2 = 0.071334
Epoch 6
Loss = 7.7047e-01, PNorm = 34.3440, GNorm = 1.3677, lr_0 = 7.8173e-04
Validation r2 = 0.087343
Epoch 7
Loss = 8.2906e-01, PNorm = 34.4187, GNorm = 4.3047, lr_0 = 7.5712e-04
Loss = 7.8424e-01, PNorm = 34.4876, GNorm = 5.8066, lr_0 = 7.3329e-04
Validation r2 = -0.151450
Epoch 8
Loss = 9.3184e-01, PNorm = 34.5590, GNorm = 2.1647, lr_0 = 7.0795e-04
Validation r2 = 0.125494
Epoch 9
Loss = 6.5299e-01, PNorm = 34.6224, GNorm = 4.5487, lr_0 = 6.8347e-04
Loss = 8.0981e-01, PNorm = 34.6863, GNorm = 3.3078, lr_0 = 6.6196e-04
Validation r2 = 0.097413
Epoch 10
Loss = 7.7884e-01, PNorm = 34.7572, GNorm = 1.9548, lr_0 = 6.3908e-04
Validation r2 = 0.190549
Epoch 11
Loss = 6.4653e-01, PNorm = 34.8281, GNorm = 2.3910, lr_0 = 6.1699e-04
Loss = 6.0123e-01, PNorm = 34.8835, GNorm = 0.9427, lr_0 = 5.9757e-04
Validation r2 = 0.292358
Epoch 12
Loss = 5.5505e-01, PNorm = 34.9382, GNorm = 1.1492, lr_0 = 5.7691e-04
Validation r2 = 0.345522
Epoch 13
Loss = 4.6791e-01, PNorm = 34.9884, GNorm = 8.0412, lr_0 = 5.5876e-04
Loss = 5.7172e-01, PNorm = 35.0190, GNorm = 2.6085, lr_0 = 5.4117e-04
Validation r2 = 0.383566
Epoch 14
Loss = 4.9984e-01, PNorm = 35.0609, GNorm = 1.9083, lr_0 = 5.2246e-04
Validation r2 = 0.344023
Epoch 15
Loss = 4.5277e-01, PNorm = 35.0968, GNorm = 0.8793, lr_0 = 5.0440e-04
Loss = 4.8809e-01, PNorm = 35.1292, GNorm = 4.7305, lr_0 = 4.8853e-04
Validation r2 = 0.344528
Epoch 16
Loss = 4.3979e-01, PNorm = 35.1625, GNorm = 1.5931, lr_0 = 4.7164e-04
Validation r2 = 0.408578
Epoch 17
Loss = 4.4809e-01, PNorm = 35.1873, GNorm = 3.4421, lr_0 = 4.5534e-04
Loss = 4.5723e-01, PNorm = 35.2169, GNorm = 2.2566, lr_0 = 4.4101e-04
Validation r2 = 0.478058
Epoch 18
Loss = 3.6458e-01, PNorm = 35.2465, GNorm = 2.4097, lr_0 = 4.2576e-04
Validation r2 = 0.422294
Epoch 19
Loss = 4.7923e-01, PNorm = 35.2691, GNorm = 5.6883, lr_0 = 4.1236e-04
Loss = 4.4622e-01, PNorm = 35.2943, GNorm = 1.8529, lr_0 = 3.9938e-04
Validation r2 = 0.467895
Epoch 20
Loss = 3.7463e-01, PNorm = 35.3239, GNorm = 2.9666, lr_0 = 3.8558e-04
Validation r2 = 0.472781
Epoch 21
Loss = 2.8121e-01, PNorm = 35.3524, GNorm = 2.1036, lr_0 = 3.7225e-04
Loss = 3.9213e-01, PNorm = 35.3705, GNorm = 4.8238, lr_0 = 3.6053e-04
Validation r2 = 0.445900
Epoch 22
Loss = 4.3047e-01, PNorm = 35.3906, GNorm = 5.1364, lr_0 = 3.4807e-04
Validation r2 = 0.470773
Epoch 23
Loss = 3.1180e-01, PNorm = 35.4134, GNorm = 1.4296, lr_0 = 3.3604e-04
Loss = 3.7102e-01, PNorm = 35.4341, GNorm = 1.9193, lr_0 = 3.2546e-04
Validation r2 = 0.496812
Epoch 24
Loss = 4.0662e-01, PNorm = 35.4521, GNorm = 3.5078, lr_0 = 3.1421e-04
Validation r2 = 0.504541
Epoch 25
Loss = 4.7137e-01, PNorm = 35.4674, GNorm = 2.8614, lr_0 = 3.0432e-04
Loss = 3.9615e-01, PNorm = 35.4833, GNorm = 3.9100, lr_0 = 2.9474e-04
Validation r2 = 0.520221
Epoch 26
Loss = 3.7663e-01, PNorm = 35.5058, GNorm = 5.6024, lr_0 = 2.8456e-04
Validation r2 = 0.512477
Epoch 27
Loss = 5.9687e-01, PNorm = 35.5215, GNorm = 4.1139, lr_0 = 2.7472e-04
Loss = 3.3621e-01, PNorm = 35.5347, GNorm = 0.8951, lr_0 = 2.6607e-04
Validation r2 = 0.533327
Epoch 28
Loss = 3.5161e-01, PNorm = 35.5511, GNorm = 1.5877, lr_0 = 2.5688e-04
Validation r2 = 0.529287
Epoch 29
Loss = 2.4512e-01, PNorm = 35.5645, GNorm = 2.1474, lr_0 = 2.4800e-04
Loss = 3.4460e-01, PNorm = 35.5750, GNorm = 3.2699, lr_0 = 2.4019e-04
Validation r2 = 0.530742
Epoch 30
Loss = 3.3504e-01, PNorm = 35.5917, GNorm = 2.4247, lr_0 = 2.3189e-04
Validation r2 = 0.537915
Epoch 31
Loss = 4.2557e-01, PNorm = 35.6069, GNorm = 2.6406, lr_0 = 2.2387e-04
Loss = 3.4647e-01, PNorm = 35.6194, GNorm = 1.7573, lr_0 = 2.1683e-04
Validation r2 = 0.526632
Epoch 32
Loss = 3.3206e-01, PNorm = 35.6273, GNorm = 1.0322, lr_0 = 2.1000e-04
Loss = 3.2328e-01, PNorm = 35.6374, GNorm = 3.2904, lr_0 = 2.0339e-04
Loss = 6.7417e-01, PNorm = 35.6390, GNorm = 6.8868, lr_0 = 2.0274e-04
Validation r2 = 0.536295
Epoch 33
Loss = 3.4198e-01, PNorm = 35.6518, GNorm = 1.5418, lr_0 = 1.9636e-04
Validation r2 = 0.539550
Epoch 34
Loss = 3.2701e-01, PNorm = 35.6651, GNorm = 2.1885, lr_0 = 1.8957e-04
Loss = 3.3729e-01, PNorm = 35.6752, GNorm = 3.2110, lr_0 = 1.8361e-04
Loss = 3.9977e-01, PNorm = 35.6763, GNorm = 3.9391, lr_0 = 1.8302e-04
Validation r2 = 0.525282
Epoch 35
Loss = 3.4587e-01, PNorm = 35.6847, GNorm = 1.1992, lr_0 = 1.7726e-04
Validation r2 = 0.540963
Epoch 36
Loss = 3.2191e-01, PNorm = 35.6939, GNorm = 2.3166, lr_0 = 1.7113e-04
Loss = 3.3027e-01, PNorm = 35.7012, GNorm = 2.3250, lr_0 = 1.6575e-04
Loss = 1.1430e-01, PNorm = 35.7022, GNorm = 1.7518, lr_0 = 1.6522e-04
Validation r2 = 0.544024
Epoch 37
Loss = 3.2757e-01, PNorm = 35.7108, GNorm = 2.4214, lr_0 = 1.6002e-04
Validation r2 = 0.529647
Epoch 38
Loss = 3.3619e-01, PNorm = 35.7188, GNorm = 1.6959, lr_0 = 1.5498e-04
Loss = 3.1849e-01, PNorm = 35.7277, GNorm = 3.3536, lr_0 = 1.5010e-04
Validation r2 = 0.535444
Epoch 39
Loss = 3.9132e-01, PNorm = 35.7375, GNorm = 4.5934, lr_0 = 1.4491e-04
Validation r2 = 0.541152
Epoch 40
Loss = 2.9996e-01, PNorm = 35.7451, GNorm = 0.9316, lr_0 = 1.3991e-04
Loss = 3.2953e-01, PNorm = 35.7517, GNorm = 2.6493, lr_0 = 1.3550e-04
Validation r2 = 0.537398
Epoch 41
Loss = 3.2516e-01, PNorm = 35.7581, GNorm = 1.3992, lr_0 = 1.3082e-04
Validation r2 = 0.560555
Epoch 42
Loss = 2.9896e-01, PNorm = 35.7659, GNorm = 1.8223, lr_0 = 1.2630e-04
Loss = 3.1450e-01, PNorm = 35.7732, GNorm = 1.3249, lr_0 = 1.2232e-04
Validation r2 = 0.566181
Epoch 43
Loss = 3.2536e-01, PNorm = 35.7812, GNorm = 2.2623, lr_0 = 1.1809e-04
Validation r2 = 0.568621
Epoch 44
Loss = 3.5032e-01, PNorm = 35.7863, GNorm = 4.2724, lr_0 = 1.1438e-04
Loss = 3.1539e-01, PNorm = 35.7913, GNorm = 2.6349, lr_0 = 1.1078e-04
Validation r2 = 0.564875
Epoch 45
Loss = 3.0340e-01, PNorm = 35.7970, GNorm = 1.6153, lr_0 = 1.0695e-04
Validation r2 = 0.565053
Epoch 46
Loss = 2.9276e-01, PNorm = 35.8031, GNorm = 3.2146, lr_0 = 1.0325e-04
Loss = 3.0023e-01, PNorm = 35.8080, GNorm = 2.1465, lr_0 = 1.0000e-04
Validation r2 = 0.565224
Epoch 47
Loss = 2.6175e-01, PNorm = 35.8116, GNorm = 2.0520, lr_0 = 1.0000e-04
Validation r2 = 0.556376
Epoch 48
Loss = 2.9419e-01, PNorm = 35.8164, GNorm = 3.2722, lr_0 = 1.0000e-04
Loss = 3.1587e-01, PNorm = 35.8214, GNorm = 1.5489, lr_0 = 1.0000e-04
Validation r2 = 0.566452
Epoch 49
Loss = 3.3795e-01, PNorm = 35.8261, GNorm = 0.9609, lr_0 = 1.0000e-04
Validation r2 = 0.566437
Model 0 best validation r2 = 0.568621 on epoch 43
Loading pretrained parameter "encoder.encoder.0.cached_zero_vector".
Loading pretrained parameter "encoder.encoder.0.W_i.weight".
Loading pretrained parameter "encoder.encoder.0.W_h.weight".
Loading pretrained parameter "encoder.encoder.0.W_o.weight".
Loading pretrained parameter "encoder.encoder.0.W_o.bias".
Loading pretrained parameter "ffn.1.weight".
Loading pretrained parameter "ffn.1.bias".
Loading pretrained parameter "ffn.4.weight".
Loading pretrained parameter "ffn.4.bias".
Model 0 test r2 = 0.461807
Ensemble test r2 = 0.461807
Fold 2
Splitting data with seed 2
Total size = 948 | train size = 758 | val size = 95 | test size = 95
Fitting scaler
Building model 0
MoleculeModel(
  (encoder): MPN(
    (encoder): ModuleList(
      (0): MPNEncoder(
        (dropout_layer): Dropout(p=0.1, inplace=False)
        (act_func): ReLU()
        (W_i): Linear(in_features=147, out_features=300, bias=False)
        (W_h): Linear(in_features=300, out_features=300, bias=False)
        (W_o): Linear(in_features=433, out_features=300, bias=True)
      )
    )
  )
  (ffn): Sequential(
    (0): Dropout(p=0.1, inplace=False)
    (1): Linear(in_features=300, out_features=300, bias=True)
    (2): ReLU()
    (3): Dropout(p=0.1, inplace=False)
    (4): Linear(in_features=300, out_features=1, bias=True)
  )
)
Number of parameters = 355,201
Epoch 0
Loss = 1.0032e+00, PNorm = 34.0117, GNorm = 3.0709, lr_0 = 4.3000e-04
Validation r2 = -0.067913
Epoch 1
Loss = 9.9384e-01, PNorm = 34.0212, GNorm = 4.2575, lr_0 = 7.6000e-04
Loss = 1.0238e+00, PNorm = 34.0408, GNorm = 1.5409, lr_0 = 9.9362e-04
Loss = 3.7024e-01, PNorm = 34.0433, GNorm = 4.1828, lr_0 = 9.9045e-04
Validation r2 = -0.051923
Epoch 2
Loss = 9.9375e-01, PNorm = 34.0716, GNorm = 1.9003, lr_0 = 9.5928e-04
Validation r2 = -0.021036
Epoch 3
Loss = 1.0090e+00, PNorm = 34.1100, GNorm = 1.5910, lr_0 = 9.2612e-04
Loss = 8.7356e-01, PNorm = 34.1554, GNorm = 2.6213, lr_0 = 8.9697e-04
Loss = 6.7393e-01, PNorm = 34.1606, GNorm = 3.1318, lr_0 = 8.9411e-04
Validation r2 = -0.178617
Epoch 4
Loss = 9.6518e-01, PNorm = 34.2049, GNorm = 1.6521, lr_0 = 8.6596e-04
Validation r2 = 0.042559
Epoch 5
Loss = 8.6390e-01, PNorm = 34.2533, GNorm = 1.4730, lr_0 = 8.3603e-04
Loss = 9.1935e-01, PNorm = 34.3056, GNorm = 1.0144, lr_0 = 8.0972e-04
Loss = 1.0094e+00, PNorm = 34.3105, GNorm = 6.9893, lr_0 = 8.0713e-04
Validation r2 = -0.001499
Epoch 6
Loss = 8.2104e-01, PNorm = 34.3740, GNorm = 0.8034, lr_0 = 7.8173e-04
Validation r2 = 0.088213
Epoch 7
Loss = 8.2027e-01, PNorm = 34.4401, GNorm = 1.4445, lr_0 = 7.5712e-04
Loss = 7.2853e-01, PNorm = 34.5029, GNorm = 1.4774, lr_0 = 7.3329e-04
Validation r2 = -0.048550
Epoch 8
Loss = 8.2212e-01, PNorm = 34.5683, GNorm = 0.9668, lr_0 = 7.0795e-04
Validation r2 = 0.104048
Epoch 9
Loss = 7.0674e-01, PNorm = 34.6434, GNorm = 3.4768, lr_0 = 6.8347e-04
Loss = 7.0199e-01, PNorm = 34.7166, GNorm = 3.4540, lr_0 = 6.6196e-04
Validation r2 = 0.143733
Epoch 10
Loss = 6.5292e-01, PNorm = 34.8007, GNorm = 3.7241, lr_0 = 6.3908e-04
Validation r2 = 0.111368
Epoch 11
Loss = 5.8179e-01, PNorm = 34.8693, GNorm = 0.8668, lr_0 = 6.1699e-04
Loss = 6.0286e-01, PNorm = 34.9301, GNorm = 2.1514, lr_0 = 5.9757e-04
Validation r2 = 0.144992
Epoch 12
Loss = 4.8374e-01, PNorm = 34.9989, GNorm = 3.0447, lr_0 = 5.7691e-04
Validation r2 = 0.253165
Epoch 13
Loss = 5.5687e-01, PNorm = 35.0470, GNorm = 7.0208, lr_0 = 5.5876e-04
Loss = 5.1383e-01, PNorm = 35.0934, GNorm = 1.7540, lr_0 = 5.4117e-04
Validation r2 = 0.162885
Epoch 14
Loss = 4.4511e-01, PNorm = 35.1399, GNorm = 2.2655, lr_0 = 5.2246e-04
Validation r2 = 0.126921
Epoch 15
Loss = 6.1849e-01, PNorm = 35.1893, GNorm = 13.7257, lr_0 = 5.0440e-04
Loss = 4.7869e-01, PNorm = 35.2339, GNorm = 1.8751, lr_0 = 4.8853e-04
Validation r2 = 0.211556
Epoch 16
Loss = 4.3319e-01, PNorm = 35.2729, GNorm = 1.6840, lr_0 = 4.7164e-04
Validation r2 = 0.187143
Epoch 17
Loss = 4.5814e-01, PNorm = 35.3104, GNorm = 1.9611, lr_0 = 4.5534e-04
Loss = 3.9886e-01, PNorm = 35.3408, GNorm = 1.6974, lr_0 = 4.4101e-04
Validation r2 = 0.174953
Epoch 18
Loss = 4.3497e-01, PNorm = 35.3813, GNorm = 1.6582, lr_0 = 4.2576e-04
Validation r2 = 0.160941
Epoch 19
Loss = 4.4055e-01, PNorm = 35.4092, GNorm = 3.4782, lr_0 = 4.1236e-04
Loss = 3.9709e-01, PNorm = 35.4317, GNorm = 1.4516, lr_0 = 3.9938e-04
Validation r2 = 0.188370
Epoch 20
Loss = 4.3678e-01, PNorm = 35.4612, GNorm = 5.4542, lr_0 = 3.8558e-04
Validation r2 = 0.191379
Epoch 21
Loss = 4.4750e-01, PNorm = 35.4815, GNorm = 1.3533, lr_0 = 3.7225e-04
Loss = 3.8655e-01, PNorm = 35.4959, GNorm = 2.7959, lr_0 = 3.6053e-04
Validation r2 = 0.185465
Epoch 22
Loss = 3.4035e-01, PNorm = 35.5200, GNorm = 4.4177, lr_0 = 3.4807e-04
Validation r2 = 0.222551
Epoch 23
Loss = 3.8834e-01, PNorm = 35.5414, GNorm = 1.2087, lr_0 = 3.3604e-04
Loss = 3.6034e-01, PNorm = 35.5625, GNorm = 0.9985, lr_0 = 3.2546e-04
Validation r2 = 0.190704
Epoch 24
Loss = 3.7970e-01, PNorm = 35.5835, GNorm = 0.9204, lr_0 = 3.1421e-04
Validation r2 = 0.220644
Epoch 25
Loss = 3.5213e-01, PNorm = 35.6039, GNorm = 1.2096, lr_0 = 3.0432e-04
Loss = 3.4472e-01, PNorm = 35.6206, GNorm = 2.1595, lr_0 = 2.9474e-04
Validation r2 = 0.237976
Epoch 26
Loss = 3.4898e-01, PNorm = 35.6378, GNorm = 2.0956, lr_0 = 2.8456e-04
Validation r2 = 0.219105
Epoch 27
Loss = 3.6767e-01, PNorm = 35.6575, GNorm = 1.2331, lr_0 = 2.7472e-04
Loss = 3.4343e-01, PNorm = 35.6753, GNorm = 1.5558, lr_0 = 2.6607e-04
Validation r2 = 0.219815
Epoch 28
Loss = 3.2631e-01, PNorm = 35.6928, GNorm = 1.4952, lr_0 = 2.5688e-04
Validation r2 = 0.208724
Epoch 29
Loss = 2.4892e-01, PNorm = 35.7089, GNorm = 2.3020, lr_0 = 2.4800e-04
Loss = 3.3500e-01, PNorm = 35.7240, GNorm = 2.5756, lr_0 = 2.4019e-04
Validation r2 = 0.202615
Epoch 30
Loss = 3.2527e-01, PNorm = 35.7349, GNorm = 2.6122, lr_0 = 2.3189e-04
Validation r2 = 0.205874
Epoch 31
Loss = 3.5335e-01, PNorm = 35.7516, GNorm = 2.4543, lr_0 = 2.2387e-04
Loss = 3.2915e-01, PNorm = 35.7643, GNorm = 1.8591, lr_0 = 2.1683e-04
Validation r2 = 0.205642
Epoch 32
Loss = 3.6813e-01, PNorm = 35.7766, GNorm = 0.9150, lr_0 = 2.1000e-04
Loss = 3.0079e-01, PNorm = 35.7910, GNorm = 1.3281, lr_0 = 2.0339e-04
Loss = 2.1393e-01, PNorm = 35.7922, GNorm = 2.4161, lr_0 = 2.0274e-04
Validation r2 = 0.222702
Epoch 33
Loss = 3.0016e-01, PNorm = 35.8052, GNorm = 1.3826, lr_0 = 1.9636e-04
Validation r2 = 0.145023
Epoch 34
Loss = 4.2735e-01, PNorm = 35.8144, GNorm = 1.5839, lr_0 = 1.8957e-04
Loss = 2.9650e-01, PNorm = 35.8230, GNorm = 1.9084, lr_0 = 1.8361e-04
Loss = 8.4458e-01, PNorm = 35.8245, GNorm = 10.8964, lr_0 = 1.8302e-04
Validation r2 = 0.256034
Epoch 35
Loss = 3.1707e-01, PNorm = 35.8403, GNorm = 2.3324, lr_0 = 1.7726e-04
Validation r2 = 0.219653
Epoch 36
Loss = 3.0254e-01, PNorm = 35.8489, GNorm = 2.9340, lr_0 = 1.7113e-04
Loss = 3.0851e-01, PNorm = 35.8561, GNorm = 1.5490, lr_0 = 1.6575e-04
Loss = 2.1722e-01, PNorm = 35.8566, GNorm = 3.2349, lr_0 = 1.6522e-04
Validation r2 = 0.217797
Epoch 37
Loss = 3.1017e-01, PNorm = 35.8625, GNorm = 1.2299, lr_0 = 1.6002e-04
Validation r2 = 0.215690
Epoch 38
Loss = 3.1555e-01, PNorm = 35.8703, GNorm = 2.5569, lr_0 = 1.5498e-04
Loss = 2.9356e-01, PNorm = 35.8784, GNorm = 1.0633, lr_0 = 1.5010e-04
Validation r2 = 0.212290
Epoch 39
Loss = 2.8965e-01, PNorm = 35.8867, GNorm = 2.7526, lr_0 = 1.4491e-04
Validation r2 = 0.234997
Epoch 40
Loss = 3.1769e-01, PNorm = 35.8934, GNorm = 2.0299, lr_0 = 1.3991e-04
Loss = 2.9458e-01, PNorm = 35.9005, GNorm = 5.4842, lr_0 = 1.3550e-04
Validation r2 = 0.227800
Epoch 41
Loss = 3.0385e-01, PNorm = 35.9080, GNorm = 2.0950, lr_0 = 1.3082e-04
Validation r2 = 0.233660
Epoch 42
Loss = 2.9684e-01, PNorm = 35.9163, GNorm = 1.3687, lr_0 = 1.2630e-04
Loss = 2.8547e-01, PNorm = 35.9230, GNorm = 1.3033, lr_0 = 1.2232e-04
Validation r2 = 0.208910
Epoch 43
Loss = 3.0565e-01, PNorm = 35.9297, GNorm = 1.0615, lr_0 = 1.1809e-04
Validation r2 = 0.213870
Epoch 44
Loss = 2.3193e-01, PNorm = 35.9357, GNorm = 2.8028, lr_0 = 1.1438e-04
Loss = 3.0892e-01, PNorm = 35.9411, GNorm = 1.3524, lr_0 = 1.1078e-04
Validation r2 = 0.195964
Epoch 45
Loss = 2.7889e-01, PNorm = 35.9463, GNorm = 1.1698, lr_0 = 1.0695e-04
Validation r2 = 0.232589
Epoch 46
Loss = 2.7592e-01, PNorm = 35.9527, GNorm = 1.3625, lr_0 = 1.0325e-04
Loss = 2.9036e-01, PNorm = 35.9578, GNorm = 4.1987, lr_0 = 1.0000e-04
Validation r2 = 0.225341
Epoch 47
Loss = 3.2177e-01, PNorm = 35.9637, GNorm = 1.3891, lr_0 = 1.0000e-04
Validation r2 = 0.226605
Epoch 48
Loss = 3.5518e-01, PNorm = 35.9687, GNorm = 1.5673, lr_0 = 1.0000e-04
Loss = 2.7222e-01, PNorm = 35.9736, GNorm = 1.6936, lr_0 = 1.0000e-04
Validation r2 = 0.233288
Epoch 49
Loss = 2.6753e-01, PNorm = 35.9783, GNorm = 1.6986, lr_0 = 1.0000e-04
Validation r2 = 0.215375
Model 0 best validation r2 = 0.256034 on epoch 34
Loading pretrained parameter "encoder.encoder.0.cached_zero_vector".
Loading pretrained parameter "encoder.encoder.0.W_i.weight".
Loading pretrained parameter "encoder.encoder.0.W_h.weight".
Loading pretrained parameter "encoder.encoder.0.W_o.weight".
Loading pretrained parameter "encoder.encoder.0.W_o.bias".
Loading pretrained parameter "ffn.1.weight".
Loading pretrained parameter "ffn.1.bias".
Loading pretrained parameter "ffn.4.weight".
Loading pretrained parameter "ffn.4.bias".
Model 0 test r2 = 0.625655
Ensemble test r2 = 0.625655
Fold 3
Splitting data with seed 3
Total size = 948 | train size = 758 | val size = 95 | test size = 95
Fitting scaler
Building model 0
MoleculeModel(
  (encoder): MPN(
    (encoder): ModuleList(
      (0): MPNEncoder(
        (dropout_layer): Dropout(p=0.1, inplace=False)
        (act_func): ReLU()
        (W_i): Linear(in_features=147, out_features=300, bias=False)
        (W_h): Linear(in_features=300, out_features=300, bias=False)
        (W_o): Linear(in_features=433, out_features=300, bias=True)
      )
    )
  )
  (ffn): Sequential(
    (0): Dropout(p=0.1, inplace=False)
    (1): Linear(in_features=300, out_features=300, bias=True)
    (2): ReLU()
    (3): Dropout(p=0.1, inplace=False)
    (4): Linear(in_features=300, out_features=1, bias=True)
  )
)
Number of parameters = 355,201
Epoch 0
Loss = 1.0419e+00, PNorm = 34.0114, GNorm = 3.2883, lr_0 = 4.3000e-04
Validation r2 = 0.039322
Epoch 1
Loss = 1.0678e+00, PNorm = 34.0202, GNorm = 3.3273, lr_0 = 7.6000e-04
Loss = 9.4748e-01, PNorm = 34.0456, GNorm = 2.3244, lr_0 = 9.9362e-04
Loss = 8.2781e-01, PNorm = 34.0489, GNorm = 4.0658, lr_0 = 9.9045e-04
Validation r2 = -0.023261
Epoch 2
Loss = 1.0325e+00, PNorm = 34.0816, GNorm = 1.2206, lr_0 = 9.5928e-04
Validation r2 = -0.017604
Epoch 3
Loss = 9.0262e-01, PNorm = 34.1212, GNorm = 2.2833, lr_0 = 9.2612e-04
Loss = 9.6432e-01, PNorm = 34.1602, GNorm = 2.4300, lr_0 = 8.9697e-04
Loss = 1.3284e+00, PNorm = 34.1635, GNorm = 5.7510, lr_0 = 8.9411e-04
Validation r2 = 0.059049
Epoch 4
Loss = 9.6628e-01, PNorm = 34.2142, GNorm = 1.6424, lr_0 = 8.6596e-04
Validation r2 = 0.037394
Epoch 5
Loss = 9.6908e-01, PNorm = 34.2656, GNorm = 2.3225, lr_0 = 8.3603e-04
Loss = 8.7279e-01, PNorm = 34.3192, GNorm = 1.7976, lr_0 = 8.0972e-04
Loss = 1.0794e+00, PNorm = 34.3249, GNorm = 4.4580, lr_0 = 8.0713e-04
Validation r2 = 0.128777
Epoch 6
Loss = 8.0603e-01, PNorm = 34.3919, GNorm = 1.5012, lr_0 = 7.8173e-04
Validation r2 = 0.173149
Epoch 7
Loss = 7.2636e-01, PNorm = 34.4677, GNorm = 3.2708, lr_0 = 7.5712e-04
Loss = 7.7047e-01, PNorm = 34.5499, GNorm = 0.8255, lr_0 = 7.3329e-04
Validation r2 = 0.195343
Epoch 8
Loss = 6.8795e-01, PNorm = 34.6414, GNorm = 3.4760, lr_0 = 7.0795e-04
Validation r2 = 0.300456
Epoch 9
Loss = 5.9620e-01, PNorm = 34.7238, GNorm = 1.4793, lr_0 = 6.8347e-04
Loss = 6.5580e-01, PNorm = 34.7838, GNorm = 1.6082, lr_0 = 6.6196e-04
Validation r2 = 0.196373
Epoch 10
Loss = 6.2455e-01, PNorm = 34.8381, GNorm = 1.8272, lr_0 = 6.3908e-04
Validation r2 = 0.378040
Epoch 11
Loss = 5.3683e-01, PNorm = 34.8957, GNorm = 1.2701, lr_0 = 6.1699e-04
Loss = 5.4551e-01, PNorm = 34.9410, GNorm = 7.2743, lr_0 = 5.9757e-04
Validation r2 = 0.396693
Epoch 12
Loss = 4.9435e-01, PNorm = 34.9832, GNorm = 1.5173, lr_0 = 5.7691e-04
Validation r2 = 0.318724
Epoch 13
Loss = 5.6153e-01, PNorm = 35.0166, GNorm = 1.3070, lr_0 = 5.5876e-04
Loss = 5.5951e-01, PNorm = 35.0549, GNorm = 1.0803, lr_0 = 5.4117e-04
Validation r2 = 0.401304
Epoch 14
Loss = 4.9315e-01, PNorm = 35.0966, GNorm = 1.6908, lr_0 = 5.2246e-04
Validation r2 = 0.459415
Epoch 15
Loss = 4.9836e-01, PNorm = 35.1341, GNorm = 0.9201, lr_0 = 5.0440e-04
Loss = 4.5821e-01, PNorm = 35.1627, GNorm = 2.2747, lr_0 = 4.8853e-04
Validation r2 = 0.457609
Epoch 16
Loss = 5.0142e-01, PNorm = 35.1959, GNorm = 5.8665, lr_0 = 4.7164e-04
Validation r2 = 0.490068
Epoch 17
Loss = 4.9284e-01, PNorm = 35.2337, GNorm = 3.9986, lr_0 = 4.5534e-04
Loss = 3.9595e-01, PNorm = 35.2631, GNorm = 2.0263, lr_0 = 4.4101e-04
Validation r2 = 0.476698
Epoch 18
Loss = 4.1661e-01, PNorm = 35.2868, GNorm = 0.9186, lr_0 = 4.2576e-04
Validation r2 = 0.497284
Epoch 19
Loss = 3.4325e-01, PNorm = 35.3118, GNorm = 1.6025, lr_0 = 4.1236e-04
Loss = 4.3708e-01, PNorm = 35.3387, GNorm = 1.6886, lr_0 = 3.9938e-04
Validation r2 = 0.502849
Epoch 20
Loss = 3.6177e-01, PNorm = 35.3647, GNorm = 0.9866, lr_0 = 3.8558e-04
Validation r2 = 0.468622
Epoch 21
Loss = 4.8254e-01, PNorm = 35.3904, GNorm = 2.8599, lr_0 = 3.7225e-04
Loss = 3.9427e-01, PNorm = 35.4131, GNorm = 2.7772, lr_0 = 3.6053e-04
Validation r2 = 0.511909
Epoch 22
Loss = 4.0301e-01, PNorm = 35.4377, GNorm = 4.1013, lr_0 = 3.4807e-04
Validation r2 = 0.519366
Epoch 23
Loss = 3.5149e-01, PNorm = 35.4602, GNorm = 2.0999, lr_0 = 3.3604e-04
Loss = 3.7573e-01, PNorm = 35.4818, GNorm = 1.3776, lr_0 = 3.2546e-04
Validation r2 = 0.544114
Epoch 24
Loss = 3.3482e-01, PNorm = 35.5016, GNorm = 2.1051, lr_0 = 3.1421e-04
Validation r2 = 0.535233
Epoch 25
Loss = 2.4410e-01, PNorm = 35.5211, GNorm = 2.4687, lr_0 = 3.0432e-04
Loss = 3.7456e-01, PNorm = 35.5392, GNorm = 1.7215, lr_0 = 2.9474e-04
Validation r2 = 0.536503
Epoch 26
Loss = 4.0026e-01, PNorm = 35.5585, GNorm = 2.2466, lr_0 = 2.8456e-04
Validation r2 = 0.541632
Epoch 27
Loss = 4.0759e-01, PNorm = 35.5798, GNorm = 2.1265, lr_0 = 2.7472e-04
Loss = 3.4125e-01, PNorm = 35.5956, GNorm = 1.0874, lr_0 = 2.6607e-04
Validation r2 = 0.546292
Epoch 28
Loss = 3.7195e-01, PNorm = 35.6100, GNorm = 1.1756, lr_0 = 2.5688e-04
Validation r2 = 0.557914
Epoch 29
Loss = 2.7995e-01, PNorm = 35.6268, GNorm = 1.9271, lr_0 = 2.4800e-04
Loss = 3.6604e-01, PNorm = 35.6399, GNorm = 1.7020, lr_0 = 2.4019e-04
Validation r2 = 0.552689
Epoch 30
Loss = 3.1709e-01, PNorm = 35.6539, GNorm = 1.8789, lr_0 = 2.3189e-04
Validation r2 = 0.553450
Epoch 31
Loss = 3.3491e-01, PNorm = 35.6654, GNorm = 2.6931, lr_0 = 2.2387e-04
Loss = 3.3875e-01, PNorm = 35.6793, GNorm = 2.4860, lr_0 = 2.1683e-04
Validation r2 = 0.562774
Epoch 32
Loss = 3.6573e-01, PNorm = 35.6928, GNorm = 1.0545, lr_0 = 2.1000e-04
Loss = 3.1298e-01, PNorm = 35.7060, GNorm = 2.0159, lr_0 = 2.0339e-04
Loss = 2.2729e-01, PNorm = 35.7071, GNorm = 3.4998, lr_0 = 2.0274e-04
Validation r2 = 0.544150
Epoch 33
Loss = 3.4750e-01, PNorm = 35.7175, GNorm = 1.3530, lr_0 = 1.9636e-04
Validation r2 = 0.530662
Epoch 34
Loss = 3.9515e-01, PNorm = 35.7293, GNorm = 0.8330, lr_0 = 1.8957e-04
Loss = 3.3133e-01, PNorm = 35.7391, GNorm = 2.3323, lr_0 = 1.8361e-04
Loss = 2.5548e-01, PNorm = 35.7405, GNorm = 3.5446, lr_0 = 1.8302e-04
Validation r2 = 0.568022
Epoch 35
Loss = 3.3091e-01, PNorm = 35.7517, GNorm = 1.7759, lr_0 = 1.7726e-04
Validation r2 = 0.561028
Epoch 36
Loss = 3.1167e-01, PNorm = 35.7620, GNorm = 1.4153, lr_0 = 1.7113e-04
Loss = 3.0422e-01, PNorm = 35.7724, GNorm = 1.0299, lr_0 = 1.6575e-04
Loss = 1.6178e-01, PNorm = 35.7731, GNorm = 3.2439, lr_0 = 1.6522e-04
Validation r2 = 0.562366
Epoch 37
Loss = 3.0772e-01, PNorm = 35.7821, GNorm = 1.6071, lr_0 = 1.6002e-04
Validation r2 = 0.562772
Epoch 38
Loss = 3.1780e-01, PNorm = 35.7898, GNorm = 1.6400, lr_0 = 1.5498e-04
Loss = 3.1933e-01, PNorm = 35.7987, GNorm = 1.0530, lr_0 = 1.5010e-04
Validation r2 = 0.572676
Epoch 39
Loss = 2.8669e-01, PNorm = 35.8093, GNorm = 1.0002, lr_0 = 1.4491e-04
Validation r2 = 0.553164
Epoch 40
Loss = 3.5590e-01, PNorm = 35.8163, GNorm = 2.9779, lr_0 = 1.3991e-04
Loss = 2.9371e-01, PNorm = 35.8227, GNorm = 1.2570, lr_0 = 1.3550e-04
Validation r2 = 0.575743
Epoch 41
Loss = 3.2936e-01, PNorm = 35.8324, GNorm = 1.9363, lr_0 = 1.3082e-04
Validation r2 = 0.572858
Epoch 42
Loss = 3.2321e-01, PNorm = 35.8412, GNorm = 2.2439, lr_0 = 1.2630e-04
Loss = 2.8572e-01, PNorm = 35.8473, GNorm = 1.7272, lr_0 = 1.2232e-04
Validation r2 = 0.562948
Epoch 43
Loss = 2.9023e-01, PNorm = 35.8558, GNorm = 1.3943, lr_0 = 1.1809e-04
Validation r2 = 0.565256
Epoch 44
Loss = 2.8706e-01, PNorm = 35.8629, GNorm = 2.3219, lr_0 = 1.1438e-04
Loss = 3.1233e-01, PNorm = 35.8689, GNorm = 1.6720, lr_0 = 1.1078e-04
Validation r2 = 0.568907
Epoch 45
Loss = 2.8823e-01, PNorm = 35.8743, GNorm = 1.2553, lr_0 = 1.0695e-04
Validation r2 = 0.562631
Epoch 46
Loss = 2.8382e-01, PNorm = 35.8811, GNorm = 2.1566, lr_0 = 1.0325e-04
Loss = 2.9286e-01, PNorm = 35.8880, GNorm = 0.8018, lr_0 = 1.0000e-04
Validation r2 = 0.573570
Epoch 47
Loss = 3.0600e-01, PNorm = 35.8935, GNorm = 2.2033, lr_0 = 1.0000e-04
Validation r2 = 0.574642
Epoch 48
Loss = 3.3318e-01, PNorm = 35.8989, GNorm = 4.2039, lr_0 = 1.0000e-04
Loss = 2.9788e-01, PNorm = 35.9041, GNorm = 2.1215, lr_0 = 1.0000e-04
Validation r2 = 0.562073
Epoch 49
Loss = 2.8304e-01, PNorm = 35.9101, GNorm = 0.9605, lr_0 = 1.0000e-04
Validation r2 = 0.585062
Model 0 best validation r2 = 0.585062 on epoch 49
Loading pretrained parameter "encoder.encoder.0.cached_zero_vector".
Loading pretrained parameter "encoder.encoder.0.W_i.weight".
Loading pretrained parameter "encoder.encoder.0.W_h.weight".
Loading pretrained parameter "encoder.encoder.0.W_o.weight".
Loading pretrained parameter "encoder.encoder.0.W_o.bias".
Loading pretrained parameter "ffn.1.weight".
Loading pretrained parameter "ffn.1.bias".
Loading pretrained parameter "ffn.4.weight".
Loading pretrained parameter "ffn.4.bias".
Model 0 test r2 = 0.518473
Ensemble test r2 = 0.518473
Fold 4
Splitting data with seed 4
Total size = 948 | train size = 758 | val size = 95 | test size = 95
Fitting scaler
Building model 0
MoleculeModel(
  (encoder): MPN(
    (encoder): ModuleList(
      (0): MPNEncoder(
        (dropout_layer): Dropout(p=0.1, inplace=False)
        (act_func): ReLU()
        (W_i): Linear(in_features=147, out_features=300, bias=False)
        (W_h): Linear(in_features=300, out_features=300, bias=False)
        (W_o): Linear(in_features=433, out_features=300, bias=True)
      )
    )
  )
  (ffn): Sequential(
    (0): Dropout(p=0.1, inplace=False)
    (1): Linear(in_features=300, out_features=300, bias=True)
    (2): ReLU()
    (3): Dropout(p=0.1, inplace=False)
    (4): Linear(in_features=300, out_features=1, bias=True)
  )
)
Number of parameters = 355,201
Epoch 0
Loss = 1.0944e+00, PNorm = 34.0102, GNorm = 1.6024, lr_0 = 4.3000e-04
Validation r2 = -0.016782
Epoch 1
Loss = 9.2594e-01, PNorm = 34.0180, GNorm = 3.0984, lr_0 = 7.6000e-04
Loss = 1.0247e+00, PNorm = 34.0373, GNorm = 1.1959, lr_0 = 9.9362e-04
Loss = 9.8679e-01, PNorm = 34.0402, GNorm = 3.1928, lr_0 = 9.9045e-04
Validation r2 = 0.019175
Epoch 2
Loss = 9.8085e-01, PNorm = 34.0710, GNorm = 1.6453, lr_0 = 9.5928e-04
Validation r2 = 0.028060
Epoch 3
Loss = 9.5546e-01, PNorm = 34.1006, GNorm = 0.8396, lr_0 = 9.2612e-04
Loss = 9.5551e-01, PNorm = 34.1321, GNorm = 1.2682, lr_0 = 8.9697e-04
Loss = 8.9802e-01, PNorm = 34.1359, GNorm = 4.1159, lr_0 = 8.9411e-04
Validation r2 = 0.015013
Epoch 4
Loss = 9.2825e-01, PNorm = 34.1758, GNorm = 0.6480, lr_0 = 8.6596e-04
Validation r2 = 0.060143
Epoch 5
Loss = 7.4795e-01, PNorm = 34.2351, GNorm = 2.8817, lr_0 = 8.3603e-04
Loss = 9.5216e-01, PNorm = 34.2932, GNorm = 4.3991, lr_0 = 8.0972e-04
Loss = 3.3235e-01, PNorm = 34.2985, GNorm = 1.0892, lr_0 = 8.0713e-04
Validation r2 = 0.102499
Epoch 6
Loss = 8.7644e-01, PNorm = 34.3533, GNorm = 1.1744, lr_0 = 7.8173e-04
Validation r2 = 0.111415
Epoch 7
Loss = 8.2155e-01, PNorm = 34.4208, GNorm = 1.4414, lr_0 = 7.5712e-04
Loss = 7.4421e-01, PNorm = 34.4888, GNorm = 0.7154, lr_0 = 7.3329e-04
Validation r2 = 0.201513
Epoch 8
Loss = 7.1822e-01, PNorm = 34.5844, GNorm = 1.2824, lr_0 = 7.0795e-04
Validation r2 = 0.266514
Epoch 9
Loss = 6.6403e-01, PNorm = 34.6678, GNorm = 1.4089, lr_0 = 6.8347e-04
Loss = 6.7217e-01, PNorm = 34.7219, GNorm = 2.8122, lr_0 = 6.6196e-04
Validation r2 = 0.289531
Epoch 10
Loss = 6.4243e-01, PNorm = 34.7837, GNorm = 2.8688, lr_0 = 6.3908e-04
Validation r2 = 0.334972
Epoch 11
Loss = 6.6894e-01, PNorm = 34.8405, GNorm = 2.4366, lr_0 = 6.1699e-04
Loss = 6.1101e-01, PNorm = 34.8797, GNorm = 3.1099, lr_0 = 5.9757e-04
Validation r2 = 0.399868
Epoch 12
Loss = 5.4533e-01, PNorm = 34.9301, GNorm = 4.0239, lr_0 = 5.7691e-04
Validation r2 = 0.430155
Epoch 13
Loss = 6.4449e-01, PNorm = 34.9712, GNorm = 1.7179, lr_0 = 5.5876e-04
Loss = 4.9356e-01, PNorm = 35.0083, GNorm = 2.1351, lr_0 = 5.4117e-04
Validation r2 = 0.470636
Epoch 14
Loss = 5.0146e-01, PNorm = 35.0562, GNorm = 2.2368, lr_0 = 5.2246e-04
Validation r2 = 0.482572
Epoch 15
Loss = 5.7599e-01, PNorm = 35.0932, GNorm = 5.4109, lr_0 = 5.0440e-04
Loss = 4.9322e-01, PNorm = 35.1270, GNorm = 3.6331, lr_0 = 4.8853e-04
Validation r2 = 0.463131
Epoch 16
Loss = 4.7282e-01, PNorm = 35.1720, GNorm = 3.5080, lr_0 = 4.7164e-04
Validation r2 = 0.476469
Epoch 17
Loss = 5.0259e-01, PNorm = 35.2025, GNorm = 1.6661, lr_0 = 4.5534e-04
Loss = 4.7053e-01, PNorm = 35.2278, GNorm = 2.4470, lr_0 = 4.4101e-04
Validation r2 = 0.543256
Epoch 18
Loss = 4.6175e-01, PNorm = 35.2587, GNorm = 2.4586, lr_0 = 4.2576e-04
Validation r2 = 0.570587
Epoch 19
Loss = 3.8134e-01, PNorm = 35.2862, GNorm = 2.7106, lr_0 = 4.1236e-04
Loss = 4.2422e-01, PNorm = 35.3129, GNorm = 6.9749, lr_0 = 3.9938e-04
Validation r2 = 0.583716
Epoch 20
Loss = 4.0533e-01, PNorm = 35.3408, GNorm = 1.7539, lr_0 = 3.8558e-04
Validation r2 = 0.604341
Epoch 21
Loss = 3.3294e-01, PNorm = 35.3707, GNorm = 2.2593, lr_0 = 3.7225e-04
Loss = 4.2276e-01, PNorm = 35.3900, GNorm = 1.6111, lr_0 = 3.6053e-04
Validation r2 = 0.566483
Epoch 22
Loss = 4.3305e-01, PNorm = 35.4148, GNorm = 5.9149, lr_0 = 3.4807e-04
Validation r2 = 0.593411
Epoch 23
Loss = 4.6566e-01, PNorm = 35.4380, GNorm = 3.0082, lr_0 = 3.3604e-04
Loss = 3.9571e-01, PNorm = 35.4555, GNorm = 4.5415, lr_0 = 3.2546e-04
Validation r2 = 0.540235
Epoch 24
Loss = 4.8862e-01, PNorm = 35.4796, GNorm = 5.2169, lr_0 = 3.1421e-04
Validation r2 = 0.625906
Epoch 25
Loss = 3.9499e-01, PNorm = 35.5004, GNorm = 1.1661, lr_0 = 3.0432e-04
Loss = 3.6776e-01, PNorm = 35.5194, GNorm = 3.9835, lr_0 = 2.9474e-04
Validation r2 = 0.603470
Epoch 26
Loss = 3.1282e-01, PNorm = 35.5392, GNorm = 1.9727, lr_0 = 2.8456e-04
Validation r2 = 0.625588
Epoch 27
Loss = 6.1798e-01, PNorm = 35.5575, GNorm = 1.9121, lr_0 = 2.7472e-04
Loss = 3.6597e-01, PNorm = 35.5731, GNorm = 3.6139, lr_0 = 2.6607e-04
Validation r2 = 0.615835
Epoch 28
Loss = 3.9466e-01, PNorm = 35.5935, GNorm = 1.1790, lr_0 = 2.5688e-04
Validation r2 = 0.643669
Epoch 29
Loss = 1.9027e-01, PNorm = 35.6081, GNorm = 1.1691, lr_0 = 2.4800e-04
Loss = 3.7513e-01, PNorm = 35.6203, GNorm = 5.1680, lr_0 = 2.4019e-04
Validation r2 = 0.644172
Epoch 30
Loss = 4.0030e-01, PNorm = 35.6370, GNorm = 3.1885, lr_0 = 2.3189e-04
Validation r2 = 0.655023
Epoch 31
Loss = 3.3169e-01, PNorm = 35.6505, GNorm = 1.4241, lr_0 = 2.2387e-04
Loss = 3.4479e-01, PNorm = 35.6617, GNorm = 1.3097, lr_0 = 2.1683e-04
Validation r2 = 0.651102
Epoch 32
Loss = 3.7414e-01, PNorm = 35.6780, GNorm = 1.9392, lr_0 = 2.1000e-04
Loss = 3.3866e-01, PNorm = 35.6916, GNorm = 3.6012, lr_0 = 2.0339e-04
Loss = 2.2615e-01, PNorm = 35.6926, GNorm = 2.3419, lr_0 = 2.0274e-04
Validation r2 = 0.663096
Epoch 33
Loss = 3.1821e-01, PNorm = 35.7017, GNorm = 2.3776, lr_0 = 1.9636e-04
Validation r2 = 0.660912
Epoch 34
Loss = 3.2037e-01, PNorm = 35.7154, GNorm = 3.1799, lr_0 = 1.8957e-04
Loss = 3.4950e-01, PNorm = 35.7250, GNorm = 2.1242, lr_0 = 1.8361e-04
Loss = 1.7186e-01, PNorm = 35.7261, GNorm = 1.7388, lr_0 = 1.8302e-04
Validation r2 = 0.660760
Epoch 35
Loss = 3.2107e-01, PNorm = 35.7357, GNorm = 1.0587, lr_0 = 1.7726e-04
Validation r2 = 0.674101
Epoch 36
Loss = 3.4603e-01, PNorm = 35.7498, GNorm = 1.5686, lr_0 = 1.7113e-04
Loss = 3.3432e-01, PNorm = 35.7595, GNorm = 1.7180, lr_0 = 1.6575e-04
Loss = 1.8359e-01, PNorm = 35.7603, GNorm = 3.6859, lr_0 = 1.6522e-04
Validation r2 = 0.662221
Epoch 37
Loss = 3.2917e-01, PNorm = 35.7696, GNorm = 1.6850, lr_0 = 1.6002e-04
Validation r2 = 0.664494
Epoch 38
Loss = 2.9191e-01, PNorm = 35.7788, GNorm = 1.7761, lr_0 = 1.5498e-04
Loss = 3.2640e-01, PNorm = 35.7875, GNorm = 1.1581, lr_0 = 1.5010e-04
Validation r2 = 0.658223
Epoch 39
Loss = 3.1366e-01, PNorm = 35.7964, GNorm = 1.2797, lr_0 = 1.4491e-04
Validation r2 = 0.667247
Epoch 40
Loss = 3.3109e-01, PNorm = 35.8065, GNorm = 2.1852, lr_0 = 1.3991e-04
Loss = 3.2555e-01, PNorm = 35.8161, GNorm = 2.2845, lr_0 = 1.3550e-04
Validation r2 = 0.677919
Epoch 41
Loss = 3.1460e-01, PNorm = 35.8240, GNorm = 1.9706, lr_0 = 1.3082e-04
Validation r2 = 0.656513
Epoch 42
Loss = 3.5081e-01, PNorm = 35.8319, GNorm = 2.1511, lr_0 = 1.2630e-04
Loss = 3.1497e-01, PNorm = 35.8395, GNorm = 2.2375, lr_0 = 1.2232e-04
Validation r2 = 0.643194
Epoch 43
Loss = 3.2163e-01, PNorm = 35.8463, GNorm = 3.6530, lr_0 = 1.1809e-04
Validation r2 = 0.680739
Epoch 44
Loss = 2.8013e-01, PNorm = 35.8532, GNorm = 0.8397, lr_0 = 1.1438e-04
Loss = 3.1987e-01, PNorm = 35.8597, GNorm = 1.4506, lr_0 = 1.1078e-04
Validation r2 = 0.680141
Epoch 45
Loss = 2.9877e-01, PNorm = 35.8678, GNorm = 2.5892, lr_0 = 1.0695e-04
Validation r2 = 0.691205
Epoch 46
Loss = 2.8535e-01, PNorm = 35.8728, GNorm = 2.9399, lr_0 = 1.0325e-04
Loss = 3.3052e-01, PNorm = 35.8774, GNorm = 1.8858, lr_0 = 1.0000e-04
Validation r2 = 0.691750
Epoch 47
Loss = 3.1655e-01, PNorm = 35.8832, GNorm = 1.2164, lr_0 = 1.0000e-04
Validation r2 = 0.694625
Epoch 48
Loss = 3.5930e-01, PNorm = 35.8890, GNorm = 3.0113, lr_0 = 1.0000e-04
Loss = 3.0150e-01, PNorm = 35.8938, GNorm = 4.4008, lr_0 = 1.0000e-04
Validation r2 = 0.685431
Epoch 49
Loss = 3.2774e-01, PNorm = 35.8996, GNorm = 1.4531, lr_0 = 1.0000e-04
Validation r2 = 0.683512
Model 0 best validation r2 = 0.694625 on epoch 47
Loading pretrained parameter "encoder.encoder.0.cached_zero_vector".
Loading pretrained parameter "encoder.encoder.0.W_i.weight".
Loading pretrained parameter "encoder.encoder.0.W_h.weight".
Loading pretrained parameter "encoder.encoder.0.W_o.weight".
Loading pretrained parameter "encoder.encoder.0.W_o.bias".
Loading pretrained parameter "ffn.1.weight".
Loading pretrained parameter "ffn.1.bias".
Loading pretrained parameter "ffn.4.weight".
Loading pretrained parameter "ffn.4.bias".
Model 0 test r2 = 0.496268
Ensemble test r2 = 0.496268
5-fold cross validation
	Seed 0 ==> test r2 = 0.443595
	Seed 1 ==> test r2 = 0.461807
	Seed 2 ==> test r2 = 0.625655
	Seed 3 ==> test r2 = 0.518473
	Seed 4 ==> test r2 = 0.496268
Overall test r2 = 0.509159 +/- 0.063820
Elapsed time = 0:10:35
